adapt_parameters,adaptation,alpha,batch_size,best_source_val_r2,checkpoint,context,context_policy,data_root,depth,device,dropout,elapsed_seconds,eval_batch_size,family,feature,formal,kind,layers,lr,max_val_endpoints,mode,model,n_fit,n_query,n_query_bins,n_support_bins,official_evaluation,output,params,prefix_val_r2,protocol,query_start_trials,r2,r2_per_dimension,r2_uniform_average,r2_variance_weighted,run_dir,scope,score_scope,seed,session,source_artifact,source_csv,state_size,steps,support_query_overlap,support_trials,surface,task,val_interval,warmstart,weight_decay,width
,ridge,,,,,,,,,,,,,sampling_audit,,,,,,,,osc,,,,,,,,,"same model, separately scored old tail and all-valid query trials",,,,,0.4623876214027405,,,legacy_tail,,,SSM/results/debug_audit/debug_audit.json,,,,,,,m1,,,,
,ridge,,,,,,,,,,,,,sampling_audit,,,,,,,,osc,,,,,,,,,"same model, separately scored old tail and all-valid query trials",,,,,0.5172473192214966,,,all_valid_trial,,,SSM/results/debug_audit/debug_audit.json,,,,,,,m1,,,,
,ridge,,,,,,,,,,,,,sampling_audit,,,,,,,,gru,,,,,,,,,"same model, separately scored old tail and all-valid query trials",,,,,0.44226694107055664,,,legacy_tail,,,SSM/results/debug_audit/debug_audit.json,,,,,,,m1,,,,
,ridge,,,,,,,,,,,,,sampling_audit,,,,,,,,gru,,,,,,,,,"same model, separately scored old tail and all-valid query trials",,,,,0.5136334896087646,,,all_valid_trial,,,SSM/results/debug_audit/debug_audit.json,,,,,,,m1,,,,
,ridge,,,,,,,,,,,,,sampling_audit,,,,,,,,osc,,,,,,,,,"same model, separately scored old tail and all-valid query trials",,,,,-0.8697524070739746,,,legacy_tail,,,SSM/results/debug_audit/debug_audit.json,,,,,,,m2,,,,
,ridge,,,,,,,,,,,,,sampling_audit,,,,,,,,osc,,,,,,,,,"same model, separately scored old tail and all-valid query trials",,,,,0.18794524669647217,,,all_valid_trial,,,SSM/results/debug_audit/debug_audit.json,,,,,,,m2,,,,
,ridge,,,,,,,,,,,,,sampling_audit,,,,,,,,gru,,,,,,,,,"same model, separately scored old tail and all-valid query trials",,,,,-0.15247058868408203,,,legacy_tail,,,SSM/results/debug_audit/debug_audit.json,,,,,,,m2,,,,
,ridge,,,,,,,,,,,,,sampling_audit,,,,,,,,gru,,,,,,,,,"same model, separately scored old tail and all-valid query trials",,,,,0.13090890645980835,,,all_valid_trial,,,SSM/results/debug_audit/debug_audit.json,,,,,,,m2,,,,
all,zero,,32,0.7788652181625366,,128,trial_causal_fixed_window,/mnt/data/work_host/SPINT/SPINT-main/data,4,cuda:0,0.1,,256,modern_debug,,True,mamba2_official,4,0.001,1024,cross_session,mamba2_official,,,31971,,,results/debug_round2/official_m2/m1/cross_session_mamba2_official_w256_l4_n32_ctx128_seed0,2737264,,cross-session source-only pretraining and source-only validation,,,,,0.3886287808418274,SSM/results/debug_round2/official_m2/m1/cross_session_mamba2_official_w256_l4_n32_ctx128_seed0,,legacy_tail,0,,SSM/results/debug_round2/official_m2/m1/cross_session_mamba2_official_w256_l4_n32_ctx128_seed0/metrics.json,,32,2000,,,,m1,200,,0.0001,256
all,zero,,32,0.7788652181625366,,128,trial_causal_fixed_window,/mnt/data/work_host/SPINT/SPINT-main/data,4,cuda:0,0.1,,256,modern_debug,,True,mamba2_official,4,0.001,1024,cross_session,mamba2_official,,,50591,,,results/debug_round2/official_m2/m1/cross_session_mamba2_official_w256_l4_n32_ctx128_seed0,2737264,,cross-session source-only pretraining and source-only validation,,,,,0.44494712352752686,SSM/results/debug_round2/official_m2/m1/cross_session_mamba2_official_w256_l4_n32_ctx128_seed0,,all_valid_trial,0,,SSM/results/debug_round2/official_m2/m1/cross_session_mamba2_official_w256_l4_n32_ctx128_seed0/metrics.json,,32,2000,,,,m1,200,,0.0001,256
all,ridge,,32,0.7788652181625366,,128,trial_causal_fixed_window,/mnt/data/work_host/SPINT/SPINT-main/data,4,cuda:0,0.1,,256,modern_debug,,True,mamba2_official,4,0.001,1024,cross_session,mamba2_official,,,31971,,,results/debug_round2/official_m2/m1/cross_session_mamba2_official_w256_l4_n32_ctx128_seed0,2737264,,cross-session source-only pretraining and source-only validation,,,,,0.49098557233810425,SSM/results/debug_round2/official_m2/m1/cross_session_mamba2_official_w256_l4_n32_ctx128_seed0,,legacy_tail,0,,SSM/results/debug_round2/official_m2/m1/cross_session_mamba2_official_w256_l4_n32_ctx128_seed0/metrics.json,,32,2000,,,,m1,200,,0.0001,256
all,ridge,,32,0.7788652181625366,,128,trial_causal_fixed_window,/mnt/data/work_host/SPINT/SPINT-main/data,4,cuda:0,0.1,,256,modern_debug,,True,mamba2_official,4,0.001,1024,cross_session,mamba2_official,,,50591,,,results/debug_round2/official_m2/m1/cross_session_mamba2_official_w256_l4_n32_ctx128_seed0,2737264,,cross-session source-only pretraining and source-only validation,,,,,0.5542316436767578,SSM/results/debug_round2/official_m2/m1/cross_session_mamba2_official_w256_l4_n32_ctx128_seed0,,all_valid_trial,0,,SSM/results/debug_round2/official_m2/m1/cross_session_mamba2_official_w256_l4_n32_ctx128_seed0/metrics.json,,32,2000,,,,m1,200,,0.0001,256
all,zero,,32,0.7723392248153687,,128,trial_causal_fixed_window,/mnt/data/work_host/SPINT/SPINT-main/data,2,cuda:0,0.1,,256,modern_debug,,True,mamba2_official,2,0.001,1024,cross_session,mamba2_official,,,31971,,,results/debug_round2/official_m2/m1/cross_session_mamba2_official_w128_l2_n16_ctx128_seed0,352744,,cross-session source-only pretraining and source-only validation,,,,,0.33223122358322144,SSM/results/debug_round2/official_m2/m1/cross_session_mamba2_official_w128_l2_n16_ctx128_seed0,,legacy_tail,0,,SSM/results/debug_round2/official_m2/m1/cross_session_mamba2_official_w128_l2_n16_ctx128_seed0/metrics.json,,16,2000,,,,m1,200,,0.0001,128
all,zero,,32,0.7723392248153687,,128,trial_causal_fixed_window,/mnt/data/work_host/SPINT/SPINT-main/data,2,cuda:0,0.1,,256,modern_debug,,True,mamba2_official,2,0.001,1024,cross_session,mamba2_official,,,50591,,,results/debug_round2/official_m2/m1/cross_session_mamba2_official_w128_l2_n16_ctx128_seed0,352744,,cross-session source-only pretraining and source-only validation,,,,,0.4197958707809448,SSM/results/debug_round2/official_m2/m1/cross_session_mamba2_official_w128_l2_n16_ctx128_seed0,,all_valid_trial,0,,SSM/results/debug_round2/official_m2/m1/cross_session_mamba2_official_w128_l2_n16_ctx128_seed0/metrics.json,,16,2000,,,,m1,200,,0.0001,128
all,ridge,,32,0.7723392248153687,,128,trial_causal_fixed_window,/mnt/data/work_host/SPINT/SPINT-main/data,2,cuda:0,0.1,,256,modern_debug,,True,mamba2_official,2,0.001,1024,cross_session,mamba2_official,,,31971,,,results/debug_round2/official_m2/m1/cross_session_mamba2_official_w128_l2_n16_ctx128_seed0,352744,,cross-session source-only pretraining and source-only validation,,,,,0.3188058137893677,SSM/results/debug_round2/official_m2/m1/cross_session_mamba2_official_w128_l2_n16_ctx128_seed0,,legacy_tail,0,,SSM/results/debug_round2/official_m2/m1/cross_session_mamba2_official_w128_l2_n16_ctx128_seed0/metrics.json,,16,2000,,,,m1,200,,0.0001,128
all,ridge,,32,0.7723392248153687,,128,trial_causal_fixed_window,/mnt/data/work_host/SPINT/SPINT-main/data,2,cuda:0,0.1,,256,modern_debug,,True,mamba2_official,2,0.001,1024,cross_session,mamba2_official,,,50591,,,results/debug_round2/official_m2/m1/cross_session_mamba2_official_w128_l2_n16_ctx128_seed0,352744,,cross-session source-only pretraining and source-only validation,,,,,0.4139671325683594,SSM/results/debug_round2/official_m2/m1/cross_session_mamba2_official_w128_l2_n16_ctx128_seed0,,all_valid_trial,0,,SSM/results/debug_round2/official_m2/m1/cross_session_mamba2_official_w128_l2_n16_ctx128_seed0/metrics.json,,16,2000,,,,m1,200,,0.0001,128
all,zero,,32,0.4964519143104553,,128,trial_causal_fixed_window,/mnt/data/work_host/SPINT/SPINT-main/data,4,cuda:1,0.1,,256,modern_debug,,True,mamba2_official,4,0.001,1024,cross_session,mamba2_official,,,2747,,,results/debug_round2/official_m2/m2/cross_session_mamba2_official_w256_l4_n32_ctx128_seed0,2741858,,cross-session source-only pretraining and source-only validation,,,,,-0.1551269292831421,SSM/results/debug_round2/official_m2/m2/cross_session_mamba2_official_w256_l4_n32_ctx128_seed0,,legacy_tail,0,,SSM/results/debug_round2/official_m2/m2/cross_session_mamba2_official_w256_l4_n32_ctx128_seed0/metrics.json,,32,2000,,,,m2,200,,0.0001,256
all,zero,,32,0.4964519143104553,,128,trial_causal_fixed_window,/mnt/data/work_host/SPINT/SPINT-main/data,4,cuda:1,0.1,,256,modern_debug,,True,mamba2_official,4,0.001,1024,cross_session,mamba2_official,,,14115,,,results/debug_round2/official_m2/m2/cross_session_mamba2_official_w256_l4_n32_ctx128_seed0,2741858,,cross-session source-only pretraining and source-only validation,,,,,0.2760847210884094,SSM/results/debug_round2/official_m2/m2/cross_session_mamba2_official_w256_l4_n32_ctx128_seed0,,all_valid_trial,0,,SSM/results/debug_round2/official_m2/m2/cross_session_mamba2_official_w256_l4_n32_ctx128_seed0/metrics.json,,32,2000,,,,m2,200,,0.0001,256
all,ridge,,32,0.4964519143104553,,128,trial_causal_fixed_window,/mnt/data/work_host/SPINT/SPINT-main/data,4,cuda:1,0.1,,256,modern_debug,,True,mamba2_official,4,0.001,1024,cross_session,mamba2_official,,,2747,,,results/debug_round2/official_m2/m2/cross_session_mamba2_official_w256_l4_n32_ctx128_seed0,2741858,,cross-session source-only pretraining and source-only validation,,,,,-0.06305193901062012,SSM/results/debug_round2/official_m2/m2/cross_session_mamba2_official_w256_l4_n32_ctx128_seed0,,legacy_tail,0,,SSM/results/debug_round2/official_m2/m2/cross_session_mamba2_official_w256_l4_n32_ctx128_seed0/metrics.json,,32,2000,,,,m2,200,,0.0001,256
all,ridge,,32,0.4964519143104553,,128,trial_causal_fixed_window,/mnt/data/work_host/SPINT/SPINT-main/data,4,cuda:1,0.1,,256,modern_debug,,True,mamba2_official,4,0.001,1024,cross_session,mamba2_official,,,14115,,,results/debug_round2/official_m2/m2/cross_session_mamba2_official_w256_l4_n32_ctx128_seed0,2741858,,cross-session source-only pretraining and source-only validation,,,,,0.2535160183906555,SSM/results/debug_round2/official_m2/m2/cross_session_mamba2_official_w256_l4_n32_ctx128_seed0,,all_valid_trial,0,,SSM/results/debug_round2/official_m2/m2/cross_session_mamba2_official_w256_l4_n32_ctx128_seed0/metrics.json,,32,2000,,,,m2,200,,0.0001,256
all,zero,,32,0.45176541805267334,,128,trial_causal_fixed_window,/mnt/data/work_host/SPINT/SPINT-main/data,2,cuda:1,0.1,,256,modern_debug,,True,mamba2_official,2,0.001,1024,cross_session,mamba2_official,,,2747,,,results/debug_round2/official_m2/m2/cross_session_mamba2_official_w128_l2_n16_ctx128_seed0,355034,,cross-session source-only pretraining and source-only validation,,,,,-0.5306230783462524,SSM/results/debug_round2/official_m2/m2/cross_session_mamba2_official_w128_l2_n16_ctx128_seed0,,legacy_tail,0,,SSM/results/debug_round2/official_m2/m2/cross_session_mamba2_official_w128_l2_n16_ctx128_seed0/metrics.json,,16,2000,,,,m2,200,,0.0001,128
all,zero,,32,0.45176541805267334,,128,trial_causal_fixed_window,/mnt/data/work_host/SPINT/SPINT-main/data,2,cuda:1,0.1,,256,modern_debug,,True,mamba2_official,2,0.001,1024,cross_session,mamba2_official,,,14115,,,results/debug_round2/official_m2/m2/cross_session_mamba2_official_w128_l2_n16_ctx128_seed0,355034,,cross-session source-only pretraining and source-only validation,,,,,-0.032806992530822754,SSM/results/debug_round2/official_m2/m2/cross_session_mamba2_official_w128_l2_n16_ctx128_seed0,,all_valid_trial,0,,SSM/results/debug_round2/official_m2/m2/cross_session_mamba2_official_w128_l2_n16_ctx128_seed0/metrics.json,,16,2000,,,,m2,200,,0.0001,128
all,ridge,,32,0.45176541805267334,,128,trial_causal_fixed_window,/mnt/data/work_host/SPINT/SPINT-main/data,2,cuda:1,0.1,,256,modern_debug,,True,mamba2_official,2,0.001,1024,cross_session,mamba2_official,,,2747,,,results/debug_round2/official_m2/m2/cross_session_mamba2_official_w128_l2_n16_ctx128_seed0,355034,,cross-session source-only pretraining and source-only validation,,,,,-0.3060479164123535,SSM/results/debug_round2/official_m2/m2/cross_session_mamba2_official_w128_l2_n16_ctx128_seed0,,legacy_tail,0,,SSM/results/debug_round2/official_m2/m2/cross_session_mamba2_official_w128_l2_n16_ctx128_seed0/metrics.json,,16,2000,,,,m2,200,,0.0001,128
all,ridge,,32,0.45176541805267334,,128,trial_causal_fixed_window,/mnt/data/work_host/SPINT/SPINT-main/data,2,cuda:1,0.1,,256,modern_debug,,True,mamba2_official,2,0.001,1024,cross_session,mamba2_official,,,14115,,,results/debug_round2/official_m2/m2/cross_session_mamba2_official_w128_l2_n16_ctx128_seed0,355034,,cross-session source-only pretraining and source-only validation,,,,,0.14367234706878662,SSM/results/debug_round2/official_m2/m2/cross_session_mamba2_official_w128_l2_n16_ctx128_seed0,,all_valid_trial,0,,SSM/results/debug_round2/official_m2/m2/cross_session_mamba2_official_w128_l2_n16_ctx128_seed0/metrics.json,,16,2000,,,,m2,200,,0.0001,128
all,zero,,32,0.7733238339424133,,128,trial_causal_fixed_window,/mnt/data/work_host/SPINT/SPINT-main/data,2,cuda:0,0.1,,256,modern_debug,,True,mamba3_official,2,0.001,1024,cross_session,mamba3_official,,,31971,,,results/debug_round2/latest/m1/cross_session_mamba3_official_w128_l2_n16_ctx128_seed0,352736,,cross-session source-only pretraining and source-only validation,,,,,0.29808109998703003,SSM/results/debug_round2/latest/m1/cross_session_mamba3_official_w128_l2_n16_ctx128_seed0,,legacy_tail,0,,SSM/results/debug_round2/latest/m1/cross_session_mamba3_official_w128_l2_n16_ctx128_seed0/metrics.json,,16,2000,,,,m1,200,,0.0001,128
all,zero,,32,0.7733238339424133,,128,trial_causal_fixed_window,/mnt/data/work_host/SPINT/SPINT-main/data,2,cuda:0,0.1,,256,modern_debug,,True,mamba3_official,2,0.001,1024,cross_session,mamba3_official,,,50591,,,results/debug_round2/latest/m1/cross_session_mamba3_official_w128_l2_n16_ctx128_seed0,352736,,cross-session source-only pretraining and source-only validation,,,,,0.3809581398963928,SSM/results/debug_round2/latest/m1/cross_session_mamba3_official_w128_l2_n16_ctx128_seed0,,all_valid_trial,0,,SSM/results/debug_round2/latest/m1/cross_session_mamba3_official_w128_l2_n16_ctx128_seed0/metrics.json,,16,2000,,,,m1,200,,0.0001,128
all,ridge,,32,0.7733238339424133,,128,trial_causal_fixed_window,/mnt/data/work_host/SPINT/SPINT-main/data,2,cuda:0,0.1,,256,modern_debug,,True,mamba3_official,2,0.001,1024,cross_session,mamba3_official,,,31971,,,results/debug_round2/latest/m1/cross_session_mamba3_official_w128_l2_n16_ctx128_seed0,352736,,cross-session source-only pretraining and source-only validation,,,,,0.43113601207733154,SSM/results/debug_round2/latest/m1/cross_session_mamba3_official_w128_l2_n16_ctx128_seed0,,legacy_tail,0,,SSM/results/debug_round2/latest/m1/cross_session_mamba3_official_w128_l2_n16_ctx128_seed0/metrics.json,,16,2000,,,,m1,200,,0.0001,128
all,ridge,,32,0.7733238339424133,,128,trial_causal_fixed_window,/mnt/data/work_host/SPINT/SPINT-main/data,2,cuda:0,0.1,,256,modern_debug,,True,mamba3_official,2,0.001,1024,cross_session,mamba3_official,,,50591,,,results/debug_round2/latest/m1/cross_session_mamba3_official_w128_l2_n16_ctx128_seed0,352736,,cross-session source-only pretraining and source-only validation,,,,,0.5072622299194336,SSM/results/debug_round2/latest/m1/cross_session_mamba3_official_w128_l2_n16_ctx128_seed0,,all_valid_trial,0,,SSM/results/debug_round2/latest/m1/cross_session_mamba3_official_w128_l2_n16_ctx128_seed0/metrics.json,,16,2000,,,,m1,200,,0.0001,128
all,zero,,32,0.6932704448699951,,128,trial_causal_fixed_window,/mnt/data/work_host/SPINT/SPINT-main/data,2,cuda:0,0.1,,32,modern_debug,,True,mamba3_official,2,0.001,1024,within_session_prefix,mamba3_official,,,31971,,,results/debug_round2/latest/m1/within_session_prefix_mamba3_official_w128_l2_n16_ctx128_seed0,352736,,within-session target-prefix supervised diagnostic; fixed query tail excluded from fitting and selection,,,,,0.34402674436569214,SSM/results/debug_round2/latest/m1/within_session_prefix_mamba3_official_w128_l2_n16_ctx128_seed0,,legacy_tail,0,,SSM/results/debug_round2/latest/m1/within_session_prefix_mamba3_official_w128_l2_n16_ctx128_seed0/metrics.json,,16,2000,,,,m1,200,,0.0001,128
all,zero,,32,0.6932704448699951,,128,trial_causal_fixed_window,/mnt/data/work_host/SPINT/SPINT-main/data,2,cuda:0,0.1,,32,modern_debug,,True,mamba3_official,2,0.001,1024,within_session_prefix,mamba3_official,,,50591,,,results/debug_round2/latest/m1/within_session_prefix_mamba3_official_w128_l2_n16_ctx128_seed0,352736,,within-session target-prefix supervised diagnostic; fixed query tail excluded from fitting and selection,,,,,0.4304736256599426,SSM/results/debug_round2/latest/m1/within_session_prefix_mamba3_official_w128_l2_n16_ctx128_seed0,,all_valid_trial,0,,SSM/results/debug_round2/latest/m1/within_session_prefix_mamba3_official_w128_l2_n16_ctx128_seed0/metrics.json,,16,2000,,,,m1,200,,0.0001,128
all,ridge,,32,0.6932704448699951,,128,trial_causal_fixed_window,/mnt/data/work_host/SPINT/SPINT-main/data,2,cuda:0,0.1,,32,modern_debug,,True,mamba3_official,2,0.001,1024,within_session_prefix,mamba3_official,,,31971,,,results/debug_round2/latest/m1/within_session_prefix_mamba3_official_w128_l2_n16_ctx128_seed0,352736,,within-session target-prefix supervised diagnostic; fixed query tail excluded from fitting and selection,,,,,0.35108447074890137,SSM/results/debug_round2/latest/m1/within_session_prefix_mamba3_official_w128_l2_n16_ctx128_seed0,,legacy_tail,0,,SSM/results/debug_round2/latest/m1/within_session_prefix_mamba3_official_w128_l2_n16_ctx128_seed0/metrics.json,,16,2000,,,,m1,200,,0.0001,128
all,ridge,,32,0.6932704448699951,,128,trial_causal_fixed_window,/mnt/data/work_host/SPINT/SPINT-main/data,2,cuda:0,0.1,,32,modern_debug,,True,mamba3_official,2,0.001,1024,within_session_prefix,mamba3_official,,,50591,,,results/debug_round2/latest/m1/within_session_prefix_mamba3_official_w128_l2_n16_ctx128_seed0,352736,,within-session target-prefix supervised diagnostic; fixed query tail excluded from fitting and selection,,,,,0.43796443939208984,SSM/results/debug_round2/latest/m1/within_session_prefix_mamba3_official_w128_l2_n16_ctx128_seed0,,all_valid_trial,0,,SSM/results/debug_round2/latest/m1/within_session_prefix_mamba3_official_w128_l2_n16_ctx128_seed0/metrics.json,,16,2000,,,,m1,200,,0.0001,128
all,zero,,32,0.7846634387969971,,128,trial_causal_fixed_window,/mnt/data/work_host/SPINT/SPINT-main/data,4,cuda:0,0.1,,32,modern_debug,,True,mamba3_official,4,0.001,1024,cross_session,mamba3_official,,,31971,,,results/debug_round2/latest/m1/cross_session_mamba3_official_w256_l4_n32_ctx128_seed0,2750544,,cross-session source-only pretraining and source-only validation,,,,,0.2968050241470337,SSM/results/debug_round2/latest/m1/cross_session_mamba3_official_w256_l4_n32_ctx128_seed0,,legacy_tail,0,,SSM/results/debug_round2/latest/m1/cross_session_mamba3_official_w256_l4_n32_ctx128_seed0/metrics.json,,32,2000,,,,m1,200,,0.0001,256
all,zero,,32,0.7846634387969971,,128,trial_causal_fixed_window,/mnt/data/work_host/SPINT/SPINT-main/data,4,cuda:0,0.1,,32,modern_debug,,True,mamba3_official,4,0.001,1024,cross_session,mamba3_official,,,50591,,,results/debug_round2/latest/m1/cross_session_mamba3_official_w256_l4_n32_ctx128_seed0,2750544,,cross-session source-only pretraining and source-only validation,,,,,0.3862094283103943,SSM/results/debug_round2/latest/m1/cross_session_mamba3_official_w256_l4_n32_ctx128_seed0,,all_valid_trial,0,,SSM/results/debug_round2/latest/m1/cross_session_mamba3_official_w256_l4_n32_ctx128_seed0/metrics.json,,32,2000,,,,m1,200,,0.0001,256
all,ridge,,32,0.7846634387969971,,128,trial_causal_fixed_window,/mnt/data/work_host/SPINT/SPINT-main/data,4,cuda:0,0.1,,32,modern_debug,,True,mamba3_official,4,0.001,1024,cross_session,mamba3_official,,,31971,,,results/debug_round2/latest/m1/cross_session_mamba3_official_w256_l4_n32_ctx128_seed0,2750544,,cross-session source-only pretraining and source-only validation,,,,,0.4047096371650696,SSM/results/debug_round2/latest/m1/cross_session_mamba3_official_w256_l4_n32_ctx128_seed0,,legacy_tail,0,,SSM/results/debug_round2/latest/m1/cross_session_mamba3_official_w256_l4_n32_ctx128_seed0/metrics.json,,32,2000,,,,m1,200,,0.0001,256
all,ridge,,32,0.7846634387969971,,128,trial_causal_fixed_window,/mnt/data/work_host/SPINT/SPINT-main/data,4,cuda:0,0.1,,32,modern_debug,,True,mamba3_official,4,0.001,1024,cross_session,mamba3_official,,,50591,,,results/debug_round2/latest/m1/cross_session_mamba3_official_w256_l4_n32_ctx128_seed0,2750544,,cross-session source-only pretraining and source-only validation,,,,,0.48298579454421997,SSM/results/debug_round2/latest/m1/cross_session_mamba3_official_w256_l4_n32_ctx128_seed0,,all_valid_trial,0,,SSM/results/debug_round2/latest/m1/cross_session_mamba3_official_w256_l4_n32_ctx128_seed0/metrics.json,,32,2000,,,,m1,200,,0.0001,256
all,zero,,32,0.7716091871261597,,128,trial_causal_fixed_window,/mnt/data/work_host/SPINT/SPINT-main/data,4,cuda:0,0.1,,256,modern_debug,,True,s4d,4,0.001,1024,cross_session,s4d,,,31971,,,results/debug_round2/latest/m1/cross_session_s4d_w384_l4_n16_ctx128_seed0,4277392,,cross-session source-only pretraining and source-only validation,,,,,0.48839902877807617,SSM/results/debug_round2/latest/m1/cross_session_s4d_w384_l4_n16_ctx128_seed0,,legacy_tail,0,,SSM/results/debug_round2/latest/m1/cross_session_s4d_w384_l4_n16_ctx128_seed0/metrics.json,,16,2000,,,,m1,200,,0.0001,384
all,zero,,32,0.7716091871261597,,128,trial_causal_fixed_window,/mnt/data/work_host/SPINT/SPINT-main/data,4,cuda:0,0.1,,256,modern_debug,,True,s4d,4,0.001,1024,cross_session,s4d,,,50591,,,results/debug_round2/latest/m1/cross_session_s4d_w384_l4_n16_ctx128_seed0,4277392,,cross-session source-only pretraining and source-only validation,,,,,0.5480550527572632,SSM/results/debug_round2/latest/m1/cross_session_s4d_w384_l4_n16_ctx128_seed0,,all_valid_trial,0,,SSM/results/debug_round2/latest/m1/cross_session_s4d_w384_l4_n16_ctx128_seed0/metrics.json,,16,2000,,,,m1,200,,0.0001,384
all,ridge,,32,0.7716091871261597,,128,trial_causal_fixed_window,/mnt/data/work_host/SPINT/SPINT-main/data,4,cuda:0,0.1,,256,modern_debug,,True,s4d,4,0.001,1024,cross_session,s4d,,,31971,,,results/debug_round2/latest/m1/cross_session_s4d_w384_l4_n16_ctx128_seed0,4277392,,cross-session source-only pretraining and source-only validation,,,,,0.5322625041007996,SSM/results/debug_round2/latest/m1/cross_session_s4d_w384_l4_n16_ctx128_seed0,,legacy_tail,0,,SSM/results/debug_round2/latest/m1/cross_session_s4d_w384_l4_n16_ctx128_seed0/metrics.json,,16,2000,,,,m1,200,,0.0001,384
all,ridge,,32,0.7716091871261597,,128,trial_causal_fixed_window,/mnt/data/work_host/SPINT/SPINT-main/data,4,cuda:0,0.1,,256,modern_debug,,True,s4d,4,0.001,1024,cross_session,s4d,,,50591,,,results/debug_round2/latest/m1/cross_session_s4d_w384_l4_n16_ctx128_seed0,4277392,,cross-session source-only pretraining and source-only validation,,,,,0.5927407741546631,SSM/results/debug_round2/latest/m1/cross_session_s4d_w384_l4_n16_ctx128_seed0,,all_valid_trial,0,,SSM/results/debug_round2/latest/m1/cross_session_s4d_w384_l4_n16_ctx128_seed0/metrics.json,,16,2000,,,,m1,200,,0.0001,384
all,zero,,32,0.5021228194236755,,128,trial_causal_fixed_window,/mnt/data/work_host/SPINT/SPINT-main/data,2,cuda:0,0.1,,32,modern_debug,,True,mamba3_official,2,0.001,1024,cross_session,mamba3_official,,,2747,,,results/debug_round2/latest/m2/cross_session_mamba3_official_w128_l2_n16_ctx128_seed0,355026,,cross-session source-only pretraining and source-only validation,,,,,-1.2080276012420654,SSM/results/debug_round2/latest/m2/cross_session_mamba3_official_w128_l2_n16_ctx128_seed0,,legacy_tail,0,,SSM/results/debug_round2/latest/m2/cross_session_mamba3_official_w128_l2_n16_ctx128_seed0/metrics.json,,16,2000,,,,m2,200,,0.0001,128
all,zero,,32,0.5021228194236755,,128,trial_causal_fixed_window,/mnt/data/work_host/SPINT/SPINT-main/data,2,cuda:0,0.1,,32,modern_debug,,True,mamba3_official,2,0.001,1024,cross_session,mamba3_official,,,14115,,,results/debug_round2/latest/m2/cross_session_mamba3_official_w128_l2_n16_ctx128_seed0,355026,,cross-session source-only pretraining and source-only validation,,,,,-0.14930880069732666,SSM/results/debug_round2/latest/m2/cross_session_mamba3_official_w128_l2_n16_ctx128_seed0,,all_valid_trial,0,,SSM/results/debug_round2/latest/m2/cross_session_mamba3_official_w128_l2_n16_ctx128_seed0/metrics.json,,16,2000,,,,m2,200,,0.0001,128
all,ridge,,32,0.5021228194236755,,128,trial_causal_fixed_window,/mnt/data/work_host/SPINT/SPINT-main/data,2,cuda:0,0.1,,32,modern_debug,,True,mamba3_official,2,0.001,1024,cross_session,mamba3_official,,,2747,,,results/debug_round2/latest/m2/cross_session_mamba3_official_w128_l2_n16_ctx128_seed0,355026,,cross-session source-only pretraining and source-only validation,,,,,-0.24138855934143066,SSM/results/debug_round2/latest/m2/cross_session_mamba3_official_w128_l2_n16_ctx128_seed0,,legacy_tail,0,,SSM/results/debug_round2/latest/m2/cross_session_mamba3_official_w128_l2_n16_ctx128_seed0/metrics.json,,16,2000,,,,m2,200,,0.0001,128
all,ridge,,32,0.5021228194236755,,128,trial_causal_fixed_window,/mnt/data/work_host/SPINT/SPINT-main/data,2,cuda:0,0.1,,32,modern_debug,,True,mamba3_official,2,0.001,1024,cross_session,mamba3_official,,,14115,,,results/debug_round2/latest/m2/cross_session_mamba3_official_w128_l2_n16_ctx128_seed0,355026,,cross-session source-only pretraining and source-only validation,,,,,0.11841940879821777,SSM/results/debug_round2/latest/m2/cross_session_mamba3_official_w128_l2_n16_ctx128_seed0,,all_valid_trial,0,,SSM/results/debug_round2/latest/m2/cross_session_mamba3_official_w128_l2_n16_ctx128_seed0/metrics.json,,16,2000,,,,m2,200,,0.0001,128
all,zero,,32,0.19431304931640625,,128,trial_causal_fixed_window,/mnt/data/work_host/SPINT/SPINT-main/data,2,cuda:0,0.1,,32,modern_debug,,True,mamba3_official,2,0.001,1024,within_session_prefix,mamba3_official,,,2747,,,results/debug_round2/latest/m2/within_session_prefix_mamba3_official_w128_l2_n16_ctx128_seed0,355026,,within-session target-prefix supervised diagnostic; fixed query tail excluded from fitting and selection,,,,,0.012777924537658691,SSM/results/debug_round2/latest/m2/within_session_prefix_mamba3_official_w128_l2_n16_ctx128_seed0,,legacy_tail,0,,SSM/results/debug_round2/latest/m2/within_session_prefix_mamba3_official_w128_l2_n16_ctx128_seed0/metrics.json,,16,2000,,,,m2,200,,0.0001,128
all,zero,,32,0.19431304931640625,,128,trial_causal_fixed_window,/mnt/data/work_host/SPINT/SPINT-main/data,2,cuda:0,0.1,,32,modern_debug,,True,mamba3_official,2,0.001,1024,within_session_prefix,mamba3_official,,,14115,,,results/debug_round2/latest/m2/within_session_prefix_mamba3_official_w128_l2_n16_ctx128_seed0,355026,,within-session target-prefix supervised diagnostic; fixed query tail excluded from fitting and selection,,,,,0.21685069799423218,SSM/results/debug_round2/latest/m2/within_session_prefix_mamba3_official_w128_l2_n16_ctx128_seed0,,all_valid_trial,0,,SSM/results/debug_round2/latest/m2/within_session_prefix_mamba3_official_w128_l2_n16_ctx128_seed0/metrics.json,,16,2000,,,,m2,200,,0.0001,128
all,ridge,,32,0.19431304931640625,,128,trial_causal_fixed_window,/mnt/data/work_host/SPINT/SPINT-main/data,2,cuda:0,0.1,,32,modern_debug,,True,mamba3_official,2,0.001,1024,within_session_prefix,mamba3_official,,,2747,,,results/debug_round2/latest/m2/within_session_prefix_mamba3_official_w128_l2_n16_ctx128_seed0,355026,,within-session target-prefix supervised diagnostic; fixed query tail excluded from fitting and selection,,,,,0.027221083641052246,SSM/results/debug_round2/latest/m2/within_session_prefix_mamba3_official_w128_l2_n16_ctx128_seed0,,legacy_tail,0,,SSM/results/debug_round2/latest/m2/within_session_prefix_mamba3_official_w128_l2_n16_ctx128_seed0/metrics.json,,16,2000,,,,m2,200,,0.0001,128
all,ridge,,32,0.19431304931640625,,128,trial_causal_fixed_window,/mnt/data/work_host/SPINT/SPINT-main/data,2,cuda:0,0.1,,32,modern_debug,,True,mamba3_official,2,0.001,1024,within_session_prefix,mamba3_official,,,14115,,,results/debug_round2/latest/m2/within_session_prefix_mamba3_official_w128_l2_n16_ctx128_seed0,355026,,within-session target-prefix supervised diagnostic; fixed query tail excluded from fitting and selection,,,,,0.21925216913223267,SSM/results/debug_round2/latest/m2/within_session_prefix_mamba3_official_w128_l2_n16_ctx128_seed0,,all_valid_trial,0,,SSM/results/debug_round2/latest/m2/within_session_prefix_mamba3_official_w128_l2_n16_ctx128_seed0/metrics.json,,16,2000,,,,m2,200,,0.0001,128
all,zero,,32,0.5334159135818481,,128,trial_causal_fixed_window,/mnt/data/work_host/SPINT/SPINT-main/data,4,cuda:0,0.1,,32,modern_debug,,True,mamba3_official,4,0.001,1024,cross_session,mamba3_official,,,2747,,,results/debug_round2/latest/m2/cross_session_mamba3_official_w256_l4_n32_ctx128_seed0,2755138,,cross-session source-only pretraining and source-only validation,,,,,-0.11948192119598389,SSM/results/debug_round2/latest/m2/cross_session_mamba3_official_w256_l4_n32_ctx128_seed0,,legacy_tail,0,,SSM/results/debug_round2/latest/m2/cross_session_mamba3_official_w256_l4_n32_ctx128_seed0/metrics.json,,32,2000,,,,m2,200,,0.0001,256
all,zero,,32,0.5334159135818481,,128,trial_causal_fixed_window,/mnt/data/work_host/SPINT/SPINT-main/data,4,cuda:0,0.1,,32,modern_debug,,True,mamba3_official,4,0.001,1024,cross_session,mamba3_official,,,14115,,,results/debug_round2/latest/m2/cross_session_mamba3_official_w256_l4_n32_ctx128_seed0,2755138,,cross-session source-only pretraining and source-only validation,,,,,-0.005924224853515625,SSM/results/debug_round2/latest/m2/cross_session_mamba3_official_w256_l4_n32_ctx128_seed0,,all_valid_trial,0,,SSM/results/debug_round2/latest/m2/cross_session_mamba3_official_w256_l4_n32_ctx128_seed0/metrics.json,,32,2000,,,,m2,200,,0.0001,256
all,ridge,,32,0.5334159135818481,,128,trial_causal_fixed_window,/mnt/data/work_host/SPINT/SPINT-main/data,4,cuda:0,0.1,,32,modern_debug,,True,mamba3_official,4,0.001,1024,cross_session,mamba3_official,,,2747,,,results/debug_round2/latest/m2/cross_session_mamba3_official_w256_l4_n32_ctx128_seed0,2755138,,cross-session source-only pretraining and source-only validation,,,,,-0.22954154014587402,SSM/results/debug_round2/latest/m2/cross_session_mamba3_official_w256_l4_n32_ctx128_seed0,,legacy_tail,0,,SSM/results/debug_round2/latest/m2/cross_session_mamba3_official_w256_l4_n32_ctx128_seed0/metrics.json,,32,2000,,,,m2,200,,0.0001,256
all,ridge,,32,0.5334159135818481,,128,trial_causal_fixed_window,/mnt/data/work_host/SPINT/SPINT-main/data,4,cuda:0,0.1,,32,modern_debug,,True,mamba3_official,4,0.001,1024,cross_session,mamba3_official,,,14115,,,results/debug_round2/latest/m2/cross_session_mamba3_official_w256_l4_n32_ctx128_seed0,2755138,,cross-session source-only pretraining and source-only validation,,,,,0.12092065811157227,SSM/results/debug_round2/latest/m2/cross_session_mamba3_official_w256_l4_n32_ctx128_seed0,,all_valid_trial,0,,SSM/results/debug_round2/latest/m2/cross_session_mamba3_official_w256_l4_n32_ctx128_seed0/metrics.json,,32,2000,,,,m2,200,,0.0001,256
all,zero,,32,0.4472140073776245,,128,trial_causal_fixed_window,/mnt/data/work_host/SPINT/SPINT-main/data,4,cuda:1,0.1,,256,modern_debug,,True,s4d,4,0.001,1024,cross_session,s4d,,,2747,,,results/debug_round2/latest/m2/cross_session_s4d_w384_l4_n16_ctx128_seed0,4284290,,cross-session source-only pretraining and source-only validation,,,,,-0.11017882823944092,SSM/results/debug_round2/latest/m2/cross_session_s4d_w384_l4_n16_ctx128_seed0,,legacy_tail,0,,SSM/results/debug_round2/latest/m2/cross_session_s4d_w384_l4_n16_ctx128_seed0/metrics.json,,16,2000,,,,m2,200,,0.0001,384
all,zero,,32,0.4472140073776245,,128,trial_causal_fixed_window,/mnt/data/work_host/SPINT/SPINT-main/data,4,cuda:1,0.1,,256,modern_debug,,True,s4d,4,0.001,1024,cross_session,s4d,,,14115,,,results/debug_round2/latest/m2/cross_session_s4d_w384_l4_n16_ctx128_seed0,4284290,,cross-session source-only pretraining and source-only validation,,,,,0.04008638858795166,SSM/results/debug_round2/latest/m2/cross_session_s4d_w384_l4_n16_ctx128_seed0,,all_valid_trial,0,,SSM/results/debug_round2/latest/m2/cross_session_s4d_w384_l4_n16_ctx128_seed0/metrics.json,,16,2000,,,,m2,200,,0.0001,384
all,ridge,,32,0.4472140073776245,,128,trial_causal_fixed_window,/mnt/data/work_host/SPINT/SPINT-main/data,4,cuda:1,0.1,,256,modern_debug,,True,s4d,4,0.001,1024,cross_session,s4d,,,2747,,,results/debug_round2/latest/m2/cross_session_s4d_w384_l4_n16_ctx128_seed0,4284290,,cross-session source-only pretraining and source-only validation,,,,,-0.04982888698577881,SSM/results/debug_round2/latest/m2/cross_session_s4d_w384_l4_n16_ctx128_seed0,,legacy_tail,0,,SSM/results/debug_round2/latest/m2/cross_session_s4d_w384_l4_n16_ctx128_seed0/metrics.json,,16,2000,,,,m2,200,,0.0001,384
all,ridge,,32,0.4472140073776245,,128,trial_causal_fixed_window,/mnt/data/work_host/SPINT/SPINT-main/data,4,cuda:1,0.1,,256,modern_debug,,True,s4d,4,0.001,1024,cross_session,s4d,,,14115,,,results/debug_round2/latest/m2/cross_session_s4d_w384_l4_n16_ctx128_seed0,4284290,,cross-session source-only pretraining and source-only validation,,,,,0.0998733639717102,SSM/results/debug_round2/latest/m2/cross_session_s4d_w384_l4_n16_ctx128_seed0,,all_valid_trial,0,,SSM/results/debug_round2/latest/m2/cross_session_s4d_w384_l4_n16_ctx128_seed0/metrics.json,,16,2000,,,,m2,200,,0.0001,384
,ridge,100.0,,,,,,,,,,,,linear_baseline,raw,,,,,,,linear_raw,4192,50591,,,,,,0.3784064147443118,"target prefix first26 train, next7 validation, refit all33; no query labels/features used",,0.3836657660265296,,,,SSM/results/debug_round2/linear_baselines/m1,all_valid,all_valid,deterministic,,SSM/results/debug_round2/linear_baselines/m1/metrics.json,,,,,,,m1,,,,
,ridge,100.0,,,,,,,,,,,,linear_baseline,raw,,,,,,,linear_raw,4192,31971,,,,,,0.3784064147443118,"target prefix first26 train, next7 validation, refit all33; no query labels/features used",,0.32024728207534403,,,,SSM/results/debug_round2/linear_baselines/m1,legacy_tail,legacy_tail,deterministic,,SSM/results/debug_round2/linear_baselines/m1/metrics.json,,,,,,,m1,,,,
,ridge,100.0,,,,,,,,,,,,linear_baseline,lags,,,,,,,linear_lags,4192,50591,,,,,,0.5327347358396566,"target prefix first26 train, next7 validation, refit all33; no query labels/features used",,0.44393653367231867,,,,SSM/results/debug_round2/linear_baselines/m1,all_valid,all_valid,deterministic,,SSM/results/debug_round2/linear_baselines/m1/metrics.json,,,,,,,m1,,,,
,ridge,100.0,,,,,,,,,,,,linear_baseline,lags,,,,,,,linear_lags,4192,31971,,,,,,0.5327347358396566,"target prefix first26 train, next7 validation, refit all33; no query labels/features used",,0.3840047641072546,,,,SSM/results/debug_round2/linear_baselines/m1,legacy_tail,legacy_tail,deterministic,,SSM/results/debug_round2/linear_baselines/m1/metrics.json,,,,,,,m1,,,,
,ridge,100.0,,,,,,,,,,,,linear_baseline,ema,,,,,,,linear_ema,4192,50591,,,,,,0.5358946043973275,"target prefix first26 train, next7 validation, refit all33; no query labels/features used",,0.4510322656888732,,,,SSM/results/debug_round2/linear_baselines/m1,all_valid,all_valid,deterministic,,SSM/results/debug_round2/linear_baselines/m1/metrics.json,,,,,,,m1,,,,
,ridge,100.0,,,,,,,,,,,,linear_baseline,ema,,,,,,,linear_ema,4192,31971,,,,,,0.5358946043973275,"target prefix first26 train, next7 validation, refit all33; no query labels/features used",,0.38951790813416165,,,,SSM/results/debug_round2/linear_baselines/m1,legacy_tail,legacy_tail,deterministic,,SSM/results/debug_round2/linear_baselines/m1/metrics.json,,,,,,,m1,,,,
,zero,,,,,,,,,,,,,linear_baseline,zero,,,,,,,linear_zero,4192,50591,,,,,,,"target prefix first26 train, next7 validation, refit all33; no query labels/features used",,-0.8746393918991089,,,,SSM/results/debug_round2/linear_baselines/m1,all_valid,all_valid,deterministic,,SSM/results/debug_round2/linear_baselines/m1/metrics.json,,,,,,,m1,,,,
,zero,,,,,,,,,,,,,linear_baseline,zero,,,,,,,linear_zero,4192,31971,,,,,,,"target prefix first26 train, next7 validation, refit all33; no query labels/features used",,-1.089928388595581,,,,SSM/results/debug_round2/linear_baselines/m1,legacy_tail,legacy_tail,deterministic,,SSM/results/debug_round2/linear_baselines/m1/metrics.json,,,,,,,m1,,,,
,support_mean,,,,,,,,,,,,,linear_baseline,support_mean,,,,,,,linear_support_mean,4192,50591,,,,,,,"target prefix first26 train, next7 validation, refit all33; no query labels/features used",,-0.0029265880584716797,,,,SSM/results/debug_round2/linear_baselines/m1,all_valid,all_valid,deterministic,,SSM/results/debug_round2/linear_baselines/m1/metrics.json,,,,,,,m1,,,,
,support_mean,,,,,,,,,,,,,linear_baseline,support_mean,,,,,,,linear_support_mean,4192,31971,,,,,,,"target prefix first26 train, next7 validation, refit all33; no query labels/features used",,-0.0765085220336914,,,,SSM/results/debug_round2/linear_baselines/m1,legacy_tail,legacy_tail,deterministic,,SSM/results/debug_round2/linear_baselines/m1/metrics.json,,,,,,,m1,,,,
,ridge,100.0,,,,,,,,,,,,linear_baseline,raw,,,,,,,linear_raw,2053,14115,,,,,,0.05402768388999313,"target prefix first26 train, next7 validation, refit all33; no query labels/features used",,0.09460106604210905,,,,SSM/results/debug_round2/linear_baselines/m2,all_valid,all_valid,deterministic,,SSM/results/debug_round2/linear_baselines/m2/metrics.json,,,,,,,m2,,,,
,ridge,100.0,,,,,,,,,,,,linear_baseline,raw,,,,,,,linear_raw,2053,2747,,,,,,0.05402768388999313,"target prefix first26 train, next7 validation, refit all33; no query labels/features used",,-0.8705261945375158,,,,SSM/results/debug_round2/linear_baselines/m2,legacy_tail,legacy_tail,deterministic,,SSM/results/debug_round2/linear_baselines/m2/metrics.json,,,,,,,m2,,,,
,ridge,100.0,,,,,,,,,,,,linear_baseline,lags,,,,,,,linear_lags,2053,14115,,,,,,0.1438721277409023,"target prefix first26 train, next7 validation, refit all33; no query labels/features used",,0.11949342681721054,,,,SSM/results/debug_round2/linear_baselines/m2,all_valid,all_valid,deterministic,,SSM/results/debug_round2/linear_baselines/m2/metrics.json,,,,,,,m2,,,,
,ridge,100.0,,,,,,,,,,,,linear_baseline,lags,,,,,,,linear_lags,2053,2747,,,,,,0.1438721277409023,"target prefix first26 train, next7 validation, refit all33; no query labels/features used",,-2.4112306341029344,,,,SSM/results/debug_round2/linear_baselines/m2,legacy_tail,legacy_tail,deterministic,,SSM/results/debug_round2/linear_baselines/m2/metrics.json,,,,,,,m2,,,,
,ridge,10.0,,,,,,,,,,,,linear_baseline,ema,,,,,,,linear_ema,2053,14115,,,,,,0.22519247405536136,"target prefix first26 train, next7 validation, refit all33; no query labels/features used",,0.13268448220639684,,,,SSM/results/debug_round2/linear_baselines/m2,all_valid,all_valid,deterministic,,SSM/results/debug_round2/linear_baselines/m2/metrics.json,,,,,,,m2,,,,
,ridge,10.0,,,,,,,,,,,,linear_baseline,ema,,,,,,,linear_ema,2053,2747,,,,,,0.22519247405536136,"target prefix first26 train, next7 validation, refit all33; no query labels/features used",,-2.369917760244203,,,,SSM/results/debug_round2/linear_baselines/m2,legacy_tail,legacy_tail,deterministic,,SSM/results/debug_round2/linear_baselines/m2/metrics.json,,,,,,,m2,,,,
,zero,,,,,,,,,,,,,linear_baseline,zero,,,,,,,linear_zero,2053,14115,,,,,,,"target prefix first26 train, next7 validation, refit all33; no query labels/features used",,-0.00048220157623291016,,,,SSM/results/debug_round2/linear_baselines/m2,all_valid,all_valid,deterministic,,SSM/results/debug_round2/linear_baselines/m2/metrics.json,,,,,,,m2,,,,
,zero,,,,,,,,,,,,,linear_baseline,zero,,,,,,,linear_zero,2053,2747,,,,,,,"target prefix first26 train, next7 validation, refit all33; no query labels/features used",,-0.0054634809494018555,,,,SSM/results/debug_round2/linear_baselines/m2,legacy_tail,legacy_tail,deterministic,,SSM/results/debug_round2/linear_baselines/m2/metrics.json,,,,,,,m2,,,,
,support_mean,,,,,,,,,,,,,linear_baseline,support_mean,,,,,,,linear_support_mean,2053,14115,,,,,,,"target prefix first26 train, next7 validation, refit all33; no query labels/features used",,-0.000766754150390625,,,,SSM/results/debug_round2/linear_baselines/m2,all_valid,all_valid,deterministic,,SSM/results/debug_round2/linear_baselines/m2/metrics.json,,,,,,,m2,,,,
,support_mean,,,,,,,,,,,,,linear_baseline,support_mean,,,,,,,linear_support_mean,2053,2747,,,,,,,"target prefix first26 train, next7 validation, refit all33; no query labels/features used",,-0.0032492876052856445,,,,SSM/results/debug_round2/linear_baselines/m2,legacy_tail,legacy_tail,deterministic,,SSM/results/debug_round2/linear_baselines/m2/metrics.json,,,,,,,m2,,,,
,zero,,32,0.6439156532287598,,128,trial_causal_fixed_window,/mnt/data/work_host/SPINT/SPINT-main/data,1,cuda:0,0.1,,256,modern_debug,,True,osc,2,0.001,1024,cross_session,osc,,,31971,,,results/debug_round2/m1/cross_session_osc_w256_l2_n16_ctx128_seed0,21264,,cross-session source-only pretraining and source-only validation,,,,,0.2977304458618164,SSM/results/debug_round2/m1/cross_session_osc_w256_l2_n16_ctx128_seed0,,legacy_tail,0,,SSM/results/debug_round2/m1/cross_session_osc_w256_l2_n16_ctx128_seed0/metrics.json,,16,2000,,,,m1,200,,0.0001,256
,zero,,32,0.6439156532287598,,128,trial_causal_fixed_window,/mnt/data/work_host/SPINT/SPINT-main/data,1,cuda:0,0.1,,256,modern_debug,,True,osc,2,0.001,1024,cross_session,osc,,,50591,,,results/debug_round2/m1/cross_session_osc_w256_l2_n16_ctx128_seed0,21264,,cross-session source-only pretraining and source-only validation,,,,,0.3611336946487427,SSM/results/debug_round2/m1/cross_session_osc_w256_l2_n16_ctx128_seed0,,all_valid_trial,0,,SSM/results/debug_round2/m1/cross_session_osc_w256_l2_n16_ctx128_seed0/metrics.json,,16,2000,,,,m1,200,,0.0001,256
,ridge,,32,0.6439156532287598,,128,trial_causal_fixed_window,/mnt/data/work_host/SPINT/SPINT-main/data,1,cuda:0,0.1,,256,modern_debug,,True,osc,2,0.001,1024,cross_session,osc,,,31971,,,results/debug_round2/m1/cross_session_osc_w256_l2_n16_ctx128_seed0,21264,,cross-session source-only pretraining and source-only validation,,,,,0.466009259223938,SSM/results/debug_round2/m1/cross_session_osc_w256_l2_n16_ctx128_seed0,,legacy_tail,0,,SSM/results/debug_round2/m1/cross_session_osc_w256_l2_n16_ctx128_seed0/metrics.json,,16,2000,,,,m1,200,,0.0001,256
,ridge,,32,0.6439156532287598,,128,trial_causal_fixed_window,/mnt/data/work_host/SPINT/SPINT-main/data,1,cuda:0,0.1,,256,modern_debug,,True,osc,2,0.001,1024,cross_session,osc,,,50591,,,results/debug_round2/m1/cross_session_osc_w256_l2_n16_ctx128_seed0,21264,,cross-session source-only pretraining and source-only validation,,,,,0.5180097818374634,SSM/results/debug_round2/m1/cross_session_osc_w256_l2_n16_ctx128_seed0,,all_valid_trial,0,,SSM/results/debug_round2/m1/cross_session_osc_w256_l2_n16_ctx128_seed0/metrics.json,,16,2000,,,,m1,200,,0.0001,256
,zero,,32,0.7524670362472534,,128,trial_causal_fixed_window,/mnt/data/work_host/SPINT/SPINT-main/data,1,cuda:0,0.1,,256,modern_debug,,True,gru,2,0.001,1024,within_session_prefix,gru,,,31971,,,results/debug_round2/m1/within_session_prefix_gru_w128_l2_n16_ctx128_seed0,109456,,within-session target-prefix supervised diagnostic; fixed query tail excluded from fitting and selection,,,,,0.5369452238082886,SSM/results/debug_round2/m1/within_session_prefix_gru_w128_l2_n16_ctx128_seed0,,legacy_tail,0,,SSM/results/debug_round2/m1/within_session_prefix_gru_w128_l2_n16_ctx128_seed0/metrics.json,,16,2000,,,,m1,200,,0.0001,128
,zero,,32,0.7524670362472534,,128,trial_causal_fixed_window,/mnt/data/work_host/SPINT/SPINT-main/data,1,cuda:0,0.1,,256,modern_debug,,True,gru,2,0.001,1024,within_session_prefix,gru,,,50591,,,results/debug_round2/m1/within_session_prefix_gru_w128_l2_n16_ctx128_seed0,109456,,within-session target-prefix supervised diagnostic; fixed query tail excluded from fitting and selection,,,,,0.5933941006660461,SSM/results/debug_round2/m1/within_session_prefix_gru_w128_l2_n16_ctx128_seed0,,all_valid_trial,0,,SSM/results/debug_round2/m1/within_session_prefix_gru_w128_l2_n16_ctx128_seed0/metrics.json,,16,2000,,,,m1,200,,0.0001,128
,ridge,,32,0.7524670362472534,,128,trial_causal_fixed_window,/mnt/data/work_host/SPINT/SPINT-main/data,1,cuda:0,0.1,,256,modern_debug,,True,gru,2,0.001,1024,within_session_prefix,gru,,,31971,,,results/debug_round2/m1/within_session_prefix_gru_w128_l2_n16_ctx128_seed0,109456,,within-session target-prefix supervised diagnostic; fixed query tail excluded from fitting and selection,,,,,0.5281292200088501,SSM/results/debug_round2/m1/within_session_prefix_gru_w128_l2_n16_ctx128_seed0,,legacy_tail,0,,SSM/results/debug_round2/m1/within_session_prefix_gru_w128_l2_n16_ctx128_seed0/metrics.json,,16,2000,,,,m1,200,,0.0001,128
,ridge,,32,0.7524670362472534,,128,trial_causal_fixed_window,/mnt/data/work_host/SPINT/SPINT-main/data,1,cuda:0,0.1,,256,modern_debug,,True,gru,2,0.001,1024,within_session_prefix,gru,,,50591,,,results/debug_round2/m1/within_session_prefix_gru_w128_l2_n16_ctx128_seed0,109456,,within-session target-prefix supervised diagnostic; fixed query tail excluded from fitting and selection,,,,,0.5856525301933289,SSM/results/debug_round2/m1/within_session_prefix_gru_w128_l2_n16_ctx128_seed0,,all_valid_trial,0,,SSM/results/debug_round2/m1/within_session_prefix_gru_w128_l2_n16_ctx128_seed0/metrics.json,,16,2000,,,,m1,200,,0.0001,128
,zero,,32,0.7601184248924255,,128,trial_causal_fixed_window,/mnt/data/work_host/SPINT/SPINT-main/data,2,cuda:0,0.1,,256,modern_debug,,True,mamba2,2,0.001,1024,cross_session,mamba2,,,31971,,,results/debug_round2/m1/cross_session_mamba2_w128_l2_n16_ctx128_seed0,311984,,cross-session source-only pretraining and source-only validation,,,,,0.3713877201080322,SSM/results/debug_round2/m1/cross_session_mamba2_w128_l2_n16_ctx128_seed0,,legacy_tail,0,,SSM/results/debug_round2/m1/cross_session_mamba2_w128_l2_n16_ctx128_seed0/metrics.json,,16,2000,,,,m1,200,,0.0001,128
,zero,,32,0.7601184248924255,,128,trial_causal_fixed_window,/mnt/data/work_host/SPINT/SPINT-main/data,2,cuda:0,0.1,,256,modern_debug,,True,mamba2,2,0.001,1024,cross_session,mamba2,,,50591,,,results/debug_round2/m1/cross_session_mamba2_w128_l2_n16_ctx128_seed0,311984,,cross-session source-only pretraining and source-only validation,,,,,0.4317206144332886,SSM/results/debug_round2/m1/cross_session_mamba2_w128_l2_n16_ctx128_seed0,,all_valid_trial,0,,SSM/results/debug_round2/m1/cross_session_mamba2_w128_l2_n16_ctx128_seed0/metrics.json,,16,2000,,,,m1,200,,0.0001,128
,ridge,,32,0.7601184248924255,,128,trial_causal_fixed_window,/mnt/data/work_host/SPINT/SPINT-main/data,2,cuda:0,0.1,,256,modern_debug,,True,mamba2,2,0.001,1024,cross_session,mamba2,,,31971,,,results/debug_round2/m1/cross_session_mamba2_w128_l2_n16_ctx128_seed0,311984,,cross-session source-only pretraining and source-only validation,,,,,0.4938066005706787,SSM/results/debug_round2/m1/cross_session_mamba2_w128_l2_n16_ctx128_seed0,,legacy_tail,0,,SSM/results/debug_round2/m1/cross_session_mamba2_w128_l2_n16_ctx128_seed0/metrics.json,,16,2000,,,,m1,200,,0.0001,128
,ridge,,32,0.7601184248924255,,128,trial_causal_fixed_window,/mnt/data/work_host/SPINT/SPINT-main/data,2,cuda:0,0.1,,256,modern_debug,,True,mamba2,2,0.001,1024,cross_session,mamba2,,,50591,,,results/debug_round2/m1/cross_session_mamba2_w128_l2_n16_ctx128_seed0,311984,,cross-session source-only pretraining and source-only validation,,,,,0.5587054491043091,SSM/results/debug_round2/m1/cross_session_mamba2_w128_l2_n16_ctx128_seed0,,all_valid_trial,0,,SSM/results/debug_round2/m1/cross_session_mamba2_w128_l2_n16_ctx128_seed0/metrics.json,,16,2000,,,,m1,200,,0.0001,128
,zero,,32,0.7750571966171265,,128,trial_causal_fixed_window,/mnt/data/work_host/SPINT/SPINT-main/data,4,cuda:0,0.1,,256,modern_debug,,True,s4d,4,0.001,1024,cross_session,s4d,,,31971,,,results/debug_round2/m1/cross_session_s4d_w256_l4_n16_ctx128_seed0,1934096,,cross-session source-only pretraining and source-only validation,,,,,0.32011181116104126,SSM/results/debug_round2/m1/cross_session_s4d_w256_l4_n16_ctx128_seed0,,legacy_tail,0,,SSM/results/debug_round2/m1/cross_session_s4d_w256_l4_n16_ctx128_seed0/metrics.json,,16,2000,,,,m1,200,,0.0001,256
,zero,,32,0.7750571966171265,,128,trial_causal_fixed_window,/mnt/data/work_host/SPINT/SPINT-main/data,4,cuda:0,0.1,,256,modern_debug,,True,s4d,4,0.001,1024,cross_session,s4d,,,50591,,,results/debug_round2/m1/cross_session_s4d_w256_l4_n16_ctx128_seed0,1934096,,cross-session source-only pretraining and source-only validation,,,,,0.3924892544746399,SSM/results/debug_round2/m1/cross_session_s4d_w256_l4_n16_ctx128_seed0,,all_valid_trial,0,,SSM/results/debug_round2/m1/cross_session_s4d_w256_l4_n16_ctx128_seed0/metrics.json,,16,2000,,,,m1,200,,0.0001,256
,ridge,,32,0.7750571966171265,,128,trial_causal_fixed_window,/mnt/data/work_host/SPINT/SPINT-main/data,4,cuda:0,0.1,,256,modern_debug,,True,s4d,4,0.001,1024,cross_session,s4d,,,31971,,,results/debug_round2/m1/cross_session_s4d_w256_l4_n16_ctx128_seed0,1934096,,cross-session source-only pretraining and source-only validation,,,,,0.48068517446517944,SSM/results/debug_round2/m1/cross_session_s4d_w256_l4_n16_ctx128_seed0,,legacy_tail,0,,SSM/results/debug_round2/m1/cross_session_s4d_w256_l4_n16_ctx128_seed0/metrics.json,,16,2000,,,,m1,200,,0.0001,256
,ridge,,32,0.7750571966171265,,128,trial_causal_fixed_window,/mnt/data/work_host/SPINT/SPINT-main/data,4,cuda:0,0.1,,256,modern_debug,,True,s4d,4,0.001,1024,cross_session,s4d,,,50591,,,results/debug_round2/m1/cross_session_s4d_w256_l4_n16_ctx128_seed0,1934096,,cross-session source-only pretraining and source-only validation,,,,,0.5488557815551758,SSM/results/debug_round2/m1/cross_session_s4d_w256_l4_n16_ctx128_seed0,,all_valid_trial,0,,SSM/results/debug_round2/m1/cross_session_s4d_w256_l4_n16_ctx128_seed0/metrics.json,,16,2000,,,,m1,200,,0.0001,256
,zero,,32,0.7858860492706299,,128,trial_causal_fixed_window,/mnt/data/work_host/SPINT/SPINT-main/data,2,cuda:0,0.1,,256,modern_debug,,True,s4d,2,0.001,1024,cross_session,s4d,,,31971,,,results/debug_round2/m1/cross_session_s4d_w128_l2_n16_ctx128_seed0,259472,,cross-session source-only pretraining and source-only validation,,,,,0.4409739375114441,SSM/results/debug_round2/m1/cross_session_s4d_w128_l2_n16_ctx128_seed0,,legacy_tail,0,,SSM/results/debug_round2/m1/cross_session_s4d_w128_l2_n16_ctx128_seed0/metrics.json,,16,2000,,,,m1,200,,0.0001,128
,zero,,32,0.7858860492706299,,128,trial_causal_fixed_window,/mnt/data/work_host/SPINT/SPINT-main/data,2,cuda:0,0.1,,256,modern_debug,,True,s4d,2,0.001,1024,cross_session,s4d,,,50591,,,results/debug_round2/m1/cross_session_s4d_w128_l2_n16_ctx128_seed0,259472,,cross-session source-only pretraining and source-only validation,,,,,0.5135626792907715,SSM/results/debug_round2/m1/cross_session_s4d_w128_l2_n16_ctx128_seed0,,all_valid_trial,0,,SSM/results/debug_round2/m1/cross_session_s4d_w128_l2_n16_ctx128_seed0/metrics.json,,16,2000,,,,m1,200,,0.0001,128
,ridge,,32,0.7858860492706299,,128,trial_causal_fixed_window,/mnt/data/work_host/SPINT/SPINT-main/data,2,cuda:0,0.1,,256,modern_debug,,True,s4d,2,0.001,1024,cross_session,s4d,,,31971,,,results/debug_round2/m1/cross_session_s4d_w128_l2_n16_ctx128_seed0,259472,,cross-session source-only pretraining and source-only validation,,,,,0.5023632049560547,SSM/results/debug_round2/m1/cross_session_s4d_w128_l2_n16_ctx128_seed0,,legacy_tail,0,,SSM/results/debug_round2/m1/cross_session_s4d_w128_l2_n16_ctx128_seed0/metrics.json,,16,2000,,,,m1,200,,0.0001,128
,ridge,,32,0.7858860492706299,,128,trial_causal_fixed_window,/mnt/data/work_host/SPINT/SPINT-main/data,2,cuda:0,0.1,,256,modern_debug,,True,s4d,2,0.001,1024,cross_session,s4d,,,50591,,,results/debug_round2/m1/cross_session_s4d_w128_l2_n16_ctx128_seed0,259472,,cross-session source-only pretraining and source-only validation,,,,,0.5669910907745361,SSM/results/debug_round2/m1/cross_session_s4d_w128_l2_n16_ctx128_seed0,,all_valid_trial,0,,SSM/results/debug_round2/m1/cross_session_s4d_w128_l2_n16_ctx128_seed0/metrics.json,,16,2000,,,,m1,200,,0.0001,128
,zero,,32,0.7459717988967896,,128,trial_causal_fixed_window,/mnt/data/work_host/SPINT/SPINT-main/data,1,cuda:0,0.1,,256,modern_debug,,True,s4d,1,0.001,1024,cross_session,s4d,,,31971,,,results/debug_round2/m1/cross_session_s4d_w64_l1_n16_ctx128_seed0,38864,,cross-session source-only pretraining and source-only validation,,,,,0.3606812357902527,SSM/results/debug_round2/m1/cross_session_s4d_w64_l1_n16_ctx128_seed0,,legacy_tail,0,,SSM/results/debug_round2/m1/cross_session_s4d_w64_l1_n16_ctx128_seed0/metrics.json,,16,2000,,,,m1,200,,0.0001,64
,zero,,32,0.7459717988967896,,128,trial_causal_fixed_window,/mnt/data/work_host/SPINT/SPINT-main/data,1,cuda:0,0.1,,256,modern_debug,,True,s4d,1,0.001,1024,cross_session,s4d,,,50591,,,results/debug_round2/m1/cross_session_s4d_w64_l1_n16_ctx128_seed0,38864,,cross-session source-only pretraining and source-only validation,,,,,0.43960267305374146,SSM/results/debug_round2/m1/cross_session_s4d_w64_l1_n16_ctx128_seed0,,all_valid_trial,0,,SSM/results/debug_round2/m1/cross_session_s4d_w64_l1_n16_ctx128_seed0/metrics.json,,16,2000,,,,m1,200,,0.0001,64
,ridge,,32,0.7459717988967896,,128,trial_causal_fixed_window,/mnt/data/work_host/SPINT/SPINT-main/data,1,cuda:0,0.1,,256,modern_debug,,True,s4d,1,0.001,1024,cross_session,s4d,,,31971,,,results/debug_round2/m1/cross_session_s4d_w64_l1_n16_ctx128_seed0,38864,,cross-session source-only pretraining and source-only validation,,,,,0.5092421770095825,SSM/results/debug_round2/m1/cross_session_s4d_w64_l1_n16_ctx128_seed0,,legacy_tail,0,,SSM/results/debug_round2/m1/cross_session_s4d_w64_l1_n16_ctx128_seed0/metrics.json,,16,2000,,,,m1,200,,0.0001,64
,ridge,,32,0.7459717988967896,,128,trial_causal_fixed_window,/mnt/data/work_host/SPINT/SPINT-main/data,1,cuda:0,0.1,,256,modern_debug,,True,s4d,1,0.001,1024,cross_session,s4d,,,50591,,,results/debug_round2/m1/cross_session_s4d_w64_l1_n16_ctx128_seed0,38864,,cross-session source-only pretraining and source-only validation,,,,,0.5705038905143738,SSM/results/debug_round2/m1/cross_session_s4d_w64_l1_n16_ctx128_seed0,,all_valid_trial,0,,SSM/results/debug_round2/m1/cross_session_s4d_w64_l1_n16_ctx128_seed0/metrics.json,,16,2000,,,,m1,200,,0.0001,64
,zero,,32,0.7652682065963745,,128,trial_causal_fixed_window,/mnt/data/work_host/SPINT/SPINT-main/data,4,cuda:0,0.1,,256,modern_debug,,True,mamba2,4,0.001,1024,cross_session,mamba2,,,31971,,,results/debug_round2/m1/cross_session_mamba2_w256_l4_n16_ctx128_seed0,2143056,,cross-session source-only pretraining and source-only validation,,,,,0.3770983815193176,SSM/results/debug_round2/m1/cross_session_mamba2_w256_l4_n16_ctx128_seed0,,legacy_tail,0,,SSM/results/debug_round2/m1/cross_session_mamba2_w256_l4_n16_ctx128_seed0/metrics.json,,16,2000,,,,m1,200,,0.0001,256
,zero,,32,0.7652682065963745,,128,trial_causal_fixed_window,/mnt/data/work_host/SPINT/SPINT-main/data,4,cuda:0,0.1,,256,modern_debug,,True,mamba2,4,0.001,1024,cross_session,mamba2,,,50591,,,results/debug_round2/m1/cross_session_mamba2_w256_l4_n16_ctx128_seed0,2143056,,cross-session source-only pretraining and source-only validation,,,,,0.4563445448875427,SSM/results/debug_round2/m1/cross_session_mamba2_w256_l4_n16_ctx128_seed0,,all_valid_trial,0,,SSM/results/debug_round2/m1/cross_session_mamba2_w256_l4_n16_ctx128_seed0/metrics.json,,16,2000,,,,m1,200,,0.0001,256
,ridge,,32,0.7652682065963745,,128,trial_causal_fixed_window,/mnt/data/work_host/SPINT/SPINT-main/data,4,cuda:0,0.1,,256,modern_debug,,True,mamba2,4,0.001,1024,cross_session,mamba2,,,31971,,,results/debug_round2/m1/cross_session_mamba2_w256_l4_n16_ctx128_seed0,2143056,,cross-session source-only pretraining and source-only validation,,,,,0.43997055292129517,SSM/results/debug_round2/m1/cross_session_mamba2_w256_l4_n16_ctx128_seed0,,legacy_tail,0,,SSM/results/debug_round2/m1/cross_session_mamba2_w256_l4_n16_ctx128_seed0/metrics.json,,16,2000,,,,m1,200,,0.0001,256
,ridge,,32,0.7652682065963745,,128,trial_causal_fixed_window,/mnt/data/work_host/SPINT/SPINT-main/data,4,cuda:0,0.1,,256,modern_debug,,True,mamba2,4,0.001,1024,cross_session,mamba2,,,50591,,,results/debug_round2/m1/cross_session_mamba2_w256_l4_n16_ctx128_seed0,2143056,,cross-session source-only pretraining and source-only validation,,,,,0.5151015520095825,SSM/results/debug_round2/m1/cross_session_mamba2_w256_l4_n16_ctx128_seed0,,all_valid_trial,0,,SSM/results/debug_round2/m1/cross_session_mamba2_w256_l4_n16_ctx128_seed0/metrics.json,,16,2000,,,,m1,200,,0.0001,256
,zero,,32,0.6087625026702881,,128,trial_causal_fixed_window,/mnt/data/work_host/SPINT/SPINT-main/data,2,cuda:0,0.1,,256,modern_debug,,True,s4d,2,0.001,1024,within_session_prefix,s4d,,,31971,,,results/debug_round2/m1/within_session_prefix_s4d_w128_l2_n16_ctx128_seed0,259472,,within-session target-prefix supervised diagnostic; fixed query tail excluded from fitting and selection,,,,,0.36569470167160034,SSM/results/debug_round2/m1/within_session_prefix_s4d_w128_l2_n16_ctx128_seed0,,legacy_tail,0,,SSM/results/debug_round2/m1/within_session_prefix_s4d_w128_l2_n16_ctx128_seed0/metrics.json,,16,2000,,,,m1,200,,0.0001,128
,zero,,32,0.6087625026702881,,128,trial_causal_fixed_window,/mnt/data/work_host/SPINT/SPINT-main/data,2,cuda:0,0.1,,256,modern_debug,,True,s4d,2,0.001,1024,within_session_prefix,s4d,,,50591,,,results/debug_round2/m1/within_session_prefix_s4d_w128_l2_n16_ctx128_seed0,259472,,within-session target-prefix supervised diagnostic; fixed query tail excluded from fitting and selection,,,,,0.4479127526283264,SSM/results/debug_round2/m1/within_session_prefix_s4d_w128_l2_n16_ctx128_seed0,,all_valid_trial,0,,SSM/results/debug_round2/m1/within_session_prefix_s4d_w128_l2_n16_ctx128_seed0/metrics.json,,16,2000,,,,m1,200,,0.0001,128
,ridge,,32,0.6087625026702881,,128,trial_causal_fixed_window,/mnt/data/work_host/SPINT/SPINT-main/data,2,cuda:0,0.1,,256,modern_debug,,True,s4d,2,0.001,1024,within_session_prefix,s4d,,,31971,,,results/debug_round2/m1/within_session_prefix_s4d_w128_l2_n16_ctx128_seed0,259472,,within-session target-prefix supervised diagnostic; fixed query tail excluded from fitting and selection,,,,,0.3772246837615967,SSM/results/debug_round2/m1/within_session_prefix_s4d_w128_l2_n16_ctx128_seed0,,legacy_tail,0,,SSM/results/debug_round2/m1/within_session_prefix_s4d_w128_l2_n16_ctx128_seed0/metrics.json,,16,2000,,,,m1,200,,0.0001,128
,ridge,,32,0.6087625026702881,,128,trial_causal_fixed_window,/mnt/data/work_host/SPINT/SPINT-main/data,2,cuda:0,0.1,,256,modern_debug,,True,s4d,2,0.001,1024,within_session_prefix,s4d,,,50591,,,results/debug_round2/m1/within_session_prefix_s4d_w128_l2_n16_ctx128_seed0,259472,,within-session target-prefix supervised diagnostic; fixed query tail excluded from fitting and selection,,,,,0.45920926332473755,SSM/results/debug_round2/m1/within_session_prefix_s4d_w128_l2_n16_ctx128_seed0,,all_valid_trial,0,,SSM/results/debug_round2/m1/within_session_prefix_s4d_w128_l2_n16_ctx128_seed0/metrics.json,,16,2000,,,,m1,200,,0.0001,128
,zero,,32,0.6417418122291565,,128,trial_causal_fixed_window,/mnt/data/work_host/SPINT/SPINT-main/data,1,cuda:0,0.1,,256,modern_debug,,True,osc,2,0.001,1024,cross_session,osc,,,31971,,,results/debug_round2/m1/cross_session_osc_w64_l2_n16_ctx128_seed0,5328,,cross-session source-only pretraining and source-only validation,,,,,0.3852330446243286,SSM/results/debug_round2/m1/cross_session_osc_w64_l2_n16_ctx128_seed0,,legacy_tail,0,,SSM/results/debug_round2/m1/cross_session_osc_w64_l2_n16_ctx128_seed0/metrics.json,,16,2000,,,,m1,200,,0.0001,64
,zero,,32,0.6417418122291565,,128,trial_causal_fixed_window,/mnt/data/work_host/SPINT/SPINT-main/data,1,cuda:0,0.1,,256,modern_debug,,True,osc,2,0.001,1024,cross_session,osc,,,50591,,,results/debug_round2/m1/cross_session_osc_w64_l2_n16_ctx128_seed0,5328,,cross-session source-only pretraining and source-only validation,,,,,0.4406224489212036,SSM/results/debug_round2/m1/cross_session_osc_w64_l2_n16_ctx128_seed0,,all_valid_trial,0,,SSM/results/debug_round2/m1/cross_session_osc_w64_l2_n16_ctx128_seed0/metrics.json,,16,2000,,,,m1,200,,0.0001,64
,ridge,,32,0.6417418122291565,,128,trial_causal_fixed_window,/mnt/data/work_host/SPINT/SPINT-main/data,1,cuda:0,0.1,,256,modern_debug,,True,osc,2,0.001,1024,cross_session,osc,,,31971,,,results/debug_round2/m1/cross_session_osc_w64_l2_n16_ctx128_seed0,5328,,cross-session source-only pretraining and source-only validation,,,,,0.44399845600128174,SSM/results/debug_round2/m1/cross_session_osc_w64_l2_n16_ctx128_seed0,,legacy_tail,0,,SSM/results/debug_round2/m1/cross_session_osc_w64_l2_n16_ctx128_seed0/metrics.json,,16,2000,,,,m1,200,,0.0001,64
,ridge,,32,0.6417418122291565,,128,trial_causal_fixed_window,/mnt/data/work_host/SPINT/SPINT-main/data,1,cuda:0,0.1,,256,modern_debug,,True,osc,2,0.001,1024,cross_session,osc,,,50591,,,results/debug_round2/m1/cross_session_osc_w64_l2_n16_ctx128_seed0,5328,,cross-session source-only pretraining and source-only validation,,,,,0.5007165670394897,SSM/results/debug_round2/m1/cross_session_osc_w64_l2_n16_ctx128_seed0,,all_valid_trial,0,,SSM/results/debug_round2/m1/cross_session_osc_w64_l2_n16_ctx128_seed0/metrics.json,,16,2000,,,,m1,200,,0.0001,64
,zero,,32,0.7787479162216187,,128,trial_causal_fixed_window,/mnt/data/work_host/SPINT/SPINT-main/data,1,cuda:0,0.1,,256,modern_debug,,True,gru,2,0.001,1024,cross_session,gru,,,31971,,,results/debug_round2/m1/cross_session_gru_w128_l2_n16_ctx128_seed0,109456,,cross-session source-only pretraining and source-only validation,,,,,0.23200035095214844,SSM/results/debug_round2/m1/cross_session_gru_w128_l2_n16_ctx128_seed0,,legacy_tail,0,,SSM/results/debug_round2/m1/cross_session_gru_w128_l2_n16_ctx128_seed0/metrics.json,,16,2000,,,,m1,200,,0.0001,128
,zero,,32,0.7787479162216187,,128,trial_causal_fixed_window,/mnt/data/work_host/SPINT/SPINT-main/data,1,cuda:0,0.1,,256,modern_debug,,True,gru,2,0.001,1024,cross_session,gru,,,50591,,,results/debug_round2/m1/cross_session_gru_w128_l2_n16_ctx128_seed0,109456,,cross-session source-only pretraining and source-only validation,,,,,0.32435423135757446,SSM/results/debug_round2/m1/cross_session_gru_w128_l2_n16_ctx128_seed0,,all_valid_trial,0,,SSM/results/debug_round2/m1/cross_session_gru_w128_l2_n16_ctx128_seed0/metrics.json,,16,2000,,,,m1,200,,0.0001,128
,ridge,,32,0.7787479162216187,,128,trial_causal_fixed_window,/mnt/data/work_host/SPINT/SPINT-main/data,1,cuda:0,0.1,,256,modern_debug,,True,gru,2,0.001,1024,cross_session,gru,,,31971,,,results/debug_round2/m1/cross_session_gru_w128_l2_n16_ctx128_seed0,109456,,cross-session source-only pretraining and source-only validation,,,,,0.38096439838409424,SSM/results/debug_round2/m1/cross_session_gru_w128_l2_n16_ctx128_seed0,,legacy_tail,0,,SSM/results/debug_round2/m1/cross_session_gru_w128_l2_n16_ctx128_seed0/metrics.json,,16,2000,,,,m1,200,,0.0001,128
,ridge,,32,0.7787479162216187,,128,trial_causal_fixed_window,/mnt/data/work_host/SPINT/SPINT-main/data,1,cuda:0,0.1,,256,modern_debug,,True,gru,2,0.001,1024,cross_session,gru,,,50591,,,results/debug_round2/m1/cross_session_gru_w128_l2_n16_ctx128_seed0,109456,,cross-session source-only pretraining and source-only validation,,,,,0.4657100439071655,SSM/results/debug_round2/m1/cross_session_gru_w128_l2_n16_ctx128_seed0,,all_valid_trial,0,,SSM/results/debug_round2/m1/cross_session_gru_w128_l2_n16_ctx128_seed0/metrics.json,,16,2000,,,,m1,200,,0.0001,128
all,zero,,32,0.7408073544502258,,128,recording_causal_fixed_window,/mnt/data/work_host/SPINT/SPINT-main/data,1,cuda:0,0.1,,64,modern_debug,,True,s4d,1,0.001,1024,cross_session,s4d,,,31971,,,results/debug_round2/session_context/m1_s4d_w64_l1_n16,38864,,cross-session source-only pretraining and source-only validation,,,,,0.35910969972610474,SSM/results/debug_round2/session_context/m1_s4d_w64_l1_n16,,legacy_tail,0,,SSM/results/debug_round2/session_context/m1_s4d_w64_l1_n16/metrics.json,,16,2000,,,,m1,200,,0.0001,64
all,zero,,32,0.7408073544502258,,128,recording_causal_fixed_window,/mnt/data/work_host/SPINT/SPINT-main/data,1,cuda:0,0.1,,64,modern_debug,,True,s4d,1,0.001,1024,cross_session,s4d,,,50591,,,results/debug_round2/session_context/m1_s4d_w64_l1_n16,38864,,cross-session source-only pretraining and source-only validation,,,,,0.43915659189224243,SSM/results/debug_round2/session_context/m1_s4d_w64_l1_n16,,all_valid_trial,0,,SSM/results/debug_round2/session_context/m1_s4d_w64_l1_n16/metrics.json,,16,2000,,,,m1,200,,0.0001,64
all,ridge,,32,0.7408073544502258,,128,recording_causal_fixed_window,/mnt/data/work_host/SPINT/SPINT-main/data,1,cuda:0,0.1,,64,modern_debug,,True,s4d,1,0.001,1024,cross_session,s4d,,,31971,,,results/debug_round2/session_context/m1_s4d_w64_l1_n16,38864,,cross-session source-only pretraining and source-only validation,,,,,0.5006942749023438,SSM/results/debug_round2/session_context/m1_s4d_w64_l1_n16,,legacy_tail,0,,SSM/results/debug_round2/session_context/m1_s4d_w64_l1_n16/metrics.json,,16,2000,,,,m1,200,,0.0001,64
all,ridge,,32,0.7408073544502258,,128,recording_causal_fixed_window,/mnt/data/work_host/SPINT/SPINT-main/data,1,cuda:0,0.1,,64,modern_debug,,True,s4d,1,0.001,1024,cross_session,s4d,,,50591,,,results/debug_round2/session_context/m1_s4d_w64_l1_n16,38864,,cross-session source-only pretraining and source-only validation,,,,,0.5629851818084717,SSM/results/debug_round2/session_context/m1_s4d_w64_l1_n16,,all_valid_trial,0,,SSM/results/debug_round2/session_context/m1_s4d_w64_l1_n16/metrics.json,,16,2000,,,,m1,200,,0.0001,64
all,zero,,32,0.48059922456741333,,128,recording_causal_fixed_window,/mnt/data/work_host/SPINT/SPINT-main/data,2,cuda:0,0.1,,64,modern_debug,,True,s4d,2,0.001,1024,cross_session,s4d,,,2747,,,results/debug_round2/session_context/m2_s4d_w128_l2_n16,261762,,cross-session source-only pretraining and source-only validation,,,,,-0.4499298334121704,SSM/results/debug_round2/session_context/m2_s4d_w128_l2_n16,,legacy_tail,0,,SSM/results/debug_round2/session_context/m2_s4d_w128_l2_n16/metrics.json,,16,2000,,,,m2,200,,0.0001,128
all,zero,,32,0.48059922456741333,,128,recording_causal_fixed_window,/mnt/data/work_host/SPINT/SPINT-main/data,2,cuda:0,0.1,,64,modern_debug,,True,s4d,2,0.001,1024,cross_session,s4d,,,14115,,,results/debug_round2/session_context/m2_s4d_w128_l2_n16,261762,,cross-session source-only pretraining and source-only validation,,,,,0.21225816011428833,SSM/results/debug_round2/session_context/m2_s4d_w128_l2_n16,,all_valid_trial,0,,SSM/results/debug_round2/session_context/m2_s4d_w128_l2_n16/metrics.json,,16,2000,,,,m2,200,,0.0001,128
all,ridge,,32,0.48059922456741333,,128,recording_causal_fixed_window,/mnt/data/work_host/SPINT/SPINT-main/data,2,cuda:0,0.1,,64,modern_debug,,True,s4d,2,0.001,1024,cross_session,s4d,,,2747,,,results/debug_round2/session_context/m2_s4d_w128_l2_n16,261762,,cross-session source-only pretraining and source-only validation,,,,,-0.20329034328460693,SSM/results/debug_round2/session_context/m2_s4d_w128_l2_n16,,legacy_tail,0,,SSM/results/debug_round2/session_context/m2_s4d_w128_l2_n16/metrics.json,,16,2000,,,,m2,200,,0.0001,128
all,ridge,,32,0.48059922456741333,,128,recording_causal_fixed_window,/mnt/data/work_host/SPINT/SPINT-main/data,2,cuda:0,0.1,,64,modern_debug,,True,s4d,2,0.001,1024,cross_session,s4d,,,14115,,,results/debug_round2/session_context/m2_s4d_w128_l2_n16,261762,,cross-session source-only pretraining and source-only validation,,,,,0.2666066884994507,SSM/results/debug_round2/session_context/m2_s4d_w128_l2_n16,,all_valid_trial,0,,SSM/results/debug_round2/session_context/m2_s4d_w128_l2_n16/metrics.json,,16,2000,,,,m2,200,,0.0001,128
all,zero,,32,0.5371603965759277,,128,recording_causal_fixed_window,/mnt/data/work_host/SPINT/SPINT-main/data,1,cuda:0,0.1,,64,modern_debug,,True,s4d,1,0.001,1024,cross_session,s4d,,,2747,,,results/debug_round2/session_context/m2_s4d_w64_l1_n16,40002,,cross-session source-only pretraining and source-only validation,,,,,-0.6463807821273804,SSM/results/debug_round2/session_context/m2_s4d_w64_l1_n16,,legacy_tail,0,,SSM/results/debug_round2/session_context/m2_s4d_w64_l1_n16/metrics.json,,16,2000,,,,m2,200,,0.0001,64
all,zero,,32,0.5371603965759277,,128,recording_causal_fixed_window,/mnt/data/work_host/SPINT/SPINT-main/data,1,cuda:0,0.1,,64,modern_debug,,True,s4d,1,0.001,1024,cross_session,s4d,,,14115,,,results/debug_round2/session_context/m2_s4d_w64_l1_n16,40002,,cross-session source-only pretraining and source-only validation,,,,,-0.05037355422973633,SSM/results/debug_round2/session_context/m2_s4d_w64_l1_n16,,all_valid_trial,0,,SSM/results/debug_round2/session_context/m2_s4d_w64_l1_n16/metrics.json,,16,2000,,,,m2,200,,0.0001,64
all,ridge,,32,0.5371603965759277,,128,recording_causal_fixed_window,/mnt/data/work_host/SPINT/SPINT-main/data,1,cuda:0,0.1,,64,modern_debug,,True,s4d,1,0.001,1024,cross_session,s4d,,,2747,,,results/debug_round2/session_context/m2_s4d_w64_l1_n16,40002,,cross-session source-only pretraining and source-only validation,,,,,-0.21799039840698242,SSM/results/debug_round2/session_context/m2_s4d_w64_l1_n16,,legacy_tail,0,,SSM/results/debug_round2/session_context/m2_s4d_w64_l1_n16/metrics.json,,16,2000,,,,m2,200,,0.0001,64
all,ridge,,32,0.5371603965759277,,128,recording_causal_fixed_window,/mnt/data/work_host/SPINT/SPINT-main/data,1,cuda:0,0.1,,64,modern_debug,,True,s4d,1,0.001,1024,cross_session,s4d,,,14115,,,results/debug_round2/session_context/m2_s4d_w64_l1_n16,40002,,cross-session source-only pretraining and source-only validation,,,,,0.20680582523345947,SSM/results/debug_round2/session_context/m2_s4d_w64_l1_n16,,all_valid_trial,0,,SSM/results/debug_round2/session_context/m2_s4d_w64_l1_n16/metrics.json,,16,2000,,,,m2,200,,0.0001,64
all,zero,,32,0.7784123420715332,,128,recording_causal_fixed_window,/mnt/data/work_host/SPINT/SPINT-main/data,2,cuda:0,0.1,,64,modern_debug,,True,s4d,2,0.001,1024,cross_session,s4d,,,31971,,,results/debug_round2/session_context/m1_s4d_w128_l2_n16,259472,,cross-session source-only pretraining and source-only validation,,,,,0.3730449080467224,SSM/results/debug_round2/session_context/m1_s4d_w128_l2_n16,,legacy_tail,0,,SSM/results/debug_round2/session_context/m1_s4d_w128_l2_n16/metrics.json,,16,2000,,,,m1,200,,0.0001,128
all,zero,,32,0.7784123420715332,,128,recording_causal_fixed_window,/mnt/data/work_host/SPINT/SPINT-main/data,2,cuda:0,0.1,,64,modern_debug,,True,s4d,2,0.001,1024,cross_session,s4d,,,50591,,,results/debug_round2/session_context/m1_s4d_w128_l2_n16,259472,,cross-session source-only pretraining and source-only validation,,,,,0.4350200295448303,SSM/results/debug_round2/session_context/m1_s4d_w128_l2_n16,,all_valid_trial,0,,SSM/results/debug_round2/session_context/m1_s4d_w128_l2_n16/metrics.json,,16,2000,,,,m1,200,,0.0001,128
all,ridge,,32,0.7784123420715332,,128,recording_causal_fixed_window,/mnt/data/work_host/SPINT/SPINT-main/data,2,cuda:0,0.1,,64,modern_debug,,True,s4d,2,0.001,1024,cross_session,s4d,,,31971,,,results/debug_round2/session_context/m1_s4d_w128_l2_n16,259472,,cross-session source-only pretraining and source-only validation,,,,,0.507947564125061,SSM/results/debug_round2/session_context/m1_s4d_w128_l2_n16,,legacy_tail,0,,SSM/results/debug_round2/session_context/m1_s4d_w128_l2_n16/metrics.json,,16,2000,,,,m1,200,,0.0001,128
all,ridge,,32,0.7784123420715332,,128,recording_causal_fixed_window,/mnt/data/work_host/SPINT/SPINT-main/data,2,cuda:0,0.1,,64,modern_debug,,True,s4d,2,0.001,1024,cross_session,s4d,,,50591,,,results/debug_round2/session_context/m1_s4d_w128_l2_n16,259472,,cross-session source-only pretraining and source-only validation,,,,,0.5713834762573242,SSM/results/debug_round2/session_context/m1_s4d_w128_l2_n16,,all_valid_trial,0,,SSM/results/debug_round2/session_context/m1_s4d_w128_l2_n16/metrics.json,,16,2000,,,,m1,200,,0.0001,128
all,zero,,32,0.732674241065979,,128,trial_causal_fixed_window,/mnt/data/work_host/SPINT/SPINT-main/data,2,cuda:0,0.1,,256,modern_debug,,True,mamba3_official,2,0.001,1024,within_session_split,mamba3_official,,,7012,,,results/debug_round2/diagnostics/m1/within_session_split_mamba3_official_w128_l2_n16_ctx128_seed0,352736,,"within-session split diagnostic (60% train, 20% validation, 20% query); sample-size/learning-capacity diagnostic, not comparable to cross-session query cohort",,,,,0.7164894342422485,SSM/results/debug_round2/diagnostics/m1/within_session_split_mamba3_official_w128_l2_n16_ctx128_seed0,,legacy_tail,0,,SSM/results/debug_round2/diagnostics/m1/within_session_split_mamba3_official_w128_l2_n16_ctx128_seed0/metrics.json,,16,2000,,,,m1,200,,0.0001,128
all,zero,,32,0.732674241065979,,128,trial_causal_fixed_window,/mnt/data/work_host/SPINT/SPINT-main/data,2,cuda:0,0.1,,256,modern_debug,,True,mamba3_official,2,0.001,1024,within_session_split,mamba3_official,,,11079,,,results/debug_round2/diagnostics/m1/within_session_split_mamba3_official_w128_l2_n16_ctx128_seed0,352736,,"within-session split diagnostic (60% train, 20% validation, 20% query); sample-size/learning-capacity diagnostic, not comparable to cross-session query cohort",,,,,0.740211009979248,SSM/results/debug_round2/diagnostics/m1/within_session_split_mamba3_official_w128_l2_n16_ctx128_seed0,,all_valid_trial,0,,SSM/results/debug_round2/diagnostics/m1/within_session_split_mamba3_official_w128_l2_n16_ctx128_seed0/metrics.json,,16,2000,,,,m1,200,,0.0001,128
all,ridge,,32,0.732674241065979,,128,trial_causal_fixed_window,/mnt/data/work_host/SPINT/SPINT-main/data,2,cuda:0,0.1,,256,modern_debug,,True,mamba3_official,2,0.001,1024,within_session_split,mamba3_official,,,7012,,,results/debug_round2/diagnostics/m1/within_session_split_mamba3_official_w128_l2_n16_ctx128_seed0,352736,,"within-session split diagnostic (60% train, 20% validation, 20% query); sample-size/learning-capacity diagnostic, not comparable to cross-session query cohort",,,,,0.7154264450073242,SSM/results/debug_round2/diagnostics/m1/within_session_split_mamba3_official_w128_l2_n16_ctx128_seed0,,legacy_tail,0,,SSM/results/debug_round2/diagnostics/m1/within_session_split_mamba3_official_w128_l2_n16_ctx128_seed0/metrics.json,,16,2000,,,,m1,200,,0.0001,128
all,ridge,,32,0.732674241065979,,128,trial_causal_fixed_window,/mnt/data/work_host/SPINT/SPINT-main/data,2,cuda:0,0.1,,256,modern_debug,,True,mamba3_official,2,0.001,1024,within_session_split,mamba3_official,,,11079,,,results/debug_round2/diagnostics/m1/within_session_split_mamba3_official_w128_l2_n16_ctx128_seed0,352736,,"within-session split diagnostic (60% train, 20% validation, 20% query); sample-size/learning-capacity diagnostic, not comparable to cross-session query cohort",,,,,0.740702748298645,SSM/results/debug_round2/diagnostics/m1/within_session_split_mamba3_official_w128_l2_n16_ctx128_seed0,,all_valid_trial,0,,SSM/results/debug_round2/diagnostics/m1/within_session_split_mamba3_official_w128_l2_n16_ctx128_seed0/metrics.json,,16,2000,,,,m1,200,,0.0001,128
all,zero,,32,0.7267172336578369,,128,trial_causal_fixed_window,/mnt/data/work_host/SPINT/SPINT-main/data,2,cuda:0,0.1,,256,modern_debug,,True,s4d,2,0.001,1024,within_session_split,s4d,,,7012,,,results/debug_round2/diagnostics/m1/within_session_split_s4d_w128_l2_n16_ctx128_seed0,259472,,"within-session split diagnostic (60% train, 20% validation, 20% query); sample-size/learning-capacity diagnostic, not comparable to cross-session query cohort",,,,,0.7119048237800598,SSM/results/debug_round2/diagnostics/m1/within_session_split_s4d_w128_l2_n16_ctx128_seed0,,legacy_tail,0,,SSM/results/debug_round2/diagnostics/m1/within_session_split_s4d_w128_l2_n16_ctx128_seed0/metrics.json,,16,2000,,,,m1,200,,0.0001,128
all,zero,,32,0.7267172336578369,,128,trial_causal_fixed_window,/mnt/data/work_host/SPINT/SPINT-main/data,2,cuda:0,0.1,,256,modern_debug,,True,s4d,2,0.001,1024,within_session_split,s4d,,,11079,,,results/debug_round2/diagnostics/m1/within_session_split_s4d_w128_l2_n16_ctx128_seed0,259472,,"within-session split diagnostic (60% train, 20% validation, 20% query); sample-size/learning-capacity diagnostic, not comparable to cross-session query cohort",,,,,0.7391197681427002,SSM/results/debug_round2/diagnostics/m1/within_session_split_s4d_w128_l2_n16_ctx128_seed0,,all_valid_trial,0,,SSM/results/debug_round2/diagnostics/m1/within_session_split_s4d_w128_l2_n16_ctx128_seed0/metrics.json,,16,2000,,,,m1,200,,0.0001,128
all,ridge,,32,0.7267172336578369,,128,trial_causal_fixed_window,/mnt/data/work_host/SPINT/SPINT-main/data,2,cuda:0,0.1,,256,modern_debug,,True,s4d,2,0.001,1024,within_session_split,s4d,,,7012,,,results/debug_round2/diagnostics/m1/within_session_split_s4d_w128_l2_n16_ctx128_seed0,259472,,"within-session split diagnostic (60% train, 20% validation, 20% query); sample-size/learning-capacity diagnostic, not comparable to cross-session query cohort",,,,,0.7140448093414307,SSM/results/debug_round2/diagnostics/m1/within_session_split_s4d_w128_l2_n16_ctx128_seed0,,legacy_tail,0,,SSM/results/debug_round2/diagnostics/m1/within_session_split_s4d_w128_l2_n16_ctx128_seed0/metrics.json,,16,2000,,,,m1,200,,0.0001,128
all,ridge,,32,0.7267172336578369,,128,trial_causal_fixed_window,/mnt/data/work_host/SPINT/SPINT-main/data,2,cuda:0,0.1,,256,modern_debug,,True,s4d,2,0.001,1024,within_session_split,s4d,,,11079,,,results/debug_round2/diagnostics/m1/within_session_split_s4d_w128_l2_n16_ctx128_seed0,259472,,"within-session split diagnostic (60% train, 20% validation, 20% query); sample-size/learning-capacity diagnostic, not comparable to cross-session query cohort",,,,,0.7405593395233154,SSM/results/debug_round2/diagnostics/m1/within_session_split_s4d_w128_l2_n16_ctx128_seed0,,all_valid_trial,0,,SSM/results/debug_round2/diagnostics/m1/within_session_split_s4d_w128_l2_n16_ctx128_seed0/metrics.json,,16,2000,,,,m1,200,,0.0001,128
all,zero,,32,0.7452746629714966,,128,trial_causal_fixed_window,/mnt/data/work_host/SPINT/SPINT-main/data,1,cuda:0,0.1,,256,modern_debug,,True,gru,2,0.001,1024,within_session_split,gru,,,7012,,,results/debug_round2/diagnostics/m1/within_session_split_gru_w128_l2_n16_ctx128_seed0,109456,,"within-session split diagnostic (60% train, 20% validation, 20% query); sample-size/learning-capacity diagnostic, not comparable to cross-session query cohort",,,,,0.7449330687522888,SSM/results/debug_round2/diagnostics/m1/within_session_split_gru_w128_l2_n16_ctx128_seed0,,legacy_tail,0,,SSM/results/debug_round2/diagnostics/m1/within_session_split_gru_w128_l2_n16_ctx128_seed0/metrics.json,,16,2000,,,,m1,200,,0.0001,128
all,zero,,32,0.7452746629714966,,128,trial_causal_fixed_window,/mnt/data/work_host/SPINT/SPINT-main/data,1,cuda:0,0.1,,256,modern_debug,,True,gru,2,0.001,1024,within_session_split,gru,,,11079,,,results/debug_round2/diagnostics/m1/within_session_split_gru_w128_l2_n16_ctx128_seed0,109456,,"within-session split diagnostic (60% train, 20% validation, 20% query); sample-size/learning-capacity diagnostic, not comparable to cross-session query cohort",,,,,0.7645801305770874,SSM/results/debug_round2/diagnostics/m1/within_session_split_gru_w128_l2_n16_ctx128_seed0,,all_valid_trial,0,,SSM/results/debug_round2/diagnostics/m1/within_session_split_gru_w128_l2_n16_ctx128_seed0/metrics.json,,16,2000,,,,m1,200,,0.0001,128
all,ridge,,32,0.7452746629714966,,128,trial_causal_fixed_window,/mnt/data/work_host/SPINT/SPINT-main/data,1,cuda:0,0.1,,256,modern_debug,,True,gru,2,0.001,1024,within_session_split,gru,,,7012,,,results/debug_round2/diagnostics/m1/within_session_split_gru_w128_l2_n16_ctx128_seed0,109456,,"within-session split diagnostic (60% train, 20% validation, 20% query); sample-size/learning-capacity diagnostic, not comparable to cross-session query cohort",,,,,0.7321975827217102,SSM/results/debug_round2/diagnostics/m1/within_session_split_gru_w128_l2_n16_ctx128_seed0,,legacy_tail,0,,SSM/results/debug_round2/diagnostics/m1/within_session_split_gru_w128_l2_n16_ctx128_seed0/metrics.json,,16,2000,,,,m1,200,,0.0001,128
all,ridge,,32,0.7452746629714966,,128,trial_causal_fixed_window,/mnt/data/work_host/SPINT/SPINT-main/data,1,cuda:0,0.1,,256,modern_debug,,True,gru,2,0.001,1024,within_session_split,gru,,,11079,,,results/debug_round2/diagnostics/m1/within_session_split_gru_w128_l2_n16_ctx128_seed0,109456,,"within-session split diagnostic (60% train, 20% validation, 20% query); sample-size/learning-capacity diagnostic, not comparable to cross-session query cohort",,,,,0.7534646987915039,SSM/results/debug_round2/diagnostics/m1/within_session_split_gru_w128_l2_n16_ctx128_seed0,,all_valid_trial,0,,SSM/results/debug_round2/diagnostics/m1/within_session_split_gru_w128_l2_n16_ctx128_seed0/metrics.json,,16,2000,,,,m1,200,,0.0001,128
io,zero,,32,0.8021245002746582,,128,trial_causal_fixed_window,/mnt/data/work_host/SPINT/SPINT-main/data,2,cuda:0,0.1,,256,modern_debug,,True,s4d,2,0.001,1024,within_session_prefix,s4d,,,31971,,,results/debug_round2/diagnostics/m1/within_session_prefix_s4d_w128_l2_n16_ctx128_seed0,259472,,within-session target-prefix supervised diagnostic; fixed query tail excluded from fitting and selection,,,,,0.5474397540092468,SSM/results/debug_round2/diagnostics/m1/within_session_prefix_s4d_w128_l2_n16_ctx128_seed0,,legacy_tail,0,,SSM/results/debug_round2/diagnostics/m1/within_session_prefix_s4d_w128_l2_n16_ctx128_seed0/metrics.json,,16,500,,,,m1,200,results/debug_round2/m1/cross_session_s4d_w128_l2_n16_ctx128_seed0/best.pt,0.0001,128
io,zero,,32,0.8021245002746582,,128,trial_causal_fixed_window,/mnt/data/work_host/SPINT/SPINT-main/data,2,cuda:0,0.1,,256,modern_debug,,True,s4d,2,0.001,1024,within_session_prefix,s4d,,,50591,,,results/debug_round2/diagnostics/m1/within_session_prefix_s4d_w128_l2_n16_ctx128_seed0,259472,,within-session target-prefix supervised diagnostic; fixed query tail excluded from fitting and selection,,,,,0.6058043837547302,SSM/results/debug_round2/diagnostics/m1/within_session_prefix_s4d_w128_l2_n16_ctx128_seed0,,all_valid_trial,0,,SSM/results/debug_round2/diagnostics/m1/within_session_prefix_s4d_w128_l2_n16_ctx128_seed0/metrics.json,,16,500,,,,m1,200,results/debug_round2/m1/cross_session_s4d_w128_l2_n16_ctx128_seed0/best.pt,0.0001,128
io,ridge,,32,0.8021245002746582,,128,trial_causal_fixed_window,/mnt/data/work_host/SPINT/SPINT-main/data,2,cuda:0,0.1,,256,modern_debug,,True,s4d,2,0.001,1024,within_session_prefix,s4d,,,31971,,,results/debug_round2/diagnostics/m1/within_session_prefix_s4d_w128_l2_n16_ctx128_seed0,259472,,within-session target-prefix supervised diagnostic; fixed query tail excluded from fitting and selection,,,,,0.5422501564025879,SSM/results/debug_round2/diagnostics/m1/within_session_prefix_s4d_w128_l2_n16_ctx128_seed0,,legacy_tail,0,,SSM/results/debug_round2/diagnostics/m1/within_session_prefix_s4d_w128_l2_n16_ctx128_seed0/metrics.json,,16,500,,,,m1,200,results/debug_round2/m1/cross_session_s4d_w128_l2_n16_ctx128_seed0/best.pt,0.0001,128
io,ridge,,32,0.8021245002746582,,128,trial_causal_fixed_window,/mnt/data/work_host/SPINT/SPINT-main/data,2,cuda:0,0.1,,256,modern_debug,,True,s4d,2,0.001,1024,within_session_prefix,s4d,,,50591,,,results/debug_round2/diagnostics/m1/within_session_prefix_s4d_w128_l2_n16_ctx128_seed0,259472,,within-session target-prefix supervised diagnostic; fixed query tail excluded from fitting and selection,,,,,0.6012264490127563,SSM/results/debug_round2/diagnostics/m1/within_session_prefix_s4d_w128_l2_n16_ctx128_seed0,,all_valid_trial,0,,SSM/results/debug_round2/diagnostics/m1/within_session_prefix_s4d_w128_l2_n16_ctx128_seed0/metrics.json,,16,500,,,,m1,200,results/debug_round2/m1/cross_session_s4d_w128_l2_n16_ctx128_seed0/best.pt,0.0001,128
all,zero,,32,0.42757946252822876,,128,trial_causal_fixed_window,/mnt/data/work_host/SPINT/SPINT-main/data,2,cuda:1,0.1,,256,modern_debug,,True,mamba3_official,2,0.001,1024,within_session_split,mamba3_official,,,556,,,results/debug_round2/diagnostics/m2/within_session_split_mamba3_official_w128_l2_n16_ctx128_seed0,355026,,"within-session split diagnostic (60% train, 20% validation, 20% query); sample-size/learning-capacity diagnostic, not comparable to cross-session query cohort",,,,,-0.01933467388153076,SSM/results/debug_round2/diagnostics/m2/within_session_split_mamba3_official_w128_l2_n16_ctx128_seed0,,legacy_tail,0,,SSM/results/debug_round2/diagnostics/m2/within_session_split_mamba3_official_w128_l2_n16_ctx128_seed0/metrics.json,,16,2000,,,,m2,200,,0.0001,128
all,zero,,32,0.42757946252822876,,128,trial_causal_fixed_window,/mnt/data/work_host/SPINT/SPINT-main/data,2,cuda:1,0.1,,256,modern_debug,,True,mamba3_official,2,0.001,1024,within_session_split,mamba3_official,,,3153,,,results/debug_round2/diagnostics/m2/within_session_split_mamba3_official_w128_l2_n16_ctx128_seed0,355026,,"within-session split diagnostic (60% train, 20% validation, 20% query); sample-size/learning-capacity diagnostic, not comparable to cross-session query cohort",,,,,0.4535875916481018,SSM/results/debug_round2/diagnostics/m2/within_session_split_mamba3_official_w128_l2_n16_ctx128_seed0,,all_valid_trial,0,,SSM/results/debug_round2/diagnostics/m2/within_session_split_mamba3_official_w128_l2_n16_ctx128_seed0/metrics.json,,16,2000,,,,m2,200,,0.0001,128
all,ridge,,32,0.42757946252822876,,128,trial_causal_fixed_window,/mnt/data/work_host/SPINT/SPINT-main/data,2,cuda:1,0.1,,256,modern_debug,,True,mamba3_official,2,0.001,1024,within_session_split,mamba3_official,,,556,,,results/debug_round2/diagnostics/m2/within_session_split_mamba3_official_w128_l2_n16_ctx128_seed0,355026,,"within-session split diagnostic (60% train, 20% validation, 20% query); sample-size/learning-capacity diagnostic, not comparable to cross-session query cohort",,,,,0.03256803750991821,SSM/results/debug_round2/diagnostics/m2/within_session_split_mamba3_official_w128_l2_n16_ctx128_seed0,,legacy_tail,0,,SSM/results/debug_round2/diagnostics/m2/within_session_split_mamba3_official_w128_l2_n16_ctx128_seed0/metrics.json,,16,2000,,,,m2,200,,0.0001,128
all,ridge,,32,0.42757946252822876,,128,trial_causal_fixed_window,/mnt/data/work_host/SPINT/SPINT-main/data,2,cuda:1,0.1,,256,modern_debug,,True,mamba3_official,2,0.001,1024,within_session_split,mamba3_official,,,3153,,,results/debug_round2/diagnostics/m2/within_session_split_mamba3_official_w128_l2_n16_ctx128_seed0,355026,,"within-session split diagnostic (60% train, 20% validation, 20% query); sample-size/learning-capacity diagnostic, not comparable to cross-session query cohort",,,,,0.44856882095336914,SSM/results/debug_round2/diagnostics/m2/within_session_split_mamba3_official_w128_l2_n16_ctx128_seed0,,all_valid_trial,0,,SSM/results/debug_round2/diagnostics/m2/within_session_split_mamba3_official_w128_l2_n16_ctx128_seed0/metrics.json,,16,2000,,,,m2,200,,0.0001,128
all,zero,,32,0.3329859972000122,,128,trial_causal_fixed_window,/mnt/data/work_host/SPINT/SPINT-main/data,2,cuda:1,0.1,,256,modern_debug,,True,s4d,2,0.001,1024,within_session_split,s4d,,,556,,,results/debug_round2/diagnostics/m2/within_session_split_s4d_w128_l2_n16_ctx128_seed0,261762,,"within-session split diagnostic (60% train, 20% validation, 20% query); sample-size/learning-capacity diagnostic, not comparable to cross-session query cohort",,,,,-0.28488826751708984,SSM/results/debug_round2/diagnostics/m2/within_session_split_s4d_w128_l2_n16_ctx128_seed0,,legacy_tail,0,,SSM/results/debug_round2/diagnostics/m2/within_session_split_s4d_w128_l2_n16_ctx128_seed0/metrics.json,,16,2000,,,,m2,200,,0.0001,128
all,zero,,32,0.3329859972000122,,128,trial_causal_fixed_window,/mnt/data/work_host/SPINT/SPINT-main/data,2,cuda:1,0.1,,256,modern_debug,,True,s4d,2,0.001,1024,within_session_split,s4d,,,3153,,,results/debug_round2/diagnostics/m2/within_session_split_s4d_w128_l2_n16_ctx128_seed0,261762,,"within-session split diagnostic (60% train, 20% validation, 20% query); sample-size/learning-capacity diagnostic, not comparable to cross-session query cohort",,,,,0.34318119287490845,SSM/results/debug_round2/diagnostics/m2/within_session_split_s4d_w128_l2_n16_ctx128_seed0,,all_valid_trial,0,,SSM/results/debug_round2/diagnostics/m2/within_session_split_s4d_w128_l2_n16_ctx128_seed0/metrics.json,,16,2000,,,,m2,200,,0.0001,128
all,ridge,,32,0.3329859972000122,,128,trial_causal_fixed_window,/mnt/data/work_host/SPINT/SPINT-main/data,2,cuda:1,0.1,,256,modern_debug,,True,s4d,2,0.001,1024,within_session_split,s4d,,,556,,,results/debug_round2/diagnostics/m2/within_session_split_s4d_w128_l2_n16_ctx128_seed0,261762,,"within-session split diagnostic (60% train, 20% validation, 20% query); sample-size/learning-capacity diagnostic, not comparable to cross-session query cohort",,,,,-0.22061026096343994,SSM/results/debug_round2/diagnostics/m2/within_session_split_s4d_w128_l2_n16_ctx128_seed0,,legacy_tail,0,,SSM/results/debug_round2/diagnostics/m2/within_session_split_s4d_w128_l2_n16_ctx128_seed0/metrics.json,,16,2000,,,,m2,200,,0.0001,128
all,ridge,,32,0.3329859972000122,,128,trial_causal_fixed_window,/mnt/data/work_host/SPINT/SPINT-main/data,2,cuda:1,0.1,,256,modern_debug,,True,s4d,2,0.001,1024,within_session_split,s4d,,,3153,,,results/debug_round2/diagnostics/m2/within_session_split_s4d_w128_l2_n16_ctx128_seed0,261762,,"within-session split diagnostic (60% train, 20% validation, 20% query); sample-size/learning-capacity diagnostic, not comparable to cross-session query cohort",,,,,0.34241408109664917,SSM/results/debug_round2/diagnostics/m2/within_session_split_s4d_w128_l2_n16_ctx128_seed0,,all_valid_trial,0,,SSM/results/debug_round2/diagnostics/m2/within_session_split_s4d_w128_l2_n16_ctx128_seed0/metrics.json,,16,2000,,,,m2,200,,0.0001,128
all,zero,,32,0.3788057565689087,,128,trial_causal_fixed_window,/mnt/data/work_host/SPINT/SPINT-main/data,1,cuda:1,0.1,,256,modern_debug,,True,gru,2,0.001,1024,within_session_split,gru,,,556,,,results/debug_round2/diagnostics/m2/within_session_split_gru_w128_l2_n16_ctx128_seed0,111746,,"within-session split diagnostic (60% train, 20% validation, 20% query); sample-size/learning-capacity diagnostic, not comparable to cross-session query cohort",,,,,-0.2550065517425537,SSM/results/debug_round2/diagnostics/m2/within_session_split_gru_w128_l2_n16_ctx128_seed0,,legacy_tail,0,,SSM/results/debug_round2/diagnostics/m2/within_session_split_gru_w128_l2_n16_ctx128_seed0/metrics.json,,16,2000,,,,m2,200,,0.0001,128
all,zero,,32,0.3788057565689087,,128,trial_causal_fixed_window,/mnt/data/work_host/SPINT/SPINT-main/data,1,cuda:1,0.1,,256,modern_debug,,True,gru,2,0.001,1024,within_session_split,gru,,,3153,,,results/debug_round2/diagnostics/m2/within_session_split_gru_w128_l2_n16_ctx128_seed0,111746,,"within-session split diagnostic (60% train, 20% validation, 20% query); sample-size/learning-capacity diagnostic, not comparable to cross-session query cohort",,,,,0.3911702632904053,SSM/results/debug_round2/diagnostics/m2/within_session_split_gru_w128_l2_n16_ctx128_seed0,,all_valid_trial,0,,SSM/results/debug_round2/diagnostics/m2/within_session_split_gru_w128_l2_n16_ctx128_seed0/metrics.json,,16,2000,,,,m2,200,,0.0001,128
all,ridge,,32,0.3788057565689087,,128,trial_causal_fixed_window,/mnt/data/work_host/SPINT/SPINT-main/data,1,cuda:1,0.1,,256,modern_debug,,True,gru,2,0.001,1024,within_session_split,gru,,,556,,,results/debug_round2/diagnostics/m2/within_session_split_gru_w128_l2_n16_ctx128_seed0,111746,,"within-session split diagnostic (60% train, 20% validation, 20% query); sample-size/learning-capacity diagnostic, not comparable to cross-session query cohort",,,,,-0.2590280771255493,SSM/results/debug_round2/diagnostics/m2/within_session_split_gru_w128_l2_n16_ctx128_seed0,,legacy_tail,0,,SSM/results/debug_round2/diagnostics/m2/within_session_split_gru_w128_l2_n16_ctx128_seed0/metrics.json,,16,2000,,,,m2,200,,0.0001,128
all,ridge,,32,0.3788057565689087,,128,trial_causal_fixed_window,/mnt/data/work_host/SPINT/SPINT-main/data,1,cuda:1,0.1,,256,modern_debug,,True,gru,2,0.001,1024,within_session_split,gru,,,3153,,,results/debug_round2/diagnostics/m2/within_session_split_gru_w128_l2_n16_ctx128_seed0,111746,,"within-session split diagnostic (60% train, 20% validation, 20% query); sample-size/learning-capacity diagnostic, not comparable to cross-session query cohort",,,,,0.3906407356262207,SSM/results/debug_round2/diagnostics/m2/within_session_split_gru_w128_l2_n16_ctx128_seed0,,all_valid_trial,0,,SSM/results/debug_round2/diagnostics/m2/within_session_split_gru_w128_l2_n16_ctx128_seed0/metrics.json,,16,2000,,,,m2,200,,0.0001,128
io,zero,,32,0.37654292583465576,,128,trial_causal_fixed_window,/mnt/data/work_host/SPINT/SPINT-main/data,2,cuda:1,0.1,,256,modern_debug,,True,s4d,2,0.001,1024,within_session_prefix,s4d,,,2747,,,results/debug_round2/diagnostics/m2/within_session_prefix_s4d_w128_l2_n16_ctx128_seed0,261762,,within-session target-prefix supervised diagnostic; fixed query tail excluded from fitting and selection,,,,,-0.1316465139389038,SSM/results/debug_round2/diagnostics/m2/within_session_prefix_s4d_w128_l2_n16_ctx128_seed0,,legacy_tail,0,,SSM/results/debug_round2/diagnostics/m2/within_session_prefix_s4d_w128_l2_n16_ctx128_seed0/metrics.json,,16,500,,,,m2,200,results/debug_round2/m2/cross_session_s4d_w128_l2_n16_ctx128_seed0/best.pt,0.0001,128
io,zero,,32,0.37654292583465576,,128,trial_causal_fixed_window,/mnt/data/work_host/SPINT/SPINT-main/data,2,cuda:1,0.1,,256,modern_debug,,True,s4d,2,0.001,1024,within_session_prefix,s4d,,,14115,,,results/debug_round2/diagnostics/m2/within_session_prefix_s4d_w128_l2_n16_ctx128_seed0,261762,,within-session target-prefix supervised diagnostic; fixed query tail excluded from fitting and selection,,,,,0.2837912440299988,SSM/results/debug_round2/diagnostics/m2/within_session_prefix_s4d_w128_l2_n16_ctx128_seed0,,all_valid_trial,0,,SSM/results/debug_round2/diagnostics/m2/within_session_prefix_s4d_w128_l2_n16_ctx128_seed0/metrics.json,,16,500,,,,m2,200,results/debug_round2/m2/cross_session_s4d_w128_l2_n16_ctx128_seed0/best.pt,0.0001,128
io,ridge,,32,0.37654292583465576,,128,trial_causal_fixed_window,/mnt/data/work_host/SPINT/SPINT-main/data,2,cuda:1,0.1,,256,modern_debug,,True,s4d,2,0.001,1024,within_session_prefix,s4d,,,2747,,,results/debug_round2/diagnostics/m2/within_session_prefix_s4d_w128_l2_n16_ctx128_seed0,261762,,within-session target-prefix supervised diagnostic; fixed query tail excluded from fitting and selection,,,,,-0.11433982849121094,SSM/results/debug_round2/diagnostics/m2/within_session_prefix_s4d_w128_l2_n16_ctx128_seed0,,legacy_tail,0,,SSM/results/debug_round2/diagnostics/m2/within_session_prefix_s4d_w128_l2_n16_ctx128_seed0/metrics.json,,16,500,,,,m2,200,results/debug_round2/m2/cross_session_s4d_w128_l2_n16_ctx128_seed0/best.pt,0.0001,128
io,ridge,,32,0.37654292583465576,,128,trial_causal_fixed_window,/mnt/data/work_host/SPINT/SPINT-main/data,2,cuda:1,0.1,,256,modern_debug,,True,s4d,2,0.001,1024,within_session_prefix,s4d,,,14115,,,results/debug_round2/diagnostics/m2/within_session_prefix_s4d_w128_l2_n16_ctx128_seed0,261762,,within-session target-prefix supervised diagnostic; fixed query tail excluded from fitting and selection,,,,,0.29500770568847656,SSM/results/debug_round2/diagnostics/m2/within_session_prefix_s4d_w128_l2_n16_ctx128_seed0,,all_valid_trial,0,,SSM/results/debug_round2/diagnostics/m2/within_session_prefix_s4d_w128_l2_n16_ctx128_seed0/metrics.json,,16,500,,,,m2,200,results/debug_round2/m2/cross_session_s4d_w128_l2_n16_ctx128_seed0/best.pt,0.0001,128
,zero,,32,0.2882465720176697,,128,trial_causal_fixed_window,/mnt/data/work_host/SPINT/SPINT-main/data,1,cuda:1,0.1,,256,modern_debug,,True,osc,2,0.001,1024,cross_session,osc,,,2747,,,results/debug_round2/m2/cross_session_osc_w256_l2_n16_ctx128_seed0,25858,,cross-session source-only pretraining and source-only validation,,,,,-4.125068664550781,SSM/results/debug_round2/m2/cross_session_osc_w256_l2_n16_ctx128_seed0,,legacy_tail,0,,SSM/results/debug_round2/m2/cross_session_osc_w256_l2_n16_ctx128_seed0/metrics.json,,16,2000,,,,m2,200,,0.0001,256
,zero,,32,0.2882465720176697,,128,trial_causal_fixed_window,/mnt/data/work_host/SPINT/SPINT-main/data,1,cuda:1,0.1,,256,modern_debug,,True,osc,2,0.001,1024,cross_session,osc,,,14115,,,results/debug_round2/m2/cross_session_osc_w256_l2_n16_ctx128_seed0,25858,,cross-session source-only pretraining and source-only validation,,,,,-0.16562199592590332,SSM/results/debug_round2/m2/cross_session_osc_w256_l2_n16_ctx128_seed0,,all_valid_trial,0,,SSM/results/debug_round2/m2/cross_session_osc_w256_l2_n16_ctx128_seed0/metrics.json,,16,2000,,,,m2,200,,0.0001,256
,ridge,,32,0.2882465720176697,,128,trial_causal_fixed_window,/mnt/data/work_host/SPINT/SPINT-main/data,1,cuda:1,0.1,,256,modern_debug,,True,osc,2,0.001,1024,cross_session,osc,,,2747,,,results/debug_round2/m2/cross_session_osc_w256_l2_n16_ctx128_seed0,25858,,cross-session source-only pretraining and source-only validation,,,,,-0.7352229356765747,SSM/results/debug_round2/m2/cross_session_osc_w256_l2_n16_ctx128_seed0,,legacy_tail,0,,SSM/results/debug_round2/m2/cross_session_osc_w256_l2_n16_ctx128_seed0/metrics.json,,16,2000,,,,m2,200,,0.0001,256
,ridge,,32,0.2882465720176697,,128,trial_causal_fixed_window,/mnt/data/work_host/SPINT/SPINT-main/data,1,cuda:1,0.1,,256,modern_debug,,True,osc,2,0.001,1024,cross_session,osc,,,14115,,,results/debug_round2/m2/cross_session_osc_w256_l2_n16_ctx128_seed0,25858,,cross-session source-only pretraining and source-only validation,,,,,0.1908252239227295,SSM/results/debug_round2/m2/cross_session_osc_w256_l2_n16_ctx128_seed0,,all_valid_trial,0,,SSM/results/debug_round2/m2/cross_session_osc_w256_l2_n16_ctx128_seed0/metrics.json,,16,2000,,,,m2,200,,0.0001,256
,zero,,32,0.2958495020866394,,128,trial_causal_fixed_window,/mnt/data/work_host/SPINT/SPINT-main/data,1,cuda:1,0.1,,256,modern_debug,,True,gru,2,0.001,1024,within_session_prefix,gru,,,2747,,,results/debug_round2/m2/within_session_prefix_gru_w128_l2_n16_ctx128_seed0,111746,,within-session target-prefix supervised diagnostic; fixed query tail excluded from fitting and selection,,,,,-0.2177293300628662,SSM/results/debug_round2/m2/within_session_prefix_gru_w128_l2_n16_ctx128_seed0,,legacy_tail,0,,SSM/results/debug_round2/m2/within_session_prefix_gru_w128_l2_n16_ctx128_seed0/metrics.json,,16,2000,,,,m2,200,,0.0001,128
,zero,,32,0.2958495020866394,,128,trial_causal_fixed_window,/mnt/data/work_host/SPINT/SPINT-main/data,1,cuda:1,0.1,,256,modern_debug,,True,gru,2,0.001,1024,within_session_prefix,gru,,,14115,,,results/debug_round2/m2/within_session_prefix_gru_w128_l2_n16_ctx128_seed0,111746,,within-session target-prefix supervised diagnostic; fixed query tail excluded from fitting and selection,,,,,0.25740301609039307,SSM/results/debug_round2/m2/within_session_prefix_gru_w128_l2_n16_ctx128_seed0,,all_valid_trial,0,,SSM/results/debug_round2/m2/within_session_prefix_gru_w128_l2_n16_ctx128_seed0/metrics.json,,16,2000,,,,m2,200,,0.0001,128
,ridge,,32,0.2958495020866394,,128,trial_causal_fixed_window,/mnt/data/work_host/SPINT/SPINT-main/data,1,cuda:1,0.1,,256,modern_debug,,True,gru,2,0.001,1024,within_session_prefix,gru,,,2747,,,results/debug_round2/m2/within_session_prefix_gru_w128_l2_n16_ctx128_seed0,111746,,within-session target-prefix supervised diagnostic; fixed query tail excluded from fitting and selection,,,,,-0.23627245426177979,SSM/results/debug_round2/m2/within_session_prefix_gru_w128_l2_n16_ctx128_seed0,,legacy_tail,0,,SSM/results/debug_round2/m2/within_session_prefix_gru_w128_l2_n16_ctx128_seed0/metrics.json,,16,2000,,,,m2,200,,0.0001,128
,ridge,,32,0.2958495020866394,,128,trial_causal_fixed_window,/mnt/data/work_host/SPINT/SPINT-main/data,1,cuda:1,0.1,,256,modern_debug,,True,gru,2,0.001,1024,within_session_prefix,gru,,,14115,,,results/debug_round2/m2/within_session_prefix_gru_w128_l2_n16_ctx128_seed0,111746,,within-session target-prefix supervised diagnostic; fixed query tail excluded from fitting and selection,,,,,0.25722736120224,SSM/results/debug_round2/m2/within_session_prefix_gru_w128_l2_n16_ctx128_seed0,,all_valid_trial,0,,SSM/results/debug_round2/m2/within_session_prefix_gru_w128_l2_n16_ctx128_seed0/metrics.json,,16,2000,,,,m2,200,,0.0001,128
,zero,,32,0.3539589047431946,,128,trial_causal_fixed_window,/mnt/data/work_host/SPINT/SPINT-main/data,2,cuda:1,0.1,,256,modern_debug,,True,mamba2,2,0.001,1024,cross_session,mamba2,,,2747,,,results/debug_round2/m2/cross_session_mamba2_w128_l2_n16_ctx128_seed0,314274,,cross-session source-only pretraining and source-only validation,,,,,-1.4739773273468018,SSM/results/debug_round2/m2/cross_session_mamba2_w128_l2_n16_ctx128_seed0,,legacy_tail,0,,SSM/results/debug_round2/m2/cross_session_mamba2_w128_l2_n16_ctx128_seed0/metrics.json,,16,2000,,,,m2,200,,0.0001,128
,zero,,32,0.3539589047431946,,128,trial_causal_fixed_window,/mnt/data/work_host/SPINT/SPINT-main/data,2,cuda:1,0.1,,256,modern_debug,,True,mamba2,2,0.001,1024,cross_session,mamba2,,,14115,,,results/debug_round2/m2/cross_session_mamba2_w128_l2_n16_ctx128_seed0,314274,,cross-session source-only pretraining and source-only validation,,,,,-0.07442176342010498,SSM/results/debug_round2/m2/cross_session_mamba2_w128_l2_n16_ctx128_seed0,,all_valid_trial,0,,SSM/results/debug_round2/m2/cross_session_mamba2_w128_l2_n16_ctx128_seed0/metrics.json,,16,2000,,,,m2,200,,0.0001,128
,ridge,,32,0.3539589047431946,,128,trial_causal_fixed_window,/mnt/data/work_host/SPINT/SPINT-main/data,2,cuda:1,0.1,,256,modern_debug,,True,mamba2,2,0.001,1024,cross_session,mamba2,,,2747,,,results/debug_round2/m2/cross_session_mamba2_w128_l2_n16_ctx128_seed0,314274,,cross-session source-only pretraining and source-only validation,,,,,-0.4322394132614136,SSM/results/debug_round2/m2/cross_session_mamba2_w128_l2_n16_ctx128_seed0,,legacy_tail,0,,SSM/results/debug_round2/m2/cross_session_mamba2_w128_l2_n16_ctx128_seed0/metrics.json,,16,2000,,,,m2,200,,0.0001,128
,ridge,,32,0.3539589047431946,,128,trial_causal_fixed_window,/mnt/data/work_host/SPINT/SPINT-main/data,2,cuda:1,0.1,,256,modern_debug,,True,mamba2,2,0.001,1024,cross_session,mamba2,,,14115,,,results/debug_round2/m2/cross_session_mamba2_w128_l2_n16_ctx128_seed0,314274,,cross-session source-only pretraining and source-only validation,,,,,0.1483684778213501,SSM/results/debug_round2/m2/cross_session_mamba2_w128_l2_n16_ctx128_seed0,,all_valid_trial,0,,SSM/results/debug_round2/m2/cross_session_mamba2_w128_l2_n16_ctx128_seed0/metrics.json,,16,2000,,,,m2,200,,0.0001,128
,zero,,32,0.451252818107605,,128,trial_causal_fixed_window,/mnt/data/work_host/SPINT/SPINT-main/data,4,cuda:1,0.1,,256,modern_debug,,True,s4d,4,0.001,1024,cross_session,s4d,,,2747,,,results/debug_round2/m2/cross_session_s4d_w256_l4_n16_ctx128_seed0,1938690,,cross-session source-only pretraining and source-only validation,,,,,-0.19144582748413086,SSM/results/debug_round2/m2/cross_session_s4d_w256_l4_n16_ctx128_seed0,,legacy_tail,0,,SSM/results/debug_round2/m2/cross_session_s4d_w256_l4_n16_ctx128_seed0/metrics.json,,16,2000,,,,m2,200,,0.0001,256
,zero,,32,0.451252818107605,,128,trial_causal_fixed_window,/mnt/data/work_host/SPINT/SPINT-main/data,4,cuda:1,0.1,,256,modern_debug,,True,s4d,4,0.001,1024,cross_session,s4d,,,14115,,,results/debug_round2/m2/cross_session_s4d_w256_l4_n16_ctx128_seed0,1938690,,cross-session source-only pretraining and source-only validation,,,,,-0.011370420455932617,SSM/results/debug_round2/m2/cross_session_s4d_w256_l4_n16_ctx128_seed0,,all_valid_trial,0,,SSM/results/debug_round2/m2/cross_session_s4d_w256_l4_n16_ctx128_seed0/metrics.json,,16,2000,,,,m2,200,,0.0001,256
,ridge,,32,0.451252818107605,,128,trial_causal_fixed_window,/mnt/data/work_host/SPINT/SPINT-main/data,4,cuda:1,0.1,,256,modern_debug,,True,s4d,4,0.001,1024,cross_session,s4d,,,2747,,,results/debug_round2/m2/cross_session_s4d_w256_l4_n16_ctx128_seed0,1938690,,cross-session source-only pretraining and source-only validation,,,,,-0.10705125331878662,SSM/results/debug_round2/m2/cross_session_s4d_w256_l4_n16_ctx128_seed0,,legacy_tail,0,,SSM/results/debug_round2/m2/cross_session_s4d_w256_l4_n16_ctx128_seed0/metrics.json,,16,2000,,,,m2,200,,0.0001,256
,ridge,,32,0.451252818107605,,128,trial_causal_fixed_window,/mnt/data/work_host/SPINT/SPINT-main/data,4,cuda:1,0.1,,256,modern_debug,,True,s4d,4,0.001,1024,cross_session,s4d,,,14115,,,results/debug_round2/m2/cross_session_s4d_w256_l4_n16_ctx128_seed0,1938690,,cross-session source-only pretraining and source-only validation,,,,,0.16116011142730713,SSM/results/debug_round2/m2/cross_session_s4d_w256_l4_n16_ctx128_seed0,,all_valid_trial,0,,SSM/results/debug_round2/m2/cross_session_s4d_w256_l4_n16_ctx128_seed0/metrics.json,,16,2000,,,,m2,200,,0.0001,256
,zero,,32,0.48046422004699707,,128,trial_causal_fixed_window,/mnt/data/work_host/SPINT/SPINT-main/data,2,cuda:1,0.1,,256,modern_debug,,True,s4d,2,0.001,1024,cross_session,s4d,,,2747,,,results/debug_round2/m2/cross_session_s4d_w128_l2_n16_ctx128_seed0,261762,,cross-session source-only pretraining and source-only validation,,,,,-0.532160758972168,SSM/results/debug_round2/m2/cross_session_s4d_w128_l2_n16_ctx128_seed0,,legacy_tail,0,,SSM/results/debug_round2/m2/cross_session_s4d_w128_l2_n16_ctx128_seed0/metrics.json,,16,2000,,,,m2,200,,0.0001,128
,zero,,32,0.48046422004699707,,128,trial_causal_fixed_window,/mnt/data/work_host/SPINT/SPINT-main/data,2,cuda:1,0.1,,256,modern_debug,,True,s4d,2,0.001,1024,cross_session,s4d,,,14115,,,results/debug_round2/m2/cross_session_s4d_w128_l2_n16_ctx128_seed0,261762,,cross-session source-only pretraining and source-only validation,,,,,-0.01428830623626709,SSM/results/debug_round2/m2/cross_session_s4d_w128_l2_n16_ctx128_seed0,,all_valid_trial,0,,SSM/results/debug_round2/m2/cross_session_s4d_w128_l2_n16_ctx128_seed0/metrics.json,,16,2000,,,,m2,200,,0.0001,128
,ridge,,32,0.48046422004699707,,128,trial_causal_fixed_window,/mnt/data/work_host/SPINT/SPINT-main/data,2,cuda:1,0.1,,256,modern_debug,,True,s4d,2,0.001,1024,cross_session,s4d,,,2747,,,results/debug_round2/m2/cross_session_s4d_w128_l2_n16_ctx128_seed0,261762,,cross-session source-only pretraining and source-only validation,,,,,-0.22360825538635254,SSM/results/debug_round2/m2/cross_session_s4d_w128_l2_n16_ctx128_seed0,,legacy_tail,0,,SSM/results/debug_round2/m2/cross_session_s4d_w128_l2_n16_ctx128_seed0/metrics.json,,16,2000,,,,m2,200,,0.0001,128
,ridge,,32,0.48046422004699707,,128,trial_causal_fixed_window,/mnt/data/work_host/SPINT/SPINT-main/data,2,cuda:1,0.1,,256,modern_debug,,True,s4d,2,0.001,1024,cross_session,s4d,,,14115,,,results/debug_round2/m2/cross_session_s4d_w128_l2_n16_ctx128_seed0,261762,,cross-session source-only pretraining and source-only validation,,,,,0.09427022933959961,SSM/results/debug_round2/m2/cross_session_s4d_w128_l2_n16_ctx128_seed0,,all_valid_trial,0,,SSM/results/debug_round2/m2/cross_session_s4d_w128_l2_n16_ctx128_seed0/metrics.json,,16,2000,,,,m2,200,,0.0001,128
,zero,,32,0.45443081855773926,,128,trial_causal_fixed_window,/mnt/data/work_host/SPINT/SPINT-main/data,1,cuda:1,0.1,,256,modern_debug,,True,s4d,1,0.001,1024,cross_session,s4d,,,2747,,,results/debug_round2/m2/cross_session_s4d_w64_l1_n16_ctx128_seed0,40002,,cross-session source-only pretraining and source-only validation,,,,,-0.4725301265716553,SSM/results/debug_round2/m2/cross_session_s4d_w64_l1_n16_ctx128_seed0,,legacy_tail,0,,SSM/results/debug_round2/m2/cross_session_s4d_w64_l1_n16_ctx128_seed0/metrics.json,,16,2000,,,,m2,200,,0.0001,64
,zero,,32,0.45443081855773926,,128,trial_causal_fixed_window,/mnt/data/work_host/SPINT/SPINT-main/data,1,cuda:1,0.1,,256,modern_debug,,True,s4d,1,0.001,1024,cross_session,s4d,,,14115,,,results/debug_round2/m2/cross_session_s4d_w64_l1_n16_ctx128_seed0,40002,,cross-session source-only pretraining and source-only validation,,,,,0.10856801271438599,SSM/results/debug_round2/m2/cross_session_s4d_w64_l1_n16_ctx128_seed0,,all_valid_trial,0,,SSM/results/debug_round2/m2/cross_session_s4d_w64_l1_n16_ctx128_seed0/metrics.json,,16,2000,,,,m2,200,,0.0001,64
,ridge,,32,0.45443081855773926,,128,trial_causal_fixed_window,/mnt/data/work_host/SPINT/SPINT-main/data,1,cuda:1,0.1,,256,modern_debug,,True,s4d,1,0.001,1024,cross_session,s4d,,,2747,,,results/debug_round2/m2/cross_session_s4d_w64_l1_n16_ctx128_seed0,40002,,cross-session source-only pretraining and source-only validation,,,,,-0.17034447193145752,SSM/results/debug_round2/m2/cross_session_s4d_w64_l1_n16_ctx128_seed0,,legacy_tail,0,,SSM/results/debug_round2/m2/cross_session_s4d_w64_l1_n16_ctx128_seed0/metrics.json,,16,2000,,,,m2,200,,0.0001,64
,ridge,,32,0.45443081855773926,,128,trial_causal_fixed_window,/mnt/data/work_host/SPINT/SPINT-main/data,1,cuda:1,0.1,,256,modern_debug,,True,s4d,1,0.001,1024,cross_session,s4d,,,14115,,,results/debug_round2/m2/cross_session_s4d_w64_l1_n16_ctx128_seed0,40002,,cross-session source-only pretraining and source-only validation,,,,,0.26097792387008667,SSM/results/debug_round2/m2/cross_session_s4d_w64_l1_n16_ctx128_seed0,,all_valid_trial,0,,SSM/results/debug_round2/m2/cross_session_s4d_w64_l1_n16_ctx128_seed0/metrics.json,,16,2000,,,,m2,200,,0.0001,64
,zero,,32,0.47374606132507324,,128,trial_causal_fixed_window,/mnt/data/work_host/SPINT/SPINT-main/data,4,cuda:1,0.1,,256,modern_debug,,True,mamba2,4,0.001,1024,cross_session,mamba2,,,2747,,,results/debug_round2/m2/cross_session_mamba2_w256_l4_n16_ctx128_seed0,2147650,,cross-session source-only pretraining and source-only validation,,,,,-0.428600549697876,SSM/results/debug_round2/m2/cross_session_mamba2_w256_l4_n16_ctx128_seed0,,legacy_tail,0,,SSM/results/debug_round2/m2/cross_session_mamba2_w256_l4_n16_ctx128_seed0/metrics.json,,16,2000,,,,m2,200,,0.0001,256
,zero,,32,0.47374606132507324,,128,trial_causal_fixed_window,/mnt/data/work_host/SPINT/SPINT-main/data,4,cuda:1,0.1,,256,modern_debug,,True,mamba2,4,0.001,1024,cross_session,mamba2,,,14115,,,results/debug_round2/m2/cross_session_mamba2_w256_l4_n16_ctx128_seed0,2147650,,cross-session source-only pretraining and source-only validation,,,,,0.01505422592163086,SSM/results/debug_round2/m2/cross_session_mamba2_w256_l4_n16_ctx128_seed0,,all_valid_trial,0,,SSM/results/debug_round2/m2/cross_session_mamba2_w256_l4_n16_ctx128_seed0/metrics.json,,16,2000,,,,m2,200,,0.0001,256
,ridge,,32,0.47374606132507324,,128,trial_causal_fixed_window,/mnt/data/work_host/SPINT/SPINT-main/data,4,cuda:1,0.1,,256,modern_debug,,True,mamba2,4,0.001,1024,cross_session,mamba2,,,2747,,,results/debug_round2/m2/cross_session_mamba2_w256_l4_n16_ctx128_seed0,2147650,,cross-session source-only pretraining and source-only validation,,,,,-0.11827123165130615,SSM/results/debug_round2/m2/cross_session_mamba2_w256_l4_n16_ctx128_seed0,,legacy_tail,0,,SSM/results/debug_round2/m2/cross_session_mamba2_w256_l4_n16_ctx128_seed0/metrics.json,,16,2000,,,,m2,200,,0.0001,256
,ridge,,32,0.47374606132507324,,128,trial_causal_fixed_window,/mnt/data/work_host/SPINT/SPINT-main/data,4,cuda:1,0.1,,256,modern_debug,,True,mamba2,4,0.001,1024,cross_session,mamba2,,,14115,,,results/debug_round2/m2/cross_session_mamba2_w256_l4_n16_ctx128_seed0,2147650,,cross-session source-only pretraining and source-only validation,,,,,0.15827715396881104,SSM/results/debug_round2/m2/cross_session_mamba2_w256_l4_n16_ctx128_seed0,,all_valid_trial,0,,SSM/results/debug_round2/m2/cross_session_mamba2_w256_l4_n16_ctx128_seed0/metrics.json,,16,2000,,,,m2,200,,0.0001,256
,zero,,32,0.11587381362915039,,128,trial_causal_fixed_window,/mnt/data/work_host/SPINT/SPINT-main/data,2,cuda:1,0.1,,256,modern_debug,,True,s4d,2,0.001,1024,within_session_prefix,s4d,,,2747,,,results/debug_round2/m2/within_session_prefix_s4d_w128_l2_n16_ctx128_seed0,261762,,within-session target-prefix supervised diagnostic; fixed query tail excluded from fitting and selection,,,,,-0.2648477554321289,SSM/results/debug_round2/m2/within_session_prefix_s4d_w128_l2_n16_ctx128_seed0,,legacy_tail,0,,SSM/results/debug_round2/m2/within_session_prefix_s4d_w128_l2_n16_ctx128_seed0/metrics.json,,16,2000,,,,m2,200,,0.0001,128
,zero,,32,0.11587381362915039,,128,trial_causal_fixed_window,/mnt/data/work_host/SPINT/SPINT-main/data,2,cuda:1,0.1,,256,modern_debug,,True,s4d,2,0.001,1024,within_session_prefix,s4d,,,14115,,,results/debug_round2/m2/within_session_prefix_s4d_w128_l2_n16_ctx128_seed0,261762,,within-session target-prefix supervised diagnostic; fixed query tail excluded from fitting and selection,,,,,0.10085791349411011,SSM/results/debug_round2/m2/within_session_prefix_s4d_w128_l2_n16_ctx128_seed0,,all_valid_trial,0,,SSM/results/debug_round2/m2/within_session_prefix_s4d_w128_l2_n16_ctx128_seed0/metrics.json,,16,2000,,,,m2,200,,0.0001,128
,ridge,,32,0.11587381362915039,,128,trial_causal_fixed_window,/mnt/data/work_host/SPINT/SPINT-main/data,2,cuda:1,0.1,,256,modern_debug,,True,s4d,2,0.001,1024,within_session_prefix,s4d,,,2747,,,results/debug_round2/m2/within_session_prefix_s4d_w128_l2_n16_ctx128_seed0,261762,,within-session target-prefix supervised diagnostic; fixed query tail excluded from fitting and selection,,,,,-0.25613582134246826,SSM/results/debug_round2/m2/within_session_prefix_s4d_w128_l2_n16_ctx128_seed0,,legacy_tail,0,,SSM/results/debug_round2/m2/within_session_prefix_s4d_w128_l2_n16_ctx128_seed0/metrics.json,,16,2000,,,,m2,200,,0.0001,128
,ridge,,32,0.11587381362915039,,128,trial_causal_fixed_window,/mnt/data/work_host/SPINT/SPINT-main/data,2,cuda:1,0.1,,256,modern_debug,,True,s4d,2,0.001,1024,within_session_prefix,s4d,,,14115,,,results/debug_round2/m2/within_session_prefix_s4d_w128_l2_n16_ctx128_seed0,261762,,within-session target-prefix supervised diagnostic; fixed query tail excluded from fitting and selection,,,,,0.10533028841018677,SSM/results/debug_round2/m2/within_session_prefix_s4d_w128_l2_n16_ctx128_seed0,,all_valid_trial,0,,SSM/results/debug_round2/m2/within_session_prefix_s4d_w128_l2_n16_ctx128_seed0/metrics.json,,16,2000,,,,m2,200,,0.0001,128
,zero,,32,0.2911323308944702,,128,trial_causal_fixed_window,/mnt/data/work_host/SPINT/SPINT-main/data,1,cuda:1,0.1,,256,modern_debug,,True,osc,2,0.001,1024,cross_session,osc,,,2747,,,results/debug_round2/m2/cross_session_osc_w64_l2_n16_ctx128_seed0,6466,,cross-session source-only pretraining and source-only validation,,,,,-1.8234214782714844,SSM/results/debug_round2/m2/cross_session_osc_w64_l2_n16_ctx128_seed0,,legacy_tail,0,,SSM/results/debug_round2/m2/cross_session_osc_w64_l2_n16_ctx128_seed0/metrics.json,,16,2000,,,,m2,200,,0.0001,64
,zero,,32,0.2911323308944702,,128,trial_causal_fixed_window,/mnt/data/work_host/SPINT/SPINT-main/data,1,cuda:1,0.1,,256,modern_debug,,True,osc,2,0.001,1024,cross_session,osc,,,14115,,,results/debug_round2/m2/cross_session_osc_w64_l2_n16_ctx128_seed0,6466,,cross-session source-only pretraining and source-only validation,,,,,0.0400087833404541,SSM/results/debug_round2/m2/cross_session_osc_w64_l2_n16_ctx128_seed0,,all_valid_trial,0,,SSM/results/debug_round2/m2/cross_session_osc_w64_l2_n16_ctx128_seed0/metrics.json,,16,2000,,,,m2,200,,0.0001,64
,ridge,,32,0.2911323308944702,,128,trial_causal_fixed_window,/mnt/data/work_host/SPINT/SPINT-main/data,1,cuda:1,0.1,,256,modern_debug,,True,osc,2,0.001,1024,cross_session,osc,,,2747,,,results/debug_round2/m2/cross_session_osc_w64_l2_n16_ctx128_seed0,6466,,cross-session source-only pretraining and source-only validation,,,,,-0.955107569694519,SSM/results/debug_round2/m2/cross_session_osc_w64_l2_n16_ctx128_seed0,,legacy_tail,0,,SSM/results/debug_round2/m2/cross_session_osc_w64_l2_n16_ctx128_seed0/metrics.json,,16,2000,,,,m2,200,,0.0001,64
,ridge,,32,0.2911323308944702,,128,trial_causal_fixed_window,/mnt/data/work_host/SPINT/SPINT-main/data,1,cuda:1,0.1,,256,modern_debug,,True,osc,2,0.001,1024,cross_session,osc,,,14115,,,results/debug_round2/m2/cross_session_osc_w64_l2_n16_ctx128_seed0,6466,,cross-session source-only pretraining and source-only validation,,,,,0.19315147399902344,SSM/results/debug_round2/m2/cross_session_osc_w64_l2_n16_ctx128_seed0,,all_valid_trial,0,,SSM/results/debug_round2/m2/cross_session_osc_w64_l2_n16_ctx128_seed0/metrics.json,,16,2000,,,,m2,200,,0.0001,64
,zero,,32,0.4677261710166931,,128,trial_causal_fixed_window,/mnt/data/work_host/SPINT/SPINT-main/data,1,cuda:1,0.1,,256,modern_debug,,True,gru,2,0.001,1024,cross_session,gru,,,2747,,,results/debug_round2/m2/cross_session_gru_w128_l2_n16_ctx128_seed0,111746,,cross-session source-only pretraining and source-only validation,,,,,-0.8382538557052612,SSM/results/debug_round2/m2/cross_session_gru_w128_l2_n16_ctx128_seed0,,legacy_tail,0,,SSM/results/debug_round2/m2/cross_session_gru_w128_l2_n16_ctx128_seed0/metrics.json,,16,2000,,,,m2,200,,0.0001,128
,zero,,32,0.4677261710166931,,128,trial_causal_fixed_window,/mnt/data/work_host/SPINT/SPINT-main/data,1,cuda:1,0.1,,256,modern_debug,,True,gru,2,0.001,1024,cross_session,gru,,,14115,,,results/debug_round2/m2/cross_session_gru_w128_l2_n16_ctx128_seed0,111746,,cross-session source-only pretraining and source-only validation,,,,,0.09241318702697754,SSM/results/debug_round2/m2/cross_session_gru_w128_l2_n16_ctx128_seed0,,all_valid_trial,0,,SSM/results/debug_round2/m2/cross_session_gru_w128_l2_n16_ctx128_seed0/metrics.json,,16,2000,,,,m2,200,,0.0001,128
,ridge,,32,0.4677261710166931,,128,trial_causal_fixed_window,/mnt/data/work_host/SPINT/SPINT-main/data,1,cuda:1,0.1,,256,modern_debug,,True,gru,2,0.001,1024,cross_session,gru,,,2747,,,results/debug_round2/m2/cross_session_gru_w128_l2_n16_ctx128_seed0,111746,,cross-session source-only pretraining and source-only validation,,,,,-0.2049109935760498,SSM/results/debug_round2/m2/cross_session_gru_w128_l2_n16_ctx128_seed0,,legacy_tail,0,,SSM/results/debug_round2/m2/cross_session_gru_w128_l2_n16_ctx128_seed0/metrics.json,,16,2000,,,,m2,200,,0.0001,128
,ridge,,32,0.4677261710166931,,128,trial_causal_fixed_window,/mnt/data/work_host/SPINT/SPINT-main/data,1,cuda:1,0.1,,256,modern_debug,,True,gru,2,0.001,1024,cross_session,gru,,,14115,,,results/debug_round2/m2/cross_session_gru_w128_l2_n16_ctx128_seed0,111746,,cross-session source-only pretraining and source-only validation,,,,,0.15726172924041748,SSM/results/debug_round2/m2/cross_session_gru_w128_l2_n16_ctx128_seed0,,all_valid_trial,0,,SSM/results/debug_round2/m2/cross_session_gru_w128_l2_n16_ctx128_seed0/metrics.json,,16,2000,,,,m2,200,,0.0001,128
,zero,,,,diag_s0.pt,,trial_causal_fixed_window,,1,,,124.11378240585327,,round1,,,diag,,,,,diag,,,31971,514,False,,,,,33,,"[0.4291461110115051, 0.5551332235336304, 0.20430994033813477, 0.23886168003082275, 0.2708536982536316, -0.3703653812408447, 0.3681573271751404, 0.2516605257987976, 0.470453679561615, -0.7680420875549316, -0.4984314441680908, -0.3399674892425537, 0.45417797565460205, -3.335066318511963, -0.20711255073547363, -1.4644999504089355]",-0.23379568755626678,-0.29224371910095215,SSM/results/round1/m1,,legacy_tail,0,20120928,SSM/results/round1/m1/per_session_r2.csv,SSM/results/round1/m1/per_session_r2.csv,,600,False,5,held_in,m1,,,,
,ridge,,,,diag_s0.pt,,trial_causal_fixed_window,,1,,,124.11378240585327,,round1,,,diag,,,,,diag,,,31971,514,False,,,,,33,,"[0.2792283296585083, 0.5082287192344666, 0.20421594381332397, -0.01935291290283203, 0.0366673469543457, 0.18446695804595947, 0.18590867519378662, 0.3851318955421448, 0.3907617926597595, 0.04277163743972778, 0.1602492332458496, 0.13113510608673096, 0.3802928328514099, -0.4658389091491699, 0.30333685874938965, 0.24858230352401733]",0.18473660945892334,0.18933576345443726,SSM/results/round1/m1,,legacy_tail,0,20120928,SSM/results/round1/m1/per_session_r2.csv,SSM/results/round1/m1/per_session_r2.csv,,600,False,5,held_in,m1,,,,
,rls,,,,diag_s0.pt,,trial_causal_fixed_window,,1,,,124.11378240585327,,round1,,,diag,,,,,diag,,,31971,514,False,,,,,33,,"[0.2792283296585083, 0.5082287192344666, 0.20421594381332397, -0.01935291290283203, 0.0366673469543457, 0.18446695804595947, 0.18590867519378662, 0.3851318955421448, 0.3907617926597595, 0.04277163743972778, 0.1602492332458496, 0.13113510608673096, 0.3802928328514099, -0.4658389091491699, 0.30333685874938965, 0.24858230352401733]",0.18473660945892334,0.18933576345443726,SSM/results/round1/m1,,legacy_tail,0,20120928,SSM/results/round1/m1/per_session_r2.csv,SSM/results/round1/m1/per_session_r2.csv,,600,False,5,held_in,m1,,,,
,delta,,,,diag_s0.pt,,trial_causal_fixed_window,,1,,,124.11378240585327,,round1,,,diag,,,,,diag,,,31971,514,False,,,,,33,,"[0.18651849031448364, 0.4825916290283203, 0.1747686266899109, 0.22605937719345093, 0.10050660371780396, 0.15202826261520386, 0.18670278787612915, 0.20236533880233765, 0.39704960584640503, 0.02081608772277832, 0.20720195770263672, 0.20737004280090332, 0.05165284872055054, -1.7747201919555664, 0.3567277193069458, 0.1449177861213684]",0.08265981078147888,0.1391262412071228,SSM/results/round1/m1,,legacy_tail,0,20120928,SSM/results/round1/m1/per_session_r2.csv,SSM/results/round1/m1/per_session_r2.csv,,600,False,5,held_in,m1,,,,
,zero,,,,diag_s0.pt,,trial_causal_fixed_window,,1,,,124.11378240585327,,round1,,,diag,,,,,diag,,,31971,1160,False,,,,,33,,"[0.4291461110115051, 0.5551332235336304, 0.20430994033813477, 0.23886168003082275, 0.2708536982536316, -0.3703653812408447, 0.3681573271751404, 0.2516605257987976, 0.470453679561615, -0.7680420875549316, -0.4984314441680908, -0.3399674892425537, 0.45417797565460205, -3.335066318511963, -0.20711255073547363, -1.4644999504089355]",-0.23379568755626678,-0.29224371910095215,SSM/results/round1/m1,,legacy_tail,0,20120928,SSM/results/round1/m1/per_session_r2.csv,SSM/results/round1/m1/per_session_r2.csv,,600,False,10,held_in,m1,,,,
,ridge,,,,diag_s0.pt,,trial_causal_fixed_window,,1,,,124.11378240585327,,round1,,,diag,,,,,diag,,,31971,1160,False,,,,,33,,"[0.31384485960006714, 0.4200402498245239, 0.17995119094848633, 0.02558279037475586, 0.11309301853179932, 0.33064937591552734, 0.2622618079185486, 0.3844289779663086, 0.31983840465545654, 0.19638341665267944, 0.1382671594619751, 0.1404353380203247, 0.40459930896759033, -0.42322206497192383, 0.4294537901878357, 0.32833510637283325]",0.22274643182754517,0.24846839904785156,SSM/results/round1/m1,,legacy_tail,0,20120928,SSM/results/round1/m1/per_session_r2.csv,SSM/results/round1/m1/per_session_r2.csv,,600,False,10,held_in,m1,,,,
,rls,,,,diag_s0.pt,,trial_causal_fixed_window,,1,,,124.11378240585327,,round1,,,diag,,,,,diag,,,31971,1160,False,,,,,33,,"[0.31384485960006714, 0.4200402498245239, 0.17995119094848633, 0.02558279037475586, 0.11309301853179932, 0.33064937591552734, 0.2622618079185486, 0.3844289779663086, 0.31983840465545654, 0.19638341665267944, 0.1382671594619751, 0.1404353380203247, 0.40459930896759033, -0.42322206497192383, 0.4294537901878357, 0.32833510637283325]",0.22274643182754517,0.24846839904785156,SSM/results/round1/m1,,legacy_tail,0,20120928,SSM/results/round1/m1/per_session_r2.csv,SSM/results/round1/m1/per_session_r2.csv,,600,False,10,held_in,m1,,,,
,delta,,,,diag_s0.pt,,trial_causal_fixed_window,,1,,,124.11378240585327,,round1,,,diag,,,,,diag,,,31971,1160,False,,,,,33,,"[0.3520917296409607, 0.37536609172821045, 0.035744428634643555, 0.16245931386947632, 0.11261934041976929, 0.21586459875106812, 0.2095162272453308, 0.13508063554763794, 0.3926771283149719, 0.119770348072052, -1.6742868423461914, -0.2884329557418823, 0.04554295539855957, -0.2852545976638794, 0.07375580072402954, -0.08942544460296631]",-0.006681952625513077,0.01195824146270752,SSM/results/round1/m1,,legacy_tail,0,20120928,SSM/results/round1/m1/per_session_r2.csv,SSM/results/round1/m1/per_session_r2.csv,,600,False,10,held_in,m1,,,,
,zero,,,,diag_s0.pt,,trial_causal_fixed_window,,1,,,124.11378240585327,,round1,,,diag,,,,,diag,,,31971,4192,False,,,,,33,,"[0.4291461110115051, 0.5551332235336304, 0.20430994033813477, 0.23886168003082275, 0.2708536982536316, -0.3703653812408447, 0.3681573271751404, 0.2516605257987976, 0.470453679561615, -0.7680420875549316, -0.4984314441680908, -0.3399674892425537, 0.45417797565460205, -3.335066318511963, -0.20711255073547363, -1.4644999504089355]",-0.23379568755626678,-0.29224371910095215,SSM/results/round1/m1,,legacy_tail,0,20120928,SSM/results/round1/m1/per_session_r2.csv,SSM/results/round1/m1/per_session_r2.csv,,600,False,33,held_in,m1,,,,
,ridge,,,,diag_s0.pt,,trial_causal_fixed_window,,1,,,124.11378240585327,,round1,,,diag,,,,,diag,,,31971,4192,False,,,,,33,,"[0.49086952209472656, 0.5470758080482483, 0.4546710252761841, 0.27338021993637085, 0.3302684426307678, 0.40233755111694336, 0.4501612186431885, 0.3776915669441223, 0.48181331157684326, 0.42694658041000366, 0.24286746978759766, 0.38081419467926025, 0.413665235042572, -0.04087972640991211, 0.4655904769897461, 0.42917340993881226]",0.3829028904438019,0.4107358455657959,SSM/results/round1/m1,,legacy_tail,0,20120928,SSM/results/round1/m1/per_session_r2.csv,SSM/results/round1/m1/per_session_r2.csv,,600,False,33,held_in,m1,,,,
,rls,,,,diag_s0.pt,,trial_causal_fixed_window,,1,,,124.11378240585327,,round1,,,diag,,,,,diag,,,31971,4192,False,,,,,33,,"[0.49086952209472656, 0.5470758080482483, 0.4546710252761841, 0.27338021993637085, 0.3302684426307678, 0.40233755111694336, 0.4501612186431885, 0.3776915669441223, 0.48181331157684326, 0.42694658041000366, 0.24286746978759766, 0.38081419467926025, 0.413665235042572, -0.04087972640991211, 0.4655904769897461, 0.42917340993881226]",0.3829028904438019,0.4107358455657959,SSM/results/round1/m1,,legacy_tail,0,20120928,SSM/results/round1/m1/per_session_r2.csv,SSM/results/round1/m1/per_session_r2.csv,,600,False,33,held_in,m1,,,,
,delta,,,,diag_s0.pt,,trial_causal_fixed_window,,1,,,124.11378240585327,,round1,,,diag,,,,,diag,,,31971,4192,False,,,,,33,,"[-0.41459572315216064, 0.1200556755065918, 0.28255128860473633, 0.23393213748931885, -0.21675801277160645, -0.779721736907959, -0.28832995891571045, 0.1255338191986084, -0.07326924800872803, -1.2993769645690918, -0.5394017696380615, -0.35985875129699707, 0.3711702823638916, -0.06099963188171387, -0.12526297569274902, -1.4130723476409912]",-0.2773377597332001,-0.5597519874572754,SSM/results/round1/m1,,legacy_tail,0,20120928,SSM/results/round1/m1/per_session_r2.csv,SSM/results/round1/m1/per_session_r2.csv,,600,False,33,held_in,m1,,,,
,zero,,,,osc_s0.pt,,trial_causal_fixed_window,,1,,,124.11378240585327,,round1,,,osc,,,,,osc,,,31971,514,False,,,,,33,,"[0.6180639266967773, 0.6769417524337769, 0.6240733861923218, -0.06898558139801025, 0.4709811806678772, 0.20061355829238892, 0.5883349180221558, 0.3951267600059509, 0.4481987953186035, -0.6026922464370728, -0.39648234844207764, 0.008837342262268066, 0.48818403482437134, -3.555403232574463, 0.3800323009490967, 0.4166799783706665]",0.04328152537345886,0.21350252628326416,SSM/results/round1/m1,,legacy_tail,0,20120928,SSM/results/round1/m1/per_session_r2.csv,SSM/results/round1/m1/per_session_r2.csv,,600,False,5,held_in,m1,,,,
,ridge,,,,osc_s0.pt,,trial_causal_fixed_window,,1,,,124.11378240585327,,round1,,,osc,,,,,osc,,,31971,514,False,,,,,33,,"[0.5013086795806885, 0.639216423034668, 0.4284507632255554, 0.3159664273262024, 0.3875981569290161, 0.34641385078430176, 0.47622835636138916, 0.4023767113685608, 0.4403771162033081, 0.11497098207473755, 0.3217683434486389, 0.19402766227722168, 0.3916492462158203, -0.17963969707489014, 0.4869299530982971, 0.43841618299484253]",0.3566287159919739,0.34862953424453735,SSM/results/round1/m1,,legacy_tail,0,20120928,SSM/results/round1/m1/per_session_r2.csv,SSM/results/round1/m1/per_session_r2.csv,,600,False,5,held_in,m1,,,,
,rls,,,,osc_s0.pt,,trial_causal_fixed_window,,1,,,124.11378240585327,,round1,,,osc,,,,,osc,,,31971,514,False,,,,,33,,"[0.5013086795806885, 0.639216423034668, 0.4284507632255554, 0.3159664273262024, 0.3875981569290161, 0.34641385078430176, 0.47622835636138916, 0.4023767113685608, 0.4403771162033081, 0.11497098207473755, 0.3217683434486389, 0.19402766227722168, 0.3916492462158203, -0.17963969707489014, 0.4869299530982971, 0.43841618299484253]",0.3566287159919739,0.34862953424453735,SSM/results/round1/m1,,legacy_tail,0,20120928,SSM/results/round1/m1/per_session_r2.csv,SSM/results/round1/m1/per_session_r2.csv,,600,False,5,held_in,m1,,,,
,delta,,,,osc_s0.pt,,trial_causal_fixed_window,,1,,,124.11378240585327,,round1,,,osc,,,,,osc,,,31971,514,False,,,,,33,,"[0.21615982055664062, 0.5689395666122437, 0.510901927947998, 0.29669952392578125, 0.06384402513504028, 0.242110013961792, 0.2837994694709778, 0.34838414192199707, 0.3667251467704773, 0.2914300560951233, 0.27916061878204346, 0.2706102132797241, 0.22016412019729614, -1.8891212940216064, 0.3737655282020569, 0.43383920192718506]",0.17983824014663696,0.2828332781791687,SSM/results/round1/m1,,legacy_tail,0,20120928,SSM/results/round1/m1/per_session_r2.csv,SSM/results/round1/m1/per_session_r2.csv,,600,False,5,held_in,m1,,,,
,zero,,,,osc_s0.pt,,trial_causal_fixed_window,,1,,,124.11378240585327,,round1,,,osc,,,,,osc,,,31971,1160,False,,,,,33,,"[0.6180639266967773, 0.6769417524337769, 0.6240733861923218, -0.06898558139801025, 0.4709811806678772, 0.20061355829238892, 0.5883349180221558, 0.3951267600059509, 0.4481987953186035, -0.6026922464370728, -0.39648234844207764, 0.008837342262268066, 0.48818403482437134, -3.555403232574463, 0.3800323009490967, 0.4166799783706665]",0.04328152537345886,0.21350252628326416,SSM/results/round1/m1,,legacy_tail,0,20120928,SSM/results/round1/m1/per_session_r2.csv,SSM/results/round1/m1/per_session_r2.csv,,600,False,10,held_in,m1,,,,
,ridge,,,,osc_s0.pt,,trial_causal_fixed_window,,1,,,124.11378240585327,,round1,,,osc,,,,,osc,,,31971,1160,False,,,,,33,,"[0.5086089372634888, 0.6474758386611938, 0.4961283802986145, 0.31712883710861206, 0.3893258571624756, 0.38814908266067505, 0.4614713788032532, 0.39047354459762573, 0.5042740106582642, 0.3030087351799011, 0.3093758225440979, 0.21195316314697266, 0.3506094217300415, -0.20226120948791504, 0.5429284572601318, 0.46354079246520996]",0.3801369369029999,0.3864480257034302,SSM/results/round1/m1,,legacy_tail,0,20120928,SSM/results/round1/m1/per_session_r2.csv,SSM/results/round1/m1/per_session_r2.csv,,600,False,10,held_in,m1,,,,
,rls,,,,osc_s0.pt,,trial_causal_fixed_window,,1,,,124.11378240585327,,round1,,,osc,,,,,osc,,,31971,1160,False,,,,,33,,"[0.5086089372634888, 0.6474758386611938, 0.4961283802986145, 0.31712883710861206, 0.3893258571624756, 0.38814908266067505, 0.4614713788032532, 0.39047354459762573, 0.5042740106582642, 0.3030087351799011, 0.3093758225440979, 0.21195316314697266, 0.3506094217300415, -0.20226120948791504, 0.5429284572601318, 0.46354079246520996]",0.3801369369029999,0.3864480257034302,SSM/results/round1/m1,,legacy_tail,0,20120928,SSM/results/round1/m1/per_session_r2.csv,SSM/results/round1/m1/per_session_r2.csv,,600,False,10,held_in,m1,,,,
,delta,,,,osc_s0.pt,,trial_causal_fixed_window,,1,,,124.11378240585327,,round1,,,osc,,,,,osc,,,31971,1160,False,,,,,33,,"[0.55414879322052, 0.43872493505477905, 0.17831557989120483, 0.2682655453681946, 0.40859806537628174, 0.1865406036376953, 0.38079363107681274, -0.16300129890441895, 0.34234124422073364, 0.24682235717773438, -1.2290947437286377, -0.23585617542266846, 0.0246506929397583, -0.26721131801605225, -0.20217931270599365, 0.2681388258934021]",0.0749998465180397,0.16908860206604004,SSM/results/round1/m1,,legacy_tail,0,20120928,SSM/results/round1/m1/per_session_r2.csv,SSM/results/round1/m1/per_session_r2.csv,,600,False,10,held_in,m1,,,,
,zero,,,,osc_s0.pt,,trial_causal_fixed_window,,1,,,124.11378240585327,,round1,,,osc,,,,,osc,,,31971,4192,False,,,,,33,,"[0.6180639266967773, 0.6769417524337769, 0.6240733861923218, -0.06898558139801025, 0.4709811806678772, 0.20061355829238892, 0.5883349180221558, 0.3951267600059509, 0.4481987953186035, -0.6026922464370728, -0.39648234844207764, 0.008837342262268066, 0.48818403482437134, -3.555403232574463, 0.3800323009490967, 0.4166799783706665]",0.04328152537345886,0.21350252628326416,SSM/results/round1/m1,,legacy_tail,0,20120928,SSM/results/round1/m1/per_session_r2.csv,SSM/results/round1/m1/per_session_r2.csv,,600,False,33,held_in,m1,,,,
,ridge,,,,osc_s0.pt,,trial_causal_fixed_window,,1,,,124.11378240585327,,round1,,,osc,,,,,osc,,,31971,4192,False,,,,,33,,"[0.5844411849975586, 0.6598020792007446, 0.5762733221054077, 0.3614909052848816, 0.450103223323822, 0.44395899772644043, 0.549971878528595, 0.4471210837364197, 0.5619040727615356, 0.40026164054870605, 0.3677904009819031, 0.37406831979751587, 0.4168822765350342, 0.020576119422912598, 0.570004940032959, 0.49175071716308594]",0.4547750651836395,0.46238768100738525,SSM/results/round1/m1,,legacy_tail,0,20120928,SSM/results/round1/m1/per_session_r2.csv,SSM/results/round1/m1/per_session_r2.csv,,600,False,33,held_in,m1,,,,
,rls,,,,osc_s0.pt,,trial_causal_fixed_window,,1,,,124.11378240585327,,round1,,,osc,,,,,osc,,,31971,4192,False,,,,,33,,"[0.5844411849975586, 0.6598020792007446, 0.5762733221054077, 0.3614909052848816, 0.450103223323822, 0.44395899772644043, 0.549971878528595, 0.4471210837364197, 0.5619040727615356, 0.40026164054870605, 0.3677904009819031, 0.37406831979751587, 0.4168822765350342, 0.020576119422912598, 0.570004940032959, 0.49175071716308594]",0.4547750651836395,0.46238768100738525,SSM/results/round1/m1,,legacy_tail,0,20120928,SSM/results/round1/m1/per_session_r2.csv,SSM/results/round1/m1/per_session_r2.csv,,600,False,33,held_in,m1,,,,
,delta,,,,osc_s0.pt,,trial_causal_fixed_window,,1,,,124.11378240585327,,round1,,,osc,,,,,osc,,,31971,4192,False,,,,,33,,"[0.25176024436950684, 0.34831172227859497, 0.5166308283805847, 0.33902835845947266, 0.33594566583633423, -0.11737227439880371, 0.2890995740890503, 0.2256333827972412, 0.4607282876968384, -0.16228485107421875, 0.043761610984802246, 0.03251165151596069, 0.2917327880859375, -0.019744396209716797, 0.14939427375793457, -0.2704421281814575]",0.16966842114925385,0.08575958013534546,SSM/results/round1/m1,,legacy_tail,0,20120928,SSM/results/round1/m1/per_session_r2.csv,SSM/results/round1/m1/per_session_r2.csv,,600,False,33,held_in,m1,,,,
,zero,,,,bank_s0.pt,,trial_causal_fixed_window,,1,,,124.11378240585327,,round1,,,bank,,,,,bank,,,31971,514,False,,,,,33,,"[0.5507200956344604, 0.61628258228302, 0.6063151359558105, 0.2773347496986389, 0.5031610727310181, 0.3154509663581848, 0.5667625665664673, 0.43709659576416016, 0.5640891790390015, -0.9190870523452759, -0.3068333864212036, -0.8201593160629272, 0.4795472025871277, -1.1772844791412354, 0.49588608741760254, -0.3778494596481323]",0.11321453750133514,-0.04667055606842041,SSM/results/round1/m1,,legacy_tail,0,20120928,SSM/results/round1/m1/per_session_r2.csv,SSM/results/round1/m1/per_session_r2.csv,,600,False,5,held_in,m1,,,,
,ridge,,,,bank_s0.pt,,trial_causal_fixed_window,,1,,,124.11378240585327,,round1,,,bank,,,,,bank,,,31971,514,False,,,,,33,,"[0.3194888234138489, 0.5534822940826416, 0.49894070625305176, 0.20331907272338867, 0.13653022050857544, 0.2846095561981201, 0.462236225605011, 0.45277875661849976, 0.291482150554657, -0.152565598487854, 0.27660250663757324, 0.12128657102584839, 0.41620248556137085, -0.06657969951629639, 0.4288487434387207, 0.2741772532463074]",0.2813025116920471,0.2266002893447876,SSM/results/round1/m1,,legacy_tail,0,20120928,SSM/results/round1/m1/per_session_r2.csv,SSM/results/round1/m1/per_session_r2.csv,,600,False,5,held_in,m1,,,,
,rls,,,,bank_s0.pt,,trial_causal_fixed_window,,1,,,124.11378240585327,,round1,,,bank,,,,,bank,,,31971,514,False,,,,,33,,"[0.3194888234138489, 0.5534822940826416, 0.49894070625305176, 0.20331907272338867, 0.13653022050857544, 0.2846095561981201, 0.462236225605011, 0.45277875661849976, 0.291482150554657, -0.152565598487854, 0.27660250663757324, 0.12128657102584839, 0.41620248556137085, -0.06657969951629639, 0.4288487434387207, 0.2741772532463074]",0.2813025116920471,0.2266002893447876,SSM/results/round1/m1,,legacy_tail,0,20120928,SSM/results/round1/m1/per_session_r2.csv,SSM/results/round1/m1/per_session_r2.csv,,600,False,5,held_in,m1,,,,
,delta,,,,bank_s0.pt,,trial_causal_fixed_window,,1,,,124.11378240585327,,round1,,,bank,,,,,bank,,,31971,514,False,,,,,33,,"[0.20054471492767334, 0.6194578409194946, 0.45258039236068726, 0.2816948890686035, -0.016759634017944336, 0.41092610359191895, 0.28170692920684814, 0.18233227729797363, 0.46767282485961914, 0.12400537729263306, 0.25815147161483765, 0.29587721824645996, 0.26910632848739624, -1.2312898635864258, 0.4933682680130005, 0.3608097434043884]",0.21563655138015747,0.25806480646133423,SSM/results/round1/m1,,legacy_tail,0,20120928,SSM/results/round1/m1/per_session_r2.csv,SSM/results/round1/m1/per_session_r2.csv,,600,False,5,held_in,m1,,,,
,zero,,,,bank_s0.pt,,trial_causal_fixed_window,,1,,,124.11378240585327,,round1,,,bank,,,,,bank,,,31971,1160,False,,,,,33,,"[0.5507200956344604, 0.61628258228302, 0.6063151359558105, 0.2773347496986389, 0.5031610727310181, 0.3154509663581848, 0.5667625665664673, 0.43709659576416016, 0.5640891790390015, -0.9190870523452759, -0.3068333864212036, -0.8201593160629272, 0.4795472025871277, -1.1772844791412354, 0.49588608741760254, -0.3778494596481323]",0.11321453750133514,-0.04667055606842041,SSM/results/round1/m1,,legacy_tail,0,20120928,SSM/results/round1/m1/per_session_r2.csv,SSM/results/round1/m1/per_session_r2.csv,,600,False,10,held_in,m1,,,,
,ridge,,,,bank_s0.pt,,trial_causal_fixed_window,,1,,,124.11378240585327,,round1,,,bank,,,,,bank,,,31971,1160,False,,,,,33,,"[0.46673494577407837, 0.5426889657974243, 0.46959322690963745, 0.24622106552124023, 0.27274733781814575, 0.43197882175445557, 0.48097896575927734, 0.4437592029571533, 0.4076933264732361, -0.11761319637298584, 0.2868257761001587, -0.011664867401123047, 0.4359104037284851, -0.3671048879623413, 0.5243624448776245, 0.35833418369293213]",0.3044653534889221,0.2668071985244751,SSM/results/round1/m1,,legacy_tail,0,20120928,SSM/results/round1/m1/per_session_r2.csv,SSM/results/round1/m1/per_session_r2.csv,,600,False,10,held_in,m1,,,,
,rls,,,,bank_s0.pt,,trial_causal_fixed_window,,1,,,124.11378240585327,,round1,,,bank,,,,,bank,,,31971,1160,False,,,,,33,,"[0.46673494577407837, 0.5426889657974243, 0.46959322690963745, 0.24622106552124023, 0.27274733781814575, 0.43197882175445557, 0.48097896575927734, 0.4437592029571533, 0.4076933264732361, -0.11761319637298584, 0.2868257761001587, -0.011664867401123047, 0.4359104037284851, -0.3671048879623413, 0.5243624448776245, 0.35833418369293213]",0.3044653534889221,0.2668071985244751,SSM/results/round1/m1,,legacy_tail,0,20120928,SSM/results/round1/m1/per_session_r2.csv,SSM/results/round1/m1/per_session_r2.csv,,600,False,10,held_in,m1,,,,
,delta,,,,bank_s0.pt,,trial_causal_fixed_window,,1,,,124.11378240585327,,round1,,,bank,,,,,bank,,,31971,1160,False,,,,,33,,"[0.5502313375473022, 0.3826744556427002, 0.1550232172012329, 0.1445137858390808, 0.30589568614959717, 0.4036359190940857, 0.45070236921310425, 0.05396968126296997, 0.42882925271987915, 0.15824919939041138, -1.1535005569458008, -0.244054913520813, 0.09689909219741821, -0.08741724491119385, 0.1372089982032776, 0.25212836265563965]",0.12718679010868073,0.1723678708076477,SSM/results/round1/m1,,legacy_tail,0,20120928,SSM/results/round1/m1/per_session_r2.csv,SSM/results/round1/m1/per_session_r2.csv,,600,False,10,held_in,m1,,,,
,zero,,,,bank_s0.pt,,trial_causal_fixed_window,,1,,,124.11378240585327,,round1,,,bank,,,,,bank,,,31971,4192,False,,,,,33,,"[0.5507200956344604, 0.61628258228302, 0.6063151359558105, 0.2773347496986389, 0.5031610727310181, 0.3154509663581848, 0.5667625665664673, 0.43709659576416016, 0.5640891790390015, -0.9190870523452759, -0.3068333864212036, -0.8201593160629272, 0.4795472025871277, -1.1772844791412354, 0.49588608741760254, -0.3778494596481323]",0.11321453750133514,-0.04667055606842041,SSM/results/round1/m1,,legacy_tail,0,20120928,SSM/results/round1/m1/per_session_r2.csv,SSM/results/round1/m1/per_session_r2.csv,,600,False,33,held_in,m1,,,,
,ridge,,,,bank_s0.pt,,trial_causal_fixed_window,,1,,,124.11378240585327,,round1,,,bank,,,,,bank,,,31971,4192,False,,,,,33,,"[0.5676725506782532, 0.6230978965759277, 0.5704030394554138, 0.34765779972076416, 0.3804317116737366, 0.44769835472106934, 0.5499114394187927, 0.47429943084716797, 0.5040018558502197, 0.36926186084747314, 0.35896921157836914, 0.2716682553291321, 0.443997859954834, -0.10849511623382568, 0.5436660051345825, 0.4600291848182678]",0.42526695132255554,0.4293777346611023,SSM/results/round1/m1,,legacy_tail,0,20120928,SSM/results/round1/m1/per_session_r2.csv,SSM/results/round1/m1/per_session_r2.csv,,600,False,33,held_in,m1,,,,
,rls,,,,bank_s0.pt,,trial_causal_fixed_window,,1,,,124.11378240585327,,round1,,,bank,,,,,bank,,,31971,4192,False,,,,,33,,"[0.5676725506782532, 0.6230978965759277, 0.5704030394554138, 0.34765779972076416, 0.3804317116737366, 0.44769835472106934, 0.5499114394187927, 0.47429943084716797, 0.5040018558502197, 0.36926186084747314, 0.35896921157836914, 0.2716682553291321, 0.443997859954834, -0.10849511623382568, 0.5436660051345825, 0.4600291848182678]",0.42526695132255554,0.4293777346611023,SSM/results/round1/m1,,legacy_tail,0,20120928,SSM/results/round1/m1/per_session_r2.csv,SSM/results/round1/m1/per_session_r2.csv,,600,False,33,held_in,m1,,,,
,delta,,,,bank_s0.pt,,trial_causal_fixed_window,,1,,,124.11378240585327,,round1,,,bank,,,,,bank,,,31971,4192,False,,,,,33,,"[0.29408299922943115, 0.20950323343276978, 0.5057209730148315, 0.29959017038345337, 0.2906376123428345, 0.03436708450317383, 0.24524962902069092, 0.24817919731140137, 0.24419111013412476, -0.2942647933959961, -0.13020730018615723, -0.24898934364318848, 0.3938162326812744, -0.5875672101974487, 0.06932240724563599, -0.57210373878479]",0.06259551644325256,-0.031655073165893555,SSM/results/round1/m1,,legacy_tail,0,20120928,SSM/results/round1/m1/per_session_r2.csv,SSM/results/round1/m1/per_session_r2.csv,,600,False,33,held_in,m1,,,,
,zero,,,,selective_s0.pt,,trial_causal_fixed_window,,1,,,124.11378240585327,,round1,,,selective,,,,,selective,,,31971,514,False,,,,,33,,"[0.37660735845565796, 0.5163425207138062, -0.01445317268371582, 0.20284193754196167, 0.1957024335861206, -0.514528751373291, 0.30067241191864014, 0.19827109575271606, 0.4219841957092285, -0.9330778121948242, -0.7214109897613525, -0.326465368270874, 0.4369797110557556, -4.010550022125244, -0.3051377534866333, -1.5869474411010742]",-0.36019814014434814,-0.38660740852355957,SSM/results/round1/m1,,legacy_tail,0,20120928,SSM/results/round1/m1/per_session_r2.csv,SSM/results/round1/m1/per_session_r2.csv,,600,False,5,held_in,m1,,,,
,ridge,,,,selective_s0.pt,,trial_causal_fixed_window,,1,,,124.11378240585327,,round1,,,selective,,,,,selective,,,31971,514,False,,,,,33,,"[0.22686123847961426, 0.47728878259658813, 0.09868252277374268, -0.0034242868423461914, -0.053138136863708496, 0.1042218804359436, 0.12538868188858032, 0.3776347041130066, 0.3964770436286926, 0.06045341491699219, 0.08669126033782959, 0.13105344772338867, 0.363076388835907, -0.5852586030960083, 0.3011477589607239, 0.2637631297111511]",0.1481824517250061,0.16258347034454346,SSM/results/round1/m1,,legacy_tail,0,20120928,SSM/results/round1/m1/per_session_r2.csv,SSM/results/round1/m1/per_session_r2.csv,,600,False,5,held_in,m1,,,,
,rls,,,,selective_s0.pt,,trial_causal_fixed_window,,1,,,124.11378240585327,,round1,,,selective,,,,,selective,,,31971,514,False,,,,,33,,"[0.22686123847961426, 0.47728878259658813, 0.09868252277374268, -0.0034242868423461914, -0.053138136863708496, 0.1042218804359436, 0.12538868188858032, 0.3776347041130066, 0.3964770436286926, 0.06045341491699219, 0.08669126033782959, 0.13105344772338867, 0.363076388835907, -0.5852586030960083, 0.3011477589607239, 0.2637631297111511]",0.1481824517250061,0.16258347034454346,SSM/results/round1/m1,,legacy_tail,0,20120928,SSM/results/round1/m1/per_session_r2.csv,SSM/results/round1/m1/per_session_r2.csv,,600,False,5,held_in,m1,,,,
,delta,,,,selective_s0.pt,,trial_causal_fixed_window,,1,,,124.11378240585327,,round1,,,selective,,,,,selective,,,31971,514,False,,,,,33,,"[0.15289801359176636, 0.47067707777023315, 0.1263718605041504, 0.26792657375335693, 0.06735771894454956, 0.025719761848449707, 0.12399637699127197, 0.15171843767166138, 0.31946855783462524, -0.09839785099029541, 0.20232343673706055, 0.18284577131271362, 0.00822138786315918, -1.5832629203796387, 0.3275423049926758, 0.09197133779525757]",0.052336111664772034,0.0810537338256836,SSM/results/round1/m1,,legacy_tail,0,20120928,SSM/results/round1/m1/per_session_r2.csv,SSM/results/round1/m1/per_session_r2.csv,,600,False,5,held_in,m1,,,,
,zero,,,,selective_s0.pt,,trial_causal_fixed_window,,1,,,124.11378240585327,,round1,,,selective,,,,,selective,,,31971,1160,False,,,,,33,,"[0.37660735845565796, 0.5163425207138062, -0.01445317268371582, 0.20284193754196167, 0.1957024335861206, -0.514528751373291, 0.30067241191864014, 0.19827109575271606, 0.4219841957092285, -0.9330778121948242, -0.7214109897613525, -0.326465368270874, 0.4369797110557556, -4.010550022125244, -0.3051377534866333, -1.5869474411010742]",-0.36019814014434814,-0.38660740852355957,SSM/results/round1/m1,,legacy_tail,0,20120928,SSM/results/round1/m1/per_session_r2.csv,SSM/results/round1/m1/per_session_r2.csv,,600,False,10,held_in,m1,,,,
,ridge,,,,selective_s0.pt,,trial_causal_fixed_window,,1,,,124.11378240585327,,round1,,,selective,,,,,selective,,,31971,1160,False,,,,,33,,"[0.28113406896591187, 0.38895899057388306, 0.10965621471405029, 0.028488218784332275, 0.0699719786643982, 0.3116462230682373, 0.2320479154586792, 0.3743780255317688, 0.31498825550079346, 0.20871853828430176, 0.09259426593780518, 0.1392958164215088, 0.39768826961517334, -0.3886171579360962, 0.41345465183258057, 0.35116779804229736]",0.20784826576709747,0.23822152614593506,SSM/results/round1/m1,,legacy_tail,0,20120928,SSM/results/round1/m1/per_session_r2.csv,SSM/results/round1/m1/per_session_r2.csv,,600,False,10,held_in,m1,,,,
,rls,,,,selective_s0.pt,,trial_causal_fixed_window,,1,,,124.11378240585327,,round1,,,selective,,,,,selective,,,31971,1160,False,,,,,33,,"[0.28113406896591187, 0.38895899057388306, 0.10965621471405029, 0.028488218784332275, 0.0699719786643982, 0.3116462230682373, 0.2320479154586792, 0.3743780255317688, 0.31498825550079346, 0.20871853828430176, 0.09259426593780518, 0.1392958164215088, 0.39768826961517334, -0.3886171579360962, 0.41345465183258057, 0.35116779804229736]",0.20784826576709747,0.23822152614593506,SSM/results/round1/m1,,legacy_tail,0,20120928,SSM/results/round1/m1/per_session_r2.csv,SSM/results/round1/m1/per_session_r2.csv,,600,False,10,held_in,m1,,,,
,delta,,,,selective_s0.pt,,trial_causal_fixed_window,,1,,,124.11378240585327,,round1,,,selective,,,,,selective,,,31971,1160,False,,,,,33,,"[0.2976193428039551, 0.34969985485076904, 0.014505565166473389, 0.16195207834243774, 0.04800838232040405, 0.11343228816986084, 0.16875016689300537, 0.09762144088745117, 0.3839690685272217, 0.022929608821868896, -1.6023085117340088, -0.40455079078674316, 0.04368215799331665, -0.39945924282073975, 0.04165542125701904, -0.11897003650665283]",-0.0488414540886879,-0.04142177104949951,SSM/results/round1/m1,,legacy_tail,0,20120928,SSM/results/round1/m1/per_session_r2.csv,SSM/results/round1/m1/per_session_r2.csv,,600,False,10,held_in,m1,,,,
,zero,,,,selective_s0.pt,,trial_causal_fixed_window,,1,,,124.11378240585327,,round1,,,selective,,,,,selective,,,31971,4192,False,,,,,33,,"[0.37660735845565796, 0.5163425207138062, -0.01445317268371582, 0.20284193754196167, 0.1957024335861206, -0.514528751373291, 0.30067241191864014, 0.19827109575271606, 0.4219841957092285, -0.9330778121948242, -0.7214109897613525, -0.326465368270874, 0.4369797110557556, -4.010550022125244, -0.3051377534866333, -1.5869474411010742]",-0.36019814014434814,-0.38660740852355957,SSM/results/round1/m1,,legacy_tail,0,20120928,SSM/results/round1/m1/per_session_r2.csv,SSM/results/round1/m1/per_session_r2.csv,,600,False,33,held_in,m1,,,,
,ridge,,,,selective_s0.pt,,trial_causal_fixed_window,,1,,,124.11378240585327,,round1,,,selective,,,,,selective,,,31971,4192,False,,,,,33,,"[0.48547881841659546, 0.5298994183540344, 0.4395197629928589, 0.2670069932937622, 0.3200852870941162, 0.4012770652770996, 0.4393354058265686, 0.3619115948677063, 0.47398799657821655, 0.43849456310272217, 0.23338419198989868, 0.380714476108551, 0.4053770899772644, -0.013469338417053223, 0.4529346227645874, 0.4590766429901123]",0.3796883821487427,0.4127267599105835,SSM/results/round1/m1,,legacy_tail,0,20120928,SSM/results/round1/m1/per_session_r2.csv,SSM/results/round1/m1/per_session_r2.csv,,600,False,33,held_in,m1,,,,
,rls,,,,selective_s0.pt,,trial_causal_fixed_window,,1,,,124.11378240585327,,round1,,,selective,,,,,selective,,,31971,4192,False,,,,,33,,"[0.48547881841659546, 0.5298994183540344, 0.4395197629928589, 0.2670069932937622, 0.3200852870941162, 0.4012770652770996, 0.4393354058265686, 0.3619115948677063, 0.47398799657821655, 0.43849456310272217, 0.23338419198989868, 0.380714476108551, 0.4053770899772644, -0.013469338417053223, 0.4529346227645874, 0.4590766429901123]",0.3796883821487427,0.4127267599105835,SSM/results/round1/m1,,legacy_tail,0,20120928,SSM/results/round1/m1/per_session_r2.csv,SSM/results/round1/m1/per_session_r2.csv,,600,False,33,held_in,m1,,,,
,delta,,,,selective_s0.pt,,trial_causal_fixed_window,,1,,,124.11378240585327,,round1,,,selective,,,,,selective,,,31971,4192,False,,,,,33,,"[-0.41057658195495605, 0.11147558689117432, 0.19397324323654175, 0.21996557712554932, -0.28300273418426514, -0.9268229007720947, -0.3690366744995117, 0.11503159999847412, -0.01912248134613037, -1.4433295726776123, -0.6176046133041382, -0.49477052688598633, 0.35665494203567505, -0.09298586845397949, -0.12716341018676758, -1.6713926792144775]",-0.34116917848587036,-0.6714909076690674,SSM/results/round1/m1,,legacy_tail,0,20120928,SSM/results/round1/m1/per_session_r2.csv,SSM/results/round1/m1/per_session_r2.csv,,600,False,33,held_in,m1,,,,
,zero,,,,gru_s0.pt,,trial_causal_fixed_window,,1,,,124.11378240585327,,round1,,,gru,,,,,gru,,,31971,514,False,,,,,33,,"[0.4848611354827881, 0.5706873536109924, 0.49671727418899536, 0.09581881761550903, 0.2519524097442627, 0.4406850337982178, 0.3688734769821167, 0.42866313457489014, 0.5016355514526367, 0.5095923542976379, -0.48604893684387207, -0.1855071783065796, 0.4632881283760071, -2.7781386375427246, 0.5431921482086182, 0.5251330137252808]",0.13946279883384705,0.33277684450149536,SSM/results/round1/m1,,legacy_tail,0,20120928,SSM/results/round1/m1/per_session_r2.csv,SSM/results/round1/m1/per_session_r2.csv,,600,False,5,held_in,m1,,,,
,ridge,,,,gru_s0.pt,,trial_causal_fixed_window,,1,,,124.11378240585327,,round1,,,gru,,,,,gru,,,31971,514,False,,,,,33,,"[0.500012993812561, 0.5871214866638184, 0.5504207015037537, 0.23173701763153076, 0.29855257272720337, 0.40431469678878784, 0.39874476194381714, 0.4471777081489563, 0.4966014623641968, 0.32953447103500366, 0.3198580741882324, 0.30452173948287964, 0.44173359870910645, -0.020302653312683105, 0.44727927446365356, 0.4582937955856323]",0.38722512125968933,0.3954736590385437,SSM/results/round1/m1,,legacy_tail,0,20120928,SSM/results/round1/m1/per_session_r2.csv,SSM/results/round1/m1/per_session_r2.csv,,600,False,5,held_in,m1,,,,
,rls,,,,gru_s0.pt,,trial_causal_fixed_window,,1,,,124.11378240585327,,round1,,,gru,,,,,gru,,,31971,514,False,,,,,33,,"[0.500012993812561, 0.5871214866638184, 0.5504207015037537, 0.23173701763153076, 0.29855257272720337, 0.40431469678878784, 0.39874476194381714, 0.4471777081489563, 0.4966014623641968, 0.32953447103500366, 0.3198580741882324, 0.30452173948287964, 0.44173359870910645, -0.020302653312683105, 0.44727927446365356, 0.4582937955856323]",0.38722512125968933,0.3954736590385437,SSM/results/round1/m1,,legacy_tail,0,20120928,SSM/results/round1/m1/per_session_r2.csv,SSM/results/round1/m1/per_session_r2.csv,,600,False,5,held_in,m1,,,,
,delta,,,,gru_s0.pt,,trial_causal_fixed_window,,1,,,124.11378240585327,,round1,,,gru,,,,,gru,,,31971,514,False,,,,,33,,"[0.43778109550476074, 0.52901291847229, 0.5301545858383179, 0.3317849040031433, 0.2980719208717346, 0.332211971282959, 0.4058484435081482, 0.3964840769767761, 0.5121567249298096, 0.3608086109161377, 0.33414846658706665, 0.03118741512298584, 0.23652595281600952, -0.7847163677215576, 0.44027572870254517, 0.3884601593017578]",0.2987622916698456,0.3243367671966553,SSM/results/round1/m1,,legacy_tail,0,20120928,SSM/results/round1/m1/per_session_r2.csv,SSM/results/round1/m1/per_session_r2.csv,,600,False,5,held_in,m1,,,,
,zero,,,,gru_s0.pt,,trial_causal_fixed_window,,1,,,124.11378240585327,,round1,,,gru,,,,,gru,,,31971,1160,False,,,,,33,,"[0.4848611354827881, 0.5706873536109924, 0.49671727418899536, 0.09581881761550903, 0.2519524097442627, 0.4406850337982178, 0.3688734769821167, 0.42866313457489014, 0.5016355514526367, 0.5095923542976379, -0.48604893684387207, -0.1855071783065796, 0.4632881283760071, -2.7781386375427246, 0.5431921482086182, 0.5251330137252808]",0.13946279883384705,0.33277684450149536,SSM/results/round1/m1,,legacy_tail,0,20120928,SSM/results/round1/m1/per_session_r2.csv,SSM/results/round1/m1/per_session_r2.csv,,600,False,10,held_in,m1,,,,
,ridge,,,,gru_s0.pt,,trial_causal_fixed_window,,1,,,124.11378240585327,,round1,,,gru,,,,,gru,,,31971,1160,False,,,,,33,,"[0.4851830005645752, 0.5888075828552246, 0.5180258750915527, 0.2680162787437439, 0.29919952154159546, 0.37344491481781006, 0.4490443468093872, 0.4548308253288269, 0.5462617874145508, 0.40662914514541626, 0.3172397017478943, 0.3020709753036499, 0.4235588312149048, -0.11415791511535645, 0.515291690826416, 0.5094085335731506]",0.3964284360408783,0.41699671745300293,SSM/results/round1/m1,,legacy_tail,0,20120928,SSM/results/round1/m1/per_session_r2.csv,SSM/results/round1/m1/per_session_r2.csv,,600,False,10,held_in,m1,,,,
,rls,,,,gru_s0.pt,,trial_causal_fixed_window,,1,,,124.11378240585327,,round1,,,gru,,,,,gru,,,31971,1160,False,,,,,33,,"[0.4851830005645752, 0.5888075828552246, 0.5180258750915527, 0.2680162787437439, 0.29919952154159546, 0.37344491481781006, 0.4490443468093872, 0.4548308253288269, 0.5462617874145508, 0.40662914514541626, 0.3172397017478943, 0.3020709753036499, 0.4235588312149048, -0.11415791511535645, 0.515291690826416, 0.5094085335731506]",0.3964284360408783,0.41699671745300293,SSM/results/round1/m1,,legacy_tail,0,20120928,SSM/results/round1/m1/per_session_r2.csv,SSM/results/round1/m1/per_session_r2.csv,,600,False,10,held_in,m1,,,,
,delta,,,,gru_s0.pt,,trial_causal_fixed_window,,1,,,124.11378240585327,,round1,,,gru,,,,,gru,,,31971,1160,False,,,,,33,,"[0.4749998450279236, 0.3249412178993225, 0.050863444805145264, 0.253381609916687, 0.36104828119277954, 0.1742335557937622, 0.3586738109588623, 0.262942373752594, 0.5233762860298157, 0.43058836460113525, -0.3576468229293823, 0.09490758180618286, 0.03175461292266846, 0.007021725177764893, 0.13449031114578247, 0.44877833127975464]",0.2233971655368805,0.28588640689849854,SSM/results/round1/m1,,legacy_tail,0,20120928,SSM/results/round1/m1/per_session_r2.csv,SSM/results/round1/m1/per_session_r2.csv,,600,False,10,held_in,m1,,,,
,zero,,,,gru_s0.pt,,trial_causal_fixed_window,,1,,,124.11378240585327,,round1,,,gru,,,,,gru,,,31971,4192,False,,,,,33,,"[0.4848611354827881, 0.5706873536109924, 0.49671727418899536, 0.09581881761550903, 0.2519524097442627, 0.4406850337982178, 0.3688734769821167, 0.42866313457489014, 0.5016355514526367, 0.5095923542976379, -0.48604893684387207, -0.1855071783065796, 0.4632881283760071, -2.7781386375427246, 0.5431921482086182, 0.5251330137252808]",0.13946279883384705,0.33277684450149536,SSM/results/round1/m1,,legacy_tail,0,20120928,SSM/results/round1/m1/per_session_r2.csv,SSM/results/round1/m1/per_session_r2.csv,,600,False,33,held_in,m1,,,,
,ridge,,,,gru_s0.pt,,trial_causal_fixed_window,,1,,,124.11378240585327,,round1,,,gru,,,,,gru,,,31971,4192,False,,,,,33,,"[0.4931359887123108, 0.5986047387123108, 0.5350768566131592, 0.3368515968322754, 0.29683172702789307, 0.4605143070220947, 0.4233967065811157, 0.46969085931777954, 0.5550969839096069, 0.5038214921951294, 0.3120024800300598, 0.3268716335296631, 0.45384395122528076, -0.025088787078857422, 0.4996623396873474, 0.5116254091262817]",0.421996146440506,0.4422670006752014,SSM/results/round1/m1,,legacy_tail,0,20120928,SSM/results/round1/m1/per_session_r2.csv,SSM/results/round1/m1/per_session_r2.csv,,600,False,33,held_in,m1,,,,
,rls,,,,gru_s0.pt,,trial_causal_fixed_window,,1,,,124.11378240585327,,round1,,,gru,,,,,gru,,,31971,4192,False,,,,,33,,"[0.4931359887123108, 0.5986047387123108, 0.5350768566131592, 0.3368515968322754, 0.29683172702789307, 0.4605143070220947, 0.4233967065811157, 0.46969085931777954, 0.5550969839096069, 0.5038214921951294, 0.3120024800300598, 0.3268716335296631, 0.45384395122528076, -0.025088787078857422, 0.4996623396873474, 0.5116254091262817]",0.421996146440506,0.4422670006752014,SSM/results/round1/m1,,legacy_tail,0,20120928,SSM/results/round1/m1/per_session_r2.csv,SSM/results/round1/m1/per_session_r2.csv,,600,False,33,held_in,m1,,,,
,delta,,,,gru_s0.pt,,trial_causal_fixed_window,,1,,,124.11378240585327,,round1,,,gru,,,,,gru,,,31971,4192,False,,,,,33,,"[0.5338504910469055, 0.4849798083305359, 0.4620494246482849, 0.3307313323020935, 0.41754454374313354, 0.44872623682022095, 0.5057663917541504, 0.2367228865623474, 0.5043262243270874, 0.3378017544746399, 0.2840566635131836, 0.10811096429824829, 0.30049943923950195, -0.054639339447021484, 0.2808448076248169, 0.4927491545677185]",0.35463255643844604,0.38464146852493286,SSM/results/round1/m1,,legacy_tail,0,20120928,SSM/results/round1/m1/per_session_r2.csv,SSM/results/round1/m1/per_session_r2.csv,,600,False,33,held_in,m1,,,,
,zero,,,,diag_s0.pt,,trial_causal_fixed_window,,1,,,87.97628736495972,,round1,,,diag,,,,,diag,,,2747,370,False,,,,,33,,"[-1.4869513511657715, -17.07795524597168]",-9.282453536987305,-8.753085136413574,SSM/results/round1/m2,,legacy_tail,0,2020-10-28-Run1,SSM/results/round1/m2/per_session_r2.csv,SSM/results/round1/m2/per_session_r2.csv,,600,False,5,held_in,m2,,,,
,ridge,,,,diag_s0.pt,,trial_causal_fixed_window,,1,,,87.97628736495972,,round1,,,diag,,,,,diag,,,2747,370,False,,,,,33,,"[-0.08039295673370361, -3.6978201866149902]",-1.8891065120697021,-1.766282320022583,SSM/results/round1/m2,,legacy_tail,0,2020-10-28-Run1,SSM/results/round1/m2/per_session_r2.csv,SSM/results/round1/m2/per_session_r2.csv,,600,False,5,held_in,m2,,,,
,rls,,,,diag_s0.pt,,trial_causal_fixed_window,,1,,,87.97628736495972,,round1,,,diag,,,,,diag,,,2747,370,False,,,,,33,,"[-0.08039295673370361, -3.6978201866149902]",-1.8891065120697021,-1.766282320022583,SSM/results/round1/m2,,legacy_tail,0,2020-10-28-Run1,SSM/results/round1/m2/per_session_r2.csv,SSM/results/round1/m2/per_session_r2.csv,,600,False,5,held_in,m2,,,,
,delta,,,,diag_s0.pt,,trial_causal_fixed_window,,1,,,87.97628736495972,,round1,,,diag,,,,,diag,,,2747,370,False,,,,,33,,"[-0.20572173595428467, -3.3033275604248047]",-1.7545247077941895,-1.6493504047393799,SSM/results/round1/m2,,legacy_tail,0,2020-10-28-Run1,SSM/results/round1/m2/per_session_r2.csv,SSM/results/round1/m2/per_session_r2.csv,,600,False,5,held_in,m2,,,,
,zero,,,,diag_s0.pt,,trial_causal_fixed_window,,1,,,87.97628736495972,,round1,,,diag,,,,,diag,,,2747,691,False,,,,,33,,"[-1.4869513511657715, -17.07795524597168]",-9.282453536987305,-8.753085136413574,SSM/results/round1/m2,,legacy_tail,0,2020-10-28-Run1,SSM/results/round1/m2/per_session_r2.csv,SSM/results/round1/m2/per_session_r2.csv,,600,False,10,held_in,m2,,,,
,ridge,,,,diag_s0.pt,,trial_causal_fixed_window,,1,,,87.97628736495972,,round1,,,diag,,,,,diag,,,2747,691,False,,,,,33,,"[-0.8279616832733154, -3.994107723236084]",-2.41103458404541,-2.3035333156585693,SSM/results/round1/m2,,legacy_tail,0,2020-10-28-Run1,SSM/results/round1/m2/per_session_r2.csv,SSM/results/round1/m2/per_session_r2.csv,,600,False,10,held_in,m2,,,,
,rls,,,,diag_s0.pt,,trial_causal_fixed_window,,1,,,87.97628736495972,,round1,,,diag,,,,,diag,,,2747,691,False,,,,,33,,"[-0.8279616832733154, -3.994107723236084]",-2.41103458404541,-2.3035333156585693,SSM/results/round1/m2,,legacy_tail,0,2020-10-28-Run1,SSM/results/round1/m2/per_session_r2.csv,SSM/results/round1/m2/per_session_r2.csv,,600,False,10,held_in,m2,,,,
,delta,,,,diag_s0.pt,,trial_causal_fixed_window,,1,,,87.97628736495972,,round1,,,diag,,,,,diag,,,2747,691,False,,,,,33,,"[-5.059711933135986, -7.758082389831543]",-6.408897399902344,-6.317278861999512,SSM/results/round1/m2,,legacy_tail,0,2020-10-28-Run1,SSM/results/round1/m2/per_session_r2.csv,SSM/results/round1/m2/per_session_r2.csv,,600,False,10,held_in,m2,,,,
,zero,,,,diag_s0.pt,,trial_causal_fixed_window,,1,,,87.97628736495972,,round1,,,diag,,,,,diag,,,2747,2053,False,,,,,33,,"[-1.4869513511657715, -17.07795524597168]",-9.282453536987305,-8.753085136413574,SSM/results/round1/m2,,legacy_tail,0,2020-10-28-Run1,SSM/results/round1/m2/per_session_r2.csv,SSM/results/round1/m2/per_session_r2.csv,,600,False,33,held_in,m2,,,,
,ridge,,,,diag_s0.pt,,trial_causal_fixed_window,,1,,,87.97628736495972,,round1,,,diag,,,,,diag,,,2747,2053,False,,,,,33,,"[-0.5428869724273682, -0.9664496183395386]",-0.7546682953834534,-0.7402869462966919,SSM/results/round1/m2,,legacy_tail,0,2020-10-28-Run1,SSM/results/round1/m2/per_session_r2.csv,SSM/results/round1/m2/per_session_r2.csv,,600,False,33,held_in,m2,,,,
,rls,,,,diag_s0.pt,,trial_causal_fixed_window,,1,,,87.97628736495972,,round1,,,diag,,,,,diag,,,2747,2053,False,,,,,33,,"[-0.5428869724273682, -0.9664496183395386]",-0.7546682953834534,-0.7402869462966919,SSM/results/round1/m2,,legacy_tail,0,2020-10-28-Run1,SSM/results/round1/m2/per_session_r2.csv,SSM/results/round1/m2/per_session_r2.csv,,600,False,33,held_in,m2,,,,
,delta,,,,diag_s0.pt,,trial_causal_fixed_window,,1,,,87.97628736495972,,round1,,,diag,,,,,diag,,,2747,2053,False,,,,,33,,"[-0.697685718536377, -1.0503358840942383]",-0.8740108013153076,-0.8620370626449585,SSM/results/round1/m2,,legacy_tail,0,2020-10-28-Run1,SSM/results/round1/m2/per_session_r2.csv,SSM/results/round1/m2/per_session_r2.csv,,600,False,33,held_in,m2,,,,
,zero,,,,osc_s0.pt,,trial_causal_fixed_window,,1,,,87.97628736495972,,round1,,,osc,,,,,osc,,,2747,370,False,,,,,33,,"[-1.9735589027404785, -1.929330587387085]",-1.9514447450637817,-1.952946424484253,SSM/results/round1/m2,,legacy_tail,0,2020-10-28-Run1,SSM/results/round1/m2/per_session_r2.csv,SSM/results/round1/m2/per_session_r2.csv,,600,False,5,held_in,m2,,,,
,ridge,,,,osc_s0.pt,,trial_causal_fixed_window,,1,,,87.97628736495972,,round1,,,osc,,,,,osc,,,2747,370,False,,,,,33,,"[-0.003405332565307617, -1.29805588722229]",-0.6507306098937988,-0.606772780418396,SSM/results/round1/m2,,legacy_tail,0,2020-10-28-Run1,SSM/results/round1/m2/per_session_r2.csv,SSM/results/round1/m2/per_session_r2.csv,,600,False,5,held_in,m2,,,,
,rls,,,,osc_s0.pt,,trial_causal_fixed_window,,1,,,87.97628736495972,,round1,,,osc,,,,,osc,,,2747,370,False,,,,,33,,"[-0.003405332565307617, -1.29805588722229]",-0.6507306098937988,-0.606772780418396,SSM/results/round1/m2,,legacy_tail,0,2020-10-28-Run1,SSM/results/round1/m2/per_session_r2.csv,SSM/results/round1/m2/per_session_r2.csv,,600,False,5,held_in,m2,,,,
,delta,,,,osc_s0.pt,,trial_causal_fixed_window,,1,,,87.97628736495972,,round1,,,osc,,,,,osc,,,2747,370,False,,,,,33,,"[-0.0494006872177124, -0.926554799079895]",-0.4879777431488037,-0.45819520950317383,SSM/results/round1/m2,,legacy_tail,0,2020-10-28-Run1,SSM/results/round1/m2/per_session_r2.csv,SSM/results/round1/m2/per_session_r2.csv,,600,False,5,held_in,m2,,,,
,zero,,,,osc_s0.pt,,trial_causal_fixed_window,,1,,,87.97628736495972,,round1,,,osc,,,,,osc,,,2747,691,False,,,,,33,,"[-1.9735589027404785, -1.929330587387085]",-1.9514447450637817,-1.952946424484253,SSM/results/round1/m2,,legacy_tail,0,2020-10-28-Run1,SSM/results/round1/m2/per_session_r2.csv,SSM/results/round1/m2/per_session_r2.csv,,600,False,10,held_in,m2,,,,
,ridge,,,,osc_s0.pt,,trial_causal_fixed_window,,1,,,87.97628736495972,,round1,,,osc,,,,,osc,,,2747,691,False,,,,,33,,"[-0.4777507781982422, -1.7094571590423584]",-1.0936039686203003,-1.0517833232879639,SSM/results/round1/m2,,legacy_tail,0,2020-10-28-Run1,SSM/results/round1/m2/per_session_r2.csv,SSM/results/round1/m2/per_session_r2.csv,,600,False,10,held_in,m2,,,,
,rls,,,,osc_s0.pt,,trial_causal_fixed_window,,1,,,87.97628736495972,,round1,,,osc,,,,,osc,,,2747,691,False,,,,,33,,"[-0.4777507781982422, -1.7094571590423584]",-1.0936039686203003,-1.0517833232879639,SSM/results/round1/m2,,legacy_tail,0,2020-10-28-Run1,SSM/results/round1/m2/per_session_r2.csv,SSM/results/round1/m2/per_session_r2.csv,,600,False,10,held_in,m2,,,,
,delta,,,,osc_s0.pt,,trial_causal_fixed_window,,1,,,87.97628736495972,,round1,,,osc,,,,,osc,,,2747,691,False,,,,,33,,"[-1.6123292446136475, -2.4395322799682617]",-2.025930881500244,-1.9978442192077637,SSM/results/round1/m2,,legacy_tail,0,2020-10-28-Run1,SSM/results/round1/m2/per_session_r2.csv,SSM/results/round1/m2/per_session_r2.csv,,600,False,10,held_in,m2,,,,
,zero,,,,osc_s0.pt,,trial_causal_fixed_window,,1,,,87.97628736495972,,round1,,,osc,,,,,osc,,,2747,2053,False,,,,,33,,"[-1.9735589027404785, -1.929330587387085]",-1.9514447450637817,-1.952946424484253,SSM/results/round1/m2,,legacy_tail,0,2020-10-28-Run1,SSM/results/round1/m2/per_session_r2.csv,SSM/results/round1/m2/per_session_r2.csv,,600,False,33,held_in,m2,,,,
,ridge,,,,osc_s0.pt,,trial_causal_fixed_window,,1,,,87.97628736495972,,round1,,,osc,,,,,osc,,,2747,2053,False,,,,,33,,"[-0.44766807556152344, -1.353337287902832]",-0.9005026817321777,-0.8697521686553955,SSM/results/round1/m2,,legacy_tail,0,2020-10-28-Run1,SSM/results/round1/m2/per_session_r2.csv,SSM/results/round1/m2/per_session_r2.csv,,600,False,33,held_in,m2,,,,
,rls,,,,osc_s0.pt,,trial_causal_fixed_window,,1,,,87.97628736495972,,round1,,,osc,,,,,osc,,,2747,2053,False,,,,,33,,"[-0.44766807556152344, -1.353337287902832]",-0.9005026817321777,-0.8697521686553955,SSM/results/round1/m2,,legacy_tail,0,2020-10-28-Run1,SSM/results/round1/m2/per_session_r2.csv,SSM/results/round1/m2/per_session_r2.csv,,600,False,33,held_in,m2,,,,
,delta,,,,osc_s0.pt,,trial_causal_fixed_window,,1,,,87.97628736495972,,round1,,,osc,,,,,osc,,,2747,2053,False,,,,,33,,"[-0.1968860626220703, -0.7965556383132935]",-0.4967208504676819,-0.4763599634170532,SSM/results/round1/m2,,legacy_tail,0,2020-10-28-Run1,SSM/results/round1/m2/per_session_r2.csv,SSM/results/round1/m2/per_session_r2.csv,,600,False,33,held_in,m2,,,,
,zero,,,,bank_s0.pt,,trial_causal_fixed_window,,1,,,87.97628736495972,,round1,,,bank,,,,,bank,,,2747,370,False,,,,,33,,"[-4.134810447692871, -2.0970537662506104]",-3.115931987762451,-3.1851210594177246,SSM/results/round1/m2,,legacy_tail,0,2020-10-28-Run1,SSM/results/round1/m2/per_session_r2.csv,SSM/results/round1/m2/per_session_r2.csv,,600,False,5,held_in,m2,,,,
,ridge,,,,bank_s0.pt,,trial_causal_fixed_window,,1,,,87.97628736495972,,round1,,,bank,,,,,bank,,,2747,370,False,,,,,33,,"[-0.029840946197509766, -1.2109124660491943]",-0.620376706123352,-0.580275297164917,SSM/results/round1/m2,,legacy_tail,0,2020-10-28-Run1,SSM/results/round1/m2/per_session_r2.csv,SSM/results/round1/m2/per_session_r2.csv,,600,False,5,held_in,m2,,,,
,rls,,,,bank_s0.pt,,trial_causal_fixed_window,,1,,,87.97628736495972,,round1,,,bank,,,,,bank,,,2747,370,False,,,,,33,,"[-0.029840946197509766, -1.2109124660491943]",-0.620376706123352,-0.580275297164917,SSM/results/round1/m2,,legacy_tail,0,2020-10-28-Run1,SSM/results/round1/m2/per_session_r2.csv,SSM/results/round1/m2/per_session_r2.csv,,600,False,5,held_in,m2,,,,
,delta,,,,bank_s0.pt,,trial_causal_fixed_window,,1,,,87.97628736495972,,round1,,,bank,,,,,bank,,,2747,370,False,,,,,33,,"[-0.04388296604156494, -0.5824459791183472]",-0.31316447257995605,-0.29487836360931396,SSM/results/round1/m2,,legacy_tail,0,2020-10-28-Run1,SSM/results/round1/m2/per_session_r2.csv,SSM/results/round1/m2/per_session_r2.csv,,600,False,5,held_in,m2,,,,
,zero,,,,bank_s0.pt,,trial_causal_fixed_window,,1,,,87.97628736495972,,round1,,,bank,,,,,bank,,,2747,691,False,,,,,33,,"[-4.134810447692871, -2.0970537662506104]",-3.115931987762451,-3.1851210594177246,SSM/results/round1/m2,,legacy_tail,0,2020-10-28-Run1,SSM/results/round1/m2/per_session_r2.csv,SSM/results/round1/m2/per_session_r2.csv,,600,False,10,held_in,m2,,,,
,ridge,,,,bank_s0.pt,,trial_causal_fixed_window,,1,,,87.97628736495972,,round1,,,bank,,,,,bank,,,2747,691,False,,,,,33,,"[-0.8222025632858276, -2.592073917388916]",-1.7071382999420166,-1.6470448970794678,SSM/results/round1/m2,,legacy_tail,0,2020-10-28-Run1,SSM/results/round1/m2/per_session_r2.csv,SSM/results/round1/m2/per_session_r2.csv,,600,False,10,held_in,m2,,,,
,rls,,,,bank_s0.pt,,trial_causal_fixed_window,,1,,,87.97628736495972,,round1,,,bank,,,,,bank,,,2747,691,False,,,,,33,,"[-0.8222025632858276, -2.592073917388916]",-1.7071382999420166,-1.6470448970794678,SSM/results/round1/m2,,legacy_tail,0,2020-10-28-Run1,SSM/results/round1/m2/per_session_r2.csv,SSM/results/round1/m2/per_session_r2.csv,,600,False,10,held_in,m2,,,,
,delta,,,,bank_s0.pt,,trial_causal_fixed_window,,1,,,87.97628736495972,,round1,,,bank,,,,,bank,,,2747,691,False,,,,,33,,"[-2.8679516315460205, -4.380921363830566]",-3.624436378479004,-3.573065757751465,SSM/results/round1/m2,,legacy_tail,0,2020-10-28-Run1,SSM/results/round1/m2/per_session_r2.csv,SSM/results/round1/m2/per_session_r2.csv,,600,False,10,held_in,m2,,,,
,zero,,,,bank_s0.pt,,trial_causal_fixed_window,,1,,,87.97628736495972,,round1,,,bank,,,,,bank,,,2747,2053,False,,,,,33,,"[-4.134810447692871, -2.0970537662506104]",-3.115931987762451,-3.1851210594177246,SSM/results/round1/m2,,legacy_tail,0,2020-10-28-Run1,SSM/results/round1/m2/per_session_r2.csv,SSM/results/round1/m2/per_session_r2.csv,,600,False,33,held_in,m2,,,,
,ridge,,,,bank_s0.pt,,trial_causal_fixed_window,,1,,,87.97628736495972,,round1,,,bank,,,,,bank,,,2747,2053,False,,,,,33,,"[-0.4037221670150757, -1.8621139526367188]",-1.132918119430542,-1.0834004878997803,SSM/results/round1/m2,,legacy_tail,0,2020-10-28-Run1,SSM/results/round1/m2/per_session_r2.csv,SSM/results/round1/m2/per_session_r2.csv,,600,False,33,held_in,m2,,,,
,rls,,,,bank_s0.pt,,trial_causal_fixed_window,,1,,,87.97628736495972,,round1,,,bank,,,,,bank,,,2747,2053,False,,,,,33,,"[-0.4037221670150757, -1.8621139526367188]",-1.132918119430542,-1.0834004878997803,SSM/results/round1/m2,,legacy_tail,0,2020-10-28-Run1,SSM/results/round1/m2/per_session_r2.csv,SSM/results/round1/m2/per_session_r2.csv,,600,False,33,held_in,m2,,,,
,delta,,,,bank_s0.pt,,trial_causal_fixed_window,,1,,,87.97628736495972,,round1,,,bank,,,,,bank,,,2747,2053,False,,,,,33,,"[-0.25740909576416016, -0.6955015659332275]",-0.47645533084869385,-0.46158063411712646,SSM/results/round1/m2,,legacy_tail,0,2020-10-28-Run1,SSM/results/round1/m2/per_session_r2.csv,SSM/results/round1/m2/per_session_r2.csv,,600,False,33,held_in,m2,,,,
,zero,,,,selective_s0.pt,,trial_causal_fixed_window,,1,,,87.97628736495972,,round1,,,selective,,,,,selective,,,2747,370,False,,,,,33,,"[-10.437263488769531, -57.29235076904297]",-33.86480712890625,-32.2739143371582,SSM/results/round1/m2,,legacy_tail,0,2020-10-28-Run1,SSM/results/round1/m2/per_session_r2.csv,SSM/results/round1/m2/per_session_r2.csv,,600,False,5,held_in,m2,,,,
,ridge,,,,selective_s0.pt,,trial_causal_fixed_window,,1,,,87.97628736495972,,round1,,,selective,,,,,selective,,,2747,370,False,,,,,33,,"[-0.02067387104034424, -0.7969039678573608]",-0.40878891944885254,-0.38243329524993896,SSM/results/round1/m2,,legacy_tail,0,2020-10-28-Run1,SSM/results/round1/m2/per_session_r2.csv,SSM/results/round1/m2/per_session_r2.csv,,600,False,5,held_in,m2,,,,
,rls,,,,selective_s0.pt,,trial_causal_fixed_window,,1,,,87.97628736495972,,round1,,,selective,,,,,selective,,,2747,370,False,,,,,33,,"[-0.02067387104034424, -0.7969039678573608]",-0.40878891944885254,-0.38243329524993896,SSM/results/round1/m2,,legacy_tail,0,2020-10-28-Run1,SSM/results/round1/m2/per_session_r2.csv,SSM/results/round1/m2/per_session_r2.csv,,600,False,5,held_in,m2,,,,
,delta,,,,selective_s0.pt,,trial_causal_fixed_window,,1,,,87.97628736495972,,round1,,,selective,,,,,selective,,,2747,370,False,,,,,33,,"[-0.8606952428817749, -1.3974320888519287]",-1.129063606262207,-1.110839605331421,SSM/results/round1/m2,,legacy_tail,0,2020-10-28-Run1,SSM/results/round1/m2/per_session_r2.csv,SSM/results/round1/m2/per_session_r2.csv,,600,False,5,held_in,m2,,,,
,zero,,,,selective_s0.pt,,trial_causal_fixed_window,,1,,,87.97628736495972,,round1,,,selective,,,,,selective,,,2747,691,False,,,,,33,,"[-10.437263488769531, -57.29235076904297]",-33.86480712890625,-32.2739143371582,SSM/results/round1/m2,,legacy_tail,0,2020-10-28-Run1,SSM/results/round1/m2/per_session_r2.csv,SSM/results/round1/m2/per_session_r2.csv,,600,False,10,held_in,m2,,,,
,ridge,,,,selective_s0.pt,,trial_causal_fixed_window,,1,,,87.97628736495972,,round1,,,selective,,,,,selective,,,2747,691,False,,,,,33,,"[-0.24447858333587646, -0.3191640377044678]",-0.2818213105201721,-0.2792854309082031,SSM/results/round1/m2,,legacy_tail,0,2020-10-28-Run1,SSM/results/round1/m2/per_session_r2.csv,SSM/results/round1/m2/per_session_r2.csv,,600,False,10,held_in,m2,,,,
,rls,,,,selective_s0.pt,,trial_causal_fixed_window,,1,,,87.97628736495972,,round1,,,selective,,,,,selective,,,2747,691,False,,,,,33,,"[-0.24447858333587646, -0.3191640377044678]",-0.2818213105201721,-0.2792854309082031,SSM/results/round1/m2,,legacy_tail,0,2020-10-28-Run1,SSM/results/round1/m2/per_session_r2.csv,SSM/results/round1/m2/per_session_r2.csv,,600,False,10,held_in,m2,,,,
,delta,,,,selective_s0.pt,,trial_causal_fixed_window,,1,,,87.97628736495972,,round1,,,selective,,,,,selective,,,2747,691,False,,,,,33,,"[-6.435157775878906, -3.2131690979003906]",-4.824163436889648,-4.933560848236084,SSM/results/round1/m2,,legacy_tail,0,2020-10-28-Run1,SSM/results/round1/m2/per_session_r2.csv,SSM/results/round1/m2/per_session_r2.csv,,600,False,10,held_in,m2,,,,
,zero,,,,selective_s0.pt,,trial_causal_fixed_window,,1,,,87.97628736495972,,round1,,,selective,,,,,selective,,,2747,2053,False,,,,,33,,"[-10.437263488769531, -57.29235076904297]",-33.86480712890625,-32.2739143371582,SSM/results/round1/m2,,legacy_tail,0,2020-10-28-Run1,SSM/results/round1/m2/per_session_r2.csv,SSM/results/round1/m2/per_session_r2.csv,,600,False,33,held_in,m2,,,,
,ridge,,,,selective_s0.pt,,trial_causal_fixed_window,,1,,,87.97628736495972,,round1,,,selective,,,,,selective,,,2747,2053,False,,,,,33,,"[-0.24288296699523926, -0.29684531688690186]",-0.26986414194107056,-0.2680319547653198,SSM/results/round1/m2,,legacy_tail,0,2020-10-28-Run1,SSM/results/round1/m2/per_session_r2.csv,SSM/results/round1/m2/per_session_r2.csv,,600,False,33,held_in,m2,,,,
,rls,,,,selective_s0.pt,,trial_causal_fixed_window,,1,,,87.97628736495972,,round1,,,selective,,,,,selective,,,2747,2053,False,,,,,33,,"[-0.24288296699523926, -0.29684531688690186]",-0.26986414194107056,-0.2680319547653198,SSM/results/round1/m2,,legacy_tail,0,2020-10-28-Run1,SSM/results/round1/m2/per_session_r2.csv,SSM/results/round1/m2/per_session_r2.csv,,600,False,33,held_in,m2,,,,
,delta,,,,selective_s0.pt,,trial_causal_fixed_window,,1,,,87.97628736495972,,round1,,,selective,,,,,selective,,,2747,2053,False,,,,,33,,"[-0.4147449731826782, -0.5565816164016724]",-0.4856632947921753,-0.48084747791290283,SSM/results/round1/m2,,legacy_tail,0,2020-10-28-Run1,SSM/results/round1/m2/per_session_r2.csv,SSM/results/round1/m2/per_session_r2.csv,,600,False,33,held_in,m2,,,,
,zero,,,,gru_s0.pt,,trial_causal_fixed_window,,1,,,87.97628736495972,,round1,,,gru,,,,,gru,,,2747,370,False,,,,,33,,"[-2.0737974643707275, -1.153486967086792]",-1.6136422157287598,-1.6448898315429688,SSM/results/round1/m2,,legacy_tail,0,2020-10-28-Run1,SSM/results/round1/m2/per_session_r2.csv,SSM/results/round1/m2/per_session_r2.csv,,600,False,5,held_in,m2,,,,
,ridge,,,,gru_s0.pt,,trial_causal_fixed_window,,1,,,87.97628736495972,,round1,,,gru,,,,,gru,,,2747,370,False,,,,,33,,"[-0.007517695426940918, -0.40459346771240234]",-0.20605558156967163,-0.19257354736328125,SSM/results/round1/m2,,legacy_tail,0,2020-10-28-Run1,SSM/results/round1/m2/per_session_r2.csv,SSM/results/round1/m2/per_session_r2.csv,,600,False,5,held_in,m2,,,,
,rls,,,,gru_s0.pt,,trial_causal_fixed_window,,1,,,87.97628736495972,,round1,,,gru,,,,,gru,,,2747,370,False,,,,,33,,"[-0.007517695426940918, -0.40459346771240234]",-0.20605558156967163,-0.19257354736328125,SSM/results/round1/m2,,legacy_tail,0,2020-10-28-Run1,SSM/results/round1/m2/per_session_r2.csv,SSM/results/round1/m2/per_session_r2.csv,,600,False,5,held_in,m2,,,,
,delta,,,,gru_s0.pt,,trial_causal_fixed_window,,1,,,87.97628736495972,,round1,,,gru,,,,,gru,,,2747,370,False,,,,,33,,"[-0.29018592834472656, -0.36561858654022217]",-0.32790225744247437,-0.3253411054611206,SSM/results/round1/m2,,legacy_tail,0,2020-10-28-Run1,SSM/results/round1/m2/per_session_r2.csv,SSM/results/round1/m2/per_session_r2.csv,,600,False,5,held_in,m2,,,,
,zero,,,,gru_s0.pt,,trial_causal_fixed_window,,1,,,87.97628736495972,,round1,,,gru,,,,,gru,,,2747,691,False,,,,,33,,"[-2.0737974643707275, -1.153486967086792]",-1.6136422157287598,-1.6448898315429688,SSM/results/round1/m2,,legacy_tail,0,2020-10-28-Run1,SSM/results/round1/m2/per_session_r2.csv,SSM/results/round1/m2/per_session_r2.csv,,600,False,10,held_in,m2,,,,
,ridge,,,,gru_s0.pt,,trial_causal_fixed_window,,1,,,87.97628736495972,,round1,,,gru,,,,,gru,,,2747,691,False,,,,,33,,"[-0.053609371185302734, -0.29196691513061523]",-0.17278814315795898,-0.16469502449035645,SSM/results/round1/m2,,legacy_tail,0,2020-10-28-Run1,SSM/results/round1/m2/per_session_r2.csv,SSM/results/round1/m2/per_session_r2.csv,,600,False,10,held_in,m2,,,,
,rls,,,,gru_s0.pt,,trial_causal_fixed_window,,1,,,87.97628736495972,,round1,,,gru,,,,,gru,,,2747,691,False,,,,,33,,"[-0.053609371185302734, -0.29196691513061523]",-0.17278814315795898,-0.16469502449035645,SSM/results/round1/m2,,legacy_tail,0,2020-10-28-Run1,SSM/results/round1/m2/per_session_r2.csv,SSM/results/round1/m2/per_session_r2.csv,,600,False,10,held_in,m2,,,,
,delta,,,,gru_s0.pt,,trial_causal_fixed_window,,1,,,87.97628736495972,,round1,,,gru,,,,,gru,,,2747,691,False,,,,,33,,"[-0.09789597988128662, -0.08541309833526611]",-0.09165453910827637,-0.09207844734191895,SSM/results/round1/m2,,legacy_tail,0,2020-10-28-Run1,SSM/results/round1/m2/per_session_r2.csv,SSM/results/round1/m2/per_session_r2.csv,,600,False,10,held_in,m2,,,,
,zero,,,,gru_s0.pt,,trial_causal_fixed_window,,1,,,87.97628736495972,,round1,,,gru,,,,,gru,,,2747,2053,False,,,,,33,,"[-2.0737974643707275, -1.153486967086792]",-1.6136422157287598,-1.6448898315429688,SSM/results/round1/m2,,legacy_tail,0,2020-10-28-Run1,SSM/results/round1/m2/per_session_r2.csv,SSM/results/round1/m2/per_session_r2.csv,,600,False,33,held_in,m2,,,,
,ridge,,,,gru_s0.pt,,trial_causal_fixed_window,,1,,,87.97628736495972,,round1,,,gru,,,,,gru,,,2747,2053,False,,,,,33,,"[-0.016057610511779785, -0.30876028537750244]",-0.1624089479446411,-0.15247070789337158,SSM/results/round1/m2,,legacy_tail,0,2020-10-28-Run1,SSM/results/round1/m2/per_session_r2.csv,SSM/results/round1/m2/per_session_r2.csv,,600,False,33,held_in,m2,,,,
,rls,,,,gru_s0.pt,,trial_causal_fixed_window,,1,,,87.97628736495972,,round1,,,gru,,,,,gru,,,2747,2053,False,,,,,33,,"[-0.016057610511779785, -0.30876028537750244]",-0.1624089479446411,-0.15247070789337158,SSM/results/round1/m2,,legacy_tail,0,2020-10-28-Run1,SSM/results/round1/m2/per_session_r2.csv,SSM/results/round1/m2/per_session_r2.csv,,600,False,33,held_in,m2,,,,
,delta,,,,gru_s0.pt,,trial_causal_fixed_window,,1,,,87.97628736495972,,round1,,,gru,,,,,gru,,,2747,2053,False,,,,,33,,"[-0.8507345914840698, -0.3141450881958008]",-0.5824398398399353,-0.6006588935852051,SSM/results/round1/m2,,legacy_tail,0,2020-10-28-Run1,SSM/results/round1/m2/per_session_r2.csv,SSM/results/round1/m2/per_session_r2.csv,,600,False,33,held_in,m2,,,,
,zero,,,,osc_s0.pt,,trial_causal_fixed_window,,1,,,22.0904643535614,,width_only,,,osc,,,,,osc,,,31971,4192,False,,,,,33,,"[0.6051042675971985, 0.6724413633346558, 0.5875682830810547, -0.5992411375045776, 0.5096458196640015, 0.3606085181236267, 0.5839296579360962, 0.4287358522415161, 0.5707875490188599, -0.25714218616485596, 0.1971522569656372, 0.013598322868347168, 0.48913705348968506, -3.1194186210632324, 0.49838531017303467, 0.001705169677734375]",0.09643734991550446,0.22898924350738525,SSM/results/debug_widthonly/m1_osc_w256_s2000,,legacy_tail,0,20120928,SSM/results/debug_widthonly/m1_osc_w256_s2000/per_session_r2.csv,SSM/results/debug_widthonly/m1_osc_w256_s2000/per_session_r2.csv,,2000,False,33,held_in,m1,,,,256
,ridge,,,,osc_s0.pt,,trial_causal_fixed_window,,1,,,22.0904643535614,,width_only,,,osc,,,,,osc,,,31971,4192,False,,,,,33,,"[0.5876790881156921, 0.6503955125808716, 0.5845832824707031, 0.3598814010620117, 0.45721757411956787, 0.42702752351760864, 0.5559473037719727, 0.4804230332374573, 0.5539562702178955, 0.394870400428772, 0.4020414352416992, 0.3155040144920349, 0.46292901039123535, -0.06431019306182861, 0.5520186424255371, 0.44101935625076294]",0.4475739896297455,0.4513106942176819,SSM/results/debug_widthonly/m1_osc_w256_s2000,,legacy_tail,0,20120928,SSM/results/debug_widthonly/m1_osc_w256_s2000/per_session_r2.csv,SSM/results/debug_widthonly/m1_osc_w256_s2000/per_session_r2.csv,,2000,False,33,held_in,m1,,,,256
,zero,,,,osc_s0.pt,,trial_causal_fixed_window,,1,,,21.26765465736389,,width_only,,,osc,,,,,osc,,,2747,2053,False,,,,,33,,"[-1.5676348209381104, -2.134267568588257]",-1.8509511947631836,-1.831712007522583,SSM/results/debug_widthonly/m2_osc_w256_s2000,,legacy_tail,0,2020-10-28-Run1,SSM/results/debug_widthonly/m2_osc_w256_s2000/per_session_r2.csv,SSM/results/debug_widthonly/m2_osc_w256_s2000/per_session_r2.csv,,2000,False,33,held_in,m2,,,,256
,ridge,,,,osc_s0.pt,,trial_causal_fixed_window,,1,,,21.26765465736389,,width_only,,,osc,,,,,osc,,,2747,2053,False,,,,,33,,"[-0.42512595653533936, -1.4688668251037598]",-0.9469963908195496,-0.9115577936172485,SSM/results/debug_widthonly/m2_osc_w256_s2000,,legacy_tail,0,2020-10-28-Run1,SSM/results/debug_widthonly/m2_osc_w256_s2000/per_session_r2.csv,SSM/results/debug_widthonly/m2_osc_w256_s2000/per_session_r2.csv,,2000,False,33,held_in,m2,,,,256
,zero,,,,osc_s0.pt,,trial_causal_fixed_window,,1,,,6.741884231567383,,width_only,,,osc,,,,,osc,,,2747,2053,False,,,,,33,,"[-2.365010976791382, -1.7810964584350586]",-2.0730538368225098,-2.0928797721862793,SSM/results/debug_widthonly/m2_osc_w128_s600,,legacy_tail,0,2020-10-28-Run1,SSM/results/debug_widthonly/m2_osc_w128_s600/per_session_r2.csv,SSM/results/debug_widthonly/m2_osc_w128_s600/per_session_r2.csv,,600,False,33,held_in,m2,,,,128
,ridge,,,,osc_s0.pt,,trial_causal_fixed_window,,1,,,6.741884231567383,,width_only,,,osc,,,,,osc,,,2747,2053,False,,,,,33,,"[-0.3858177661895752, -1.3148777484893799]",-0.8503477573394775,-0.8188029527664185,SSM/results/debug_widthonly/m2_osc_w128_s600,,legacy_tail,0,2020-10-28-Run1,SSM/results/debug_widthonly/m2_osc_w128_s600/per_session_r2.csv,SSM/results/debug_widthonly/m2_osc_w128_s600/per_session_r2.csv,,600,False,33,held_in,m2,,,,128
,zero,,,,osc_s0.pt,,trial_causal_fixed_window,,1,,,7.874798774719238,,width_only,,,osc,,,,,osc,,,31971,4192,False,,,,,33,,"[0.5710998773574829, 0.689894437789917, 0.5569976568222046, -0.0712810754776001, 0.4420880675315857, -0.5304608345031738, 0.5724151134490967, 0.47930973768234253, 0.5671519637107849, -0.5420745611190796, 0.2658507227897644, -0.024397969245910645, 0.4630453586578369, -1.8566913604736328, 0.471077561378479, -0.22328543663024902]",0.11442120373249054,0.08609563112258911,SSM/results/debug_widthonly/m1_osc_w128_s600,,legacy_tail,0,20120928,SSM/results/debug_widthonly/m1_osc_w128_s600/per_session_r2.csv,SSM/results/debug_widthonly/m1_osc_w128_s600/per_session_r2.csv,,600,False,33,held_in,m1,,,,128
,ridge,,,,osc_s0.pt,,trial_causal_fixed_window,,1,,,7.874798774719238,,width_only,,,osc,,,,,osc,,,31971,4192,False,,,,,33,,"[0.5864295959472656, 0.6464483737945557, 0.5886887311935425, 0.34364551305770874, 0.4538919925689697, 0.39194053411483765, 0.5310635566711426, 0.4669420123100281, 0.5791703462600708, 0.35502326488494873, 0.3522842526435852, 0.3353230953216553, 0.42699360847473145, -0.0806962251663208, 0.5529003143310547, 0.45898014307022095]",0.4368143081665039,0.4423103928565979,SSM/results/debug_widthonly/m1_osc_w128_s600,,legacy_tail,0,20120928,SSM/results/debug_widthonly/m1_osc_w128_s600/per_session_r2.csv,SSM/results/debug_widthonly/m1_osc_w128_s600/per_session_r2.csv,,600,False,33,held_in,m1,,,,128
,zero,,,,osc_s0.pt,,trial_causal_fixed_window,,1,,,7.735105991363525,,width_only,,,osc,,,,,osc,,,31971,4192,False,,,,,33,,"[0.6063122153282166, 0.6551120281219482, 0.5774097442626953, 0.005957126617431641, 0.5245450735092163, 0.010640740394592285, 0.602204442024231, 0.379730224609375, 0.5823752880096436, -0.5688681602478027, 0.23953187465667725, -0.013432979583740234, 0.4679190516471863, -2.6436305046081543, 0.37688541412353516, -0.42583346366882324]",0.08605363219976425,0.08857172727584839,SSM/results/debug_widthonly/m1_osc_w256_s600,,legacy_tail,0,20120928,SSM/results/debug_widthonly/m1_osc_w256_s600/per_session_r2.csv,SSM/results/debug_widthonly/m1_osc_w256_s600/per_session_r2.csv,,600,False,33,held_in,m1,,,,256
,ridge,,,,osc_s0.pt,,trial_causal_fixed_window,,1,,,7.735105991363525,,width_only,,,osc,,,,,osc,,,31971,4192,False,,,,,33,,"[0.5800621509552002, 0.6588489413261414, 0.5844968557357788, 0.3608071804046631, 0.4939184784889221, 0.3911537528038025, 0.5662447214126587, 0.4690932035446167, 0.555394172668457, 0.3442525267601013, 0.4060426354408264, 0.27689045667648315, 0.4554210305213928, -0.042052507400512695, 0.5572901368141174, 0.4025654196739197]",0.4412768483161926,0.4351993799209595,SSM/results/debug_widthonly/m1_osc_w256_s600,,legacy_tail,0,20120928,SSM/results/debug_widthonly/m1_osc_w256_s600/per_session_r2.csv,SSM/results/debug_widthonly/m1_osc_w256_s600/per_session_r2.csv,,600,False,33,held_in,m1,,,,256
,zero,,,,osc_s0.pt,,trial_causal_fixed_window,,1,,,6.877842426300049,,width_only,,,osc,,,,,osc,,,2747,2053,False,,,,,33,,"[-2.267141342163086, -1.7338550090789795]",-2.0004982948303223,-2.0186049938201904,SSM/results/debug_widthonly/m2_osc_w512_s600,,legacy_tail,0,2020-10-28-Run1,SSM/results/debug_widthonly/m2_osc_w512_s600/per_session_r2.csv,SSM/results/debug_widthonly/m2_osc_w512_s600/per_session_r2.csv,,600,False,33,held_in,m2,,,,512
,ridge,,,,osc_s0.pt,,trial_causal_fixed_window,,1,,,6.877842426300049,,width_only,,,osc,,,,,osc,,,2747,2053,False,,,,,33,,"[-0.43148696422576904, -1.4093012809753418]",-0.9203941226005554,-0.887194037437439,SSM/results/debug_widthonly/m2_osc_w512_s600,,legacy_tail,0,2020-10-28-Run1,SSM/results/debug_widthonly/m2_osc_w512_s600/per_session_r2.csv,SSM/results/debug_widthonly/m2_osc_w512_s600/per_session_r2.csv,,600,False,33,held_in,m2,,,,512
,zero,,,,osc_s0.pt,,trial_causal_fixed_window,,1,,,7.852648973464966,,width_only,,,osc,,,,,osc,,,31971,4192,False,,,,,33,,"[0.5705362558364868, 0.7019385695457458, 0.5937007665634155, -0.16871368885040283, 0.42716681957244873, 0.2885271906852722, 0.5180245041847229, 0.47853463888168335, 0.5435777306556702, -0.26887714862823486, -0.05046248435974121, 0.009478509426116943, 0.4440258741378784, -3.893941879272461, 0.3300021290779114, 0.09650743007659912]",0.03875158727169037,0.2067820429801941,SSM/results/debug_widthonly/m1_osc_w512_s600,,legacy_tail,0,20120928,SSM/results/debug_widthonly/m1_osc_w512_s600/per_session_r2.csv,SSM/results/debug_widthonly/m1_osc_w512_s600/per_session_r2.csv,,600,False,33,held_in,m1,,,,512
,ridge,,,,osc_s0.pt,,trial_causal_fixed_window,,1,,,7.852648973464966,,width_only,,,osc,,,,,osc,,,31971,4192,False,,,,,33,,"[0.585677444934845, 0.6743423342704773, 0.5966228246688843, 0.36045533418655396, 0.4580458998680115, 0.40890657901763916, 0.5463016629219055, 0.45923060178756714, 0.5576581954956055, 0.42489343881607056, 0.3793678879737854, 0.32852864265441895, 0.4327394366264343, -0.031096935272216797, 0.560085654258728, 0.4668852686882019]",0.4505402445793152,0.4576852321624756,SSM/results/debug_widthonly/m1_osc_w512_s600,,legacy_tail,0,20120928,SSM/results/debug_widthonly/m1_osc_w512_s600/per_session_r2.csv,SSM/results/debug_widthonly/m1_osc_w512_s600/per_session_r2.csv,,600,False,33,held_in,m1,,,,512
,zero,,,,osc_s0.pt,,trial_causal_fixed_window,,1,,,6.8372485637664795,,width_only,,,osc,,,,,osc,,,2747,2053,False,,,,,33,,"[-4.099462032318115, -1.8783948421478271]",-2.9889283180236816,-3.0643410682678223,SSM/results/debug_widthonly/m2_osc_w256_s600,,legacy_tail,0,2020-10-28-Run1,SSM/results/debug_widthonly/m2_osc_w256_s600/per_session_r2.csv,SSM/results/debug_widthonly/m2_osc_w256_s600/per_session_r2.csv,,600,False,33,held_in,m2,,,,256
,ridge,,,,osc_s0.pt,,trial_causal_fixed_window,,1,,,6.8372485637664795,,width_only,,,osc,,,,,osc,,,2747,2053,False,,,,,33,,"[-0.31568098068237305, -1.332810640335083]",-0.824245810508728,-0.7897107601165771,SSM/results/debug_widthonly/m2_osc_w256_s600,,legacy_tail,0,2020-10-28-Run1,SSM/results/debug_widthonly/m2_osc_w256_s600/per_session_r2.csv,SSM/results/debug_widthonly/m2_osc_w256_s600/per_session_r2.csv,,600,False,33,held_in,m2,,,,256
