bin_fraction,calibration,group,method,n_bins,normalization,policy,prediction_truth_variance_ratio,profile,r2,root,seed,split,sse,sse_fraction,sst_fraction,sst_global_mean,task
0.25000494159040143,zero,Q1,none,12648,support,trial_causal_fixed_window,0.9269542716131175,cross_session_iteration_a,0.6975393198677076,/home/xinyuan/Work_host/SSM/results/cross_session_iteration_a/official_20261003,0,query_quartile,8005.234664525604,0.22757387902957182,0.245835786123224,26491.366076784812,m1
0.25000494159040143,zero,Q2,none,12648,support,trial_causal_fixed_window,0.8516431923241438,cross_session_iteration_a,0.6426845530020222,/home/xinyuan/Work_host/SSM/results/cross_session_iteration_a/official_20261003,0,query_quartile,9624.49593866547,0.2736064545581012,0.2501516857135609,26956.449203213568,m1
0.25000494159040143,zero,Q3,none,12648,support,trial_causal_fixed_window,0.8194912723411342,cross_session_iteration_a,0.6714386234200194,/home/xinyuan/Work_host/SSM/results/cross_session_iteration_a/official_20261003,0,query_quartile,8878.964300228277,0.2524123816784801,0.2508980605037958,27036.878859572415,m1
0.24998517522879563,zero,Q4,none,12647,support,trial_causal_fixed_window,0.860975797203888,cross_session_iteration_a,0.6816141658339421,/home/xinyuan/Work_host/SSM/results/cross_session_iteration_a/official_20261003,0,query_quartile,8667.726479657638,0.24640728473384713,0.2531144676594194,27275.719812147963,m1
0.07511217410211303,zero,"[0,10)",none,3800,support,trial_causal_fixed_window,0.27109610117404953,cross_session_iteration_a,-0.04478623527419878,/home/xinyuan/Work_host/SSM/results/cross_session_iteration_a/official_20261003,0,trial_position,559.6813926661561,0.015910697298373085,0.0236832442910817,2552.1162085266437,m1
0.11266826115316954,zero,"[10,25)",none,5700,support,trial_causal_fixed_window,0.311222481429231,cross_session_iteration_a,0.02768440930383298,/home/xinyuan/Work_host/SSM/results/cross_session_iteration_a/official_20261003,0,trial_position,734.0373443656591,0.020867311554290086,0.036536049092856585,3937.1397744065434,m1
0.18778043525528257,zero,"[25,50)",none,9500,support,trial_causal_fixed_window,0.3106263108541965,cross_session_iteration_a,0.12232575453895689,/home/xinyuan/Work_host/SSM/results/cross_session_iteration_a/official_20261003,0,trial_position,1217.7877984202269,0.03461943399978976,0.06181024434827429,6660.697517426922,m1
0.5796090213674369,zero,"[50,128)",none,29323,support,trial_causal_fixed_window,0.8565989514907336,cross_session_iteration_a,0.630677336017313,/home/xinyuan/Work_host/SSM/results/cross_session_iteration_a/official_20261003,0,trial_position,31114.990509841748,0.884541101296076,0.8420067422274752,90734.99509257087,m1
0.04483010812199798,zero,"[128,1000000000)",none,2268,support,trial_causal_fixed_window,0.5180188507093161,cross_session_iteration_a,0.5270917065887094,/home/xinyuan/Work_host/SSM/results/cross_session_iteration_a/official_20261003,0,trial_position,1549.9243377832124,0.044061455851471726,0.03596372004031278,3875.465358787828,m1
0.25000494159040143,ridge,Q1,none,12648,support,trial_causal_fixed_window,0.701739385828535,cross_session_iteration_a,0.7082381116560711,/home/xinyuan/Work_host/SSM/results/cross_session_iteration_a/official_20261003,0,query_quartile,7722.069464820014,0.2189676067754038,0.245835786123224,26491.366076784812,m1
0.25000494159040143,ridge,Q2,none,12648,support,trial_causal_fixed_window,0.648531227974661,cross_session_iteration_a,0.6394693723459703,/home/xinyuan/Work_host/SSM/results/cross_session_iteration_a/official_20261003,0,query_quartile,9711.098668623632,0.27536867472065524,0.2501516857135609,26956.449203213568,m1
0.25000494159040143,ridge,Q3,none,12648,support,trial_causal_fixed_window,0.6271965752382284,cross_session_iteration_a,0.6665166187518047,/home/xinyuan/Work_host/SSM/results/cross_session_iteration_a/official_20261003,0,query_quartile,9011.975380804868,0.2555442799943389,0.2508980605037958,27036.878859572415,m1
0.24998517522879563,ridge,Q4,none,12647,support,trial_causal_fixed_window,0.6698911705507274,cross_session_iteration_a,0.6759964148485456,/home/xinyuan/Work_host/SSM/results/cross_session_iteration_a/official_20261003,0,query_quartile,8820.663965396552,0.2501194385096022,0.2531144676594194,27275.719812147963,m1
0.07511217410211303,ridge,"[0,10)",none,3800,support,trial_causal_fixed_window,0.22916652972685755,cross_session_iteration_a,-0.015805767803219517,/home/xinyuan/Work_host/SSM/results/cross_session_iteration_a/official_20261003,0,trial_position,544.1568500882984,0.01543015427627393,0.0236832442910817,2552.1162085266437,m1
0.11266826115316954,ridge,"[10,25)",none,5700,support,trial_causal_fixed_window,0.2679424065464887,cross_session_iteration_a,0.05189587726519773,/home/xinyuan/Work_host/SSM/results/cross_session_iteration_a/official_20261003,0,trial_position,715.7592031781567,0.02029612404568598,0.036536049092856585,3937.1397744065434,m1
0.18778043525528257,ridge,"[25,50)",none,9500,support,trial_causal_fixed_window,0.2769237996651039,cross_session_iteration_a,0.12836522453440613,/home/xinyuan/Work_host/SSM/results/cross_session_iteration_a/official_20261003,0,trial_position,1209.4079320775388,0.03429406608017107,0.06181024434827429,6660.697517426922,m1
0.5796090213674369,ridge,"[50,128)",none,29323,support,trial_causal_fixed_window,0.647804984397731,cross_session_iteration_a,0.6284220629832639,/home/xinyuan/Work_host/SSM/results/cross_session_iteration_a/official_20261003,0,trial_position,31304.994552092543,0.8876868782931273,0.8420067422274752,90734.99509257087,m1
0.04483010812199798,ridge,"[128,1000000000)",none,2268,support,trial_causal_fixed_window,0.6312327461659064,cross_session_iteration_a,0.5449213402826742,/home/xinyuan/Work_host/SSM/results/cross_session_iteration_a/official_20261003,0,trial_position,1491.488942208532,0.042292777304741964,0.03596372004031278,3875.465358787828,m1
0.25000494159040143,zero,Q1,io,12648,support,trial_causal_fixed_window,0.7712543233888889,cross_session_iteration_a,0.7161352503775167,/home/xinyuan/Work_host/SSM/results/cross_session_iteration_a/official_20261003,0,query_quartile,7513.055689489505,0.20387501633632205,0.245835786123224,26491.366076784812,m1
0.25000494159040143,zero,Q2,io,12648,support,trial_causal_fixed_window,0.6936459311450865,cross_session_iteration_a,0.6131749073907591,/home/xinyuan/Work_host/SSM/results/cross_session_iteration_a/official_20261003,0,query_quartile,10419.355121841689,0.2827406428853122,0.2501516857135609,26956.449203213568,m1
0.25000494159040143,zero,Q3,io,12648,support,trial_causal_fixed_window,0.6521648170744595,cross_session_iteration_a,0.6526332453334069,/home/xinyuan/Work_host/SSM/results/cross_session_iteration_a/official_20261003,0,query_quartile,9387.156353784156,0.2547307958407257,0.2508980605037958,27036.878859572415,m1
0.24998517522879563,zero,Q4,io,12647,support,trial_causal_fixed_window,0.6958095164876751,cross_session_iteration_a,0.6498778614460683,/home/xinyuan/Work_host/SSM/results/cross_session_iteration_a/official_20261003,0,query_quartile,9531.714686387264,0.2586535449376398,0.2531144676594194,27275.719812147963,m1
0.07511217410211303,zero,"[0,10)",io,3800,support,trial_causal_fixed_window,0.24425203624141872,cross_session_iteration_a,-0.07771654712338827,/home/xinyuan/Work_host/SSM/results/cross_session_iteration_a/official_20261003,0,trial_position,577.3218268281242,0.015666261736960008,0.0236832442910817,2552.1162085266437,m1
0.11266826115316954,zero,"[10,25)",io,5700,support,trial_causal_fixed_window,0.3028269782910943,cross_session_iteration_a,-0.06321119621570048,/home/xinyuan/Work_host/SSM/results/cross_session_iteration_a/official_20261003,0,trial_position,802.6578308913308,0.021781001652147473,0.036536049092856585,3937.1397744065434,m1
0.18778043525528257,zero,"[25,50)",io,9500,support,trial_causal_fixed_window,0.3053059997807442,cross_session_iteration_a,0.00024789327302754405,/home/xinyuan/Work_host/SSM/results/cross_session_iteration_a/official_20261003,0,trial_position,1387.1728871085616,0.037642459567576725,0.06181024434827429,6660.697517426922,m1
0.5796090213674369,zero,"[50,128)",io,29323,support,trial_causal_fixed_window,0.7035087661056231,cross_session_iteration_a,0.6146715865081432,/home/xinyuan/Work_host/SSM/results/cross_session_iteration_a/official_20261003,0,trial_position,32463.45566686788,0.880931518140506,0.8420067422274752,90734.99509257087,m1
0.04483010812199798,zero,"[128,1000000000)",io,2268,support,trial_causal_fixed_window,0.5528745051256528,cross_session_iteration_a,0.5055048904684908,/home/xinyuan/Work_host/SSM/results/cross_session_iteration_a/official_20261003,0,trial_position,1620.673639806722,0.043978758902809736,0.03596372004031278,3875.465358787828,m1
0.25000494159040143,ridge,Q1,io,12648,support,trial_causal_fixed_window,0.731436509994396,cross_session_iteration_a,0.7158046814280117,/home/xinyuan/Work_host/SSM/results/cross_session_iteration_a/official_20261003,0,query_quartile,7521.804866448428,0.2080325055891662,0.245835786123224,26491.366076784812,m1
0.25000494159040143,ridge,Q2,io,12648,support,trial_causal_fixed_window,0.6500806389100278,cross_session_iteration_a,0.6249952815435136,/home/xinyuan/Work_host/SSM/results/cross_session_iteration_a/official_20261003,0,query_quartile,10100.966583135902,0.2793650492763163,0.2501516857135609,26956.449203213568,m1
0.25000494159040143,ridge,Q3,io,12648,support,trial_causal_fixed_window,0.6169071201906625,cross_session_iteration_a,0.6545800666024015,/home/xinyuan/Work_host/SSM/results/cross_session_iteration_a/official_20261003,0,query_quartile,9334.545920000804,0.25816795446752905,0.2508980605037958,27036.878859572415,m1
0.24998517522879563,ridge,Q4,io,12647,support,trial_causal_fixed_window,0.6567411885739144,cross_session_iteration_a,0.6620788423981894,/home/xinyuan/Work_host/SSM/results/cross_session_iteration_a/official_20261003,0,query_quartile,9199.555543837787,0.25443449066698826,0.2531144676594194,27275.719812147963,m1
0.07511217410211303,ridge,"[0,10)",io,3800,support,trial_causal_fixed_window,0.2522157452830651,cross_session_iteration_a,0.0001932672823484749,/home/xinyuan/Work_host/SSM/results/cross_session_iteration_a/official_20261003,0,trial_position,535.5863292145664,0.014812849841771978,0.0236832442910817,2552.1162085266437,m1
0.11266826115316954,ridge,"[10,25)",io,5700,support,trial_causal_fixed_window,0.3119863995150611,cross_session_iteration_a,0.04864707385561884,/home/xinyuan/Work_host/SSM/results/cross_session_iteration_a/official_20261003,0,trial_position,718.2118461779731,0.019863771070515977,0.036536049092856585,3937.1397744065434,m1
0.18778043525528257,ridge,"[25,50)",io,9500,support,trial_causal_fixed_window,0.31722916058105705,cross_session_iteration_a,0.1096178742679439,/home/xinyuan/Work_host/SSM/results/cross_session_iteration_a/official_20261003,0,trial_position,1235.420196337629,0.03416833638505806,0.06181024434827429,6660.697517426922,m1
0.5796090213674369,ridge,"[50,128)",io,29323,support,trial_causal_fixed_window,0.6601913085795363,cross_session_iteration_a,0.6192777905453779,/home/xinyuan/Work_host/SSM/results/cross_session_iteration_a/official_20261003,0,trial_position,32075.3885134487,0.8871173287096127,0.8420067422274752,90734.99509257087,m1
0.04483010812199798,ridge,"[128,1000000000)",io,2268,support,trial_causal_fixed_window,0.5419333944642992,cross_session_iteration_a,0.5141725362215772,/home/xinyuan/Work_host/SSM/results/cross_session_iteration_a/official_20261003,0,trial_position,1592.2660282440545,0.04403771399304112,0.03596372004031278,3875.465358787828,m1
0.25000494159040143,zero,Q1,io,12648,support,trial_causal_fixed_window,0.768035540694759,cross_session_iteration_a,0.715418422606692,/home/xinyuan/Work_host/SSM/results/cross_session_iteration_a/official_20261003,1,query_quartile,7532.027988688829,0.20453200714814193,0.245835786123224,26491.366076784812,m1
0.25000494159040143,zero,Q2,io,12648,support,trial_causal_fixed_window,0.6884455204536822,cross_session_iteration_a,0.6114647877591322,/home/xinyuan/Work_host/SSM/results/cross_session_iteration_a/official_20261003,1,query_quartile,10465.418172256968,0.28418813467380327,0.2501516857135609,26956.449203213568,m1
0.25000494159040143,zero,Q3,io,12648,support,trial_causal_fixed_window,0.652029620566437,cross_session_iteration_a,0.6540410851343292,/home/xinyuan/Work_host/SSM/results/cross_session_iteration_a/official_20261003,1,query_quartile,9349.111226682046,0.25387485111793634,0.2508980605037958,27036.878859572415,m1
0.24998517522879563,zero,Q4,io,12647,support,trial_causal_fixed_window,0.6885044366762826,cross_session_iteration_a,0.6518100963506177,/home/xinyuan/Work_host/SSM/results/cross_session_iteration_a/official_20261003,1,query_quartile,9479.111580815843,0.2574050070601189,0.2531144676594194,27275.719812147963,m1
0.07511217410211303,zero,"[0,10)",io,3800,support,trial_causal_fixed_window,0.24384563433330292,cross_session_iteration_a,-0.03539327921483215,/home/xinyuan/Work_host/SSM/results/cross_session_iteration_a/official_20261003,1,trial_position,554.6496813446735,0.015061496420335474,0.0236832442910817,2552.1162085266437,m1
0.11266826115316954,zero,"[10,25)",io,5700,support,trial_causal_fixed_window,0.30148801711037493,cross_session_iteration_a,-0.009646128699394518,/home/xinyuan/Work_host/SSM/results/cross_session_iteration_a/official_20261003,1,trial_position,762.219561376096,0.02069805064584843,0.036536049092856585,3937.1397744065434,m1
0.18778043525528257,zero,"[25,50)",io,9500,support,trial_causal_fixed_window,0.30296407354501964,cross_session_iteration_a,0.04898643032203609,/home/xinyuan/Work_host/SSM/results/cross_session_iteration_a/official_20261003,1,trial_position,1319.5473460401251,0.03583227088612728,0.06181024434827429,6660.697517426922,m1
0.5796090213674369,zero,"[50,128)",io,29323,support,trial_causal_fixed_window,0.7009746580385423,cross_session_iteration_a,0.6138593431946846,/home/xinyuan/Work_host/SSM/results/cross_session_iteration_a/official_20261003,1,trial_position,32531.886189699624,0.8834024500023764,0.8420067422274752,90734.99509257087,m1
0.04483010812199798,zero,"[128,1000000000)",io,2268,support,trial_causal_fixed_window,0.5276143458944453,cross_session_iteration_a,0.4943093689440877,/home/xinyuan/Work_host/SSM/results/cross_session_iteration_a/official_20261003,1,trial_position,1657.3661899831613,0.04500573204531266,0.03596372004031278,3875.465358787828,m1
0.25000494159040143,ridge,Q1,io,12648,support,trial_causal_fixed_window,0.7328163411122154,cross_session_iteration_a,0.7152489307082237,/home/xinyuan/Work_host/SSM/results/cross_session_iteration_a/official_20261003,1,query_quartile,7536.513935160884,0.20812123567899116,0.245835786123224,26491.366076784812,m1
0.25000494159040143,ridge,Q2,io,12648,support,trial_causal_fixed_window,0.6482526309397335,cross_session_iteration_a,0.6237755827084669,/home/xinyuan/Work_host/SSM/results/cross_session_iteration_a/official_20261003,1,query_quartile,10133.819868889226,0.2798459780485386,0.2501516857135609,26956.449203213568,m1
0.25000494159040143,ridge,Q3,io,12648,support,trial_causal_fixed_window,0.6197715243213365,cross_session_iteration_a,0.6552564155837428,/home/xinyuan/Work_host/SSM/results/cross_session_iteration_a/official_20261003,1,query_quartile,9316.26842639418,0.25726925120811,0.2508980605037958,27036.878859572415,m1
0.24998517522879563,ridge,Q4,io,12647,support,trial_causal_fixed_window,0.654359517796123,cross_session_iteration_a,0.6611246995884899,/home/xinyuan/Work_host/SSM/results/cross_session_iteration_a/official_20261003,1,query_quartile,9225.531099310188,0.25476353506436006,0.2531144676594194,27275.719812147963,m1
0.07511217410211303,ridge,"[0,10)",io,3800,support,trial_causal_fixed_window,0.2502743436623871,cross_session_iteration_a,0.0035918482474964764,/home/xinyuan/Work_host/SSM/results/cross_session_iteration_a/official_20261003,1,trial_position,533.7657438513188,0.014739969583971972,0.0236832442910817,2552.1162085266437,m1
0.11266826115316954,ridge,"[10,25)",io,5700,support,trial_causal_fixed_window,0.30937778575850394,cross_session_iteration_a,0.05340577000135294,/home/xinyuan/Work_host/SSM/results/cross_session_iteration_a/official_20261003,1,trial_position,714.6193287742805,0.01973425101103055,0.036536049092856585,3937.1397744065434,m1
0.18778043525528257,ridge,"[25,50)",io,9500,support,trial_causal_fixed_window,0.3141414717430941,cross_session_iteration_a,0.11258090854785074,/home/xinyuan/Work_host/SSM/results/cross_session_iteration_a/official_20261003,1,trial_position,1231.3089363672786,0.03400266217830218,0.06181024434827429,6660.697517426922,m1
0.5796090213674369,ridge,"[50,128)",io,29323,support,trial_causal_fixed_window,0.6611094112048537,cross_session_iteration_a,0.6186544405039747,/home/xinyuan/Work_host/SSM/results/cross_session_iteration_a/official_20261003,1,trial_position,32127.905005161963,0.8872138162256067,0.8420067422274752,90734.99509257087,m1
0.04483010812199798,ridge,"[128,1000000000)",io,2268,support,trial_causal_fixed_window,0.5369445159322809,cross_session_iteration_a,0.5104292729570612,/home/xinyuan/Work_host/SSM/results/cross_session_iteration_a/official_20261003,1,trial_position,1604.534315599627,0.044309301001088125,0.03596372004031278,3875.465358787828,m1
0.25000494159040143,zero,Q1,io,12648,support,trial_causal_fixed_window,0.7648259455193306,cross_session_iteration_a,0.7170191382560822,/home/xinyuan/Work_host/SSM/results/cross_session_iteration_a/official_20261003,2,query_quartile,7489.661806086372,0.20313419481809952,0.245835786123224,26491.366076784812,m1
0.25000494159040143,zero,Q2,io,12648,support,trial_causal_fixed_window,0.6833741031135172,cross_session_iteration_a,0.6103610313693204,/home/xinyuan/Work_host/SSM/results/cross_session_iteration_a/official_20261003,2,query_quartile,10495.14848193227,0.28464883883558434,0.2501516857135609,26956.449203213568,m1
0.25000494159040143,zero,Q3,io,12648,support,trial_causal_fixed_window,0.6469844520234779,cross_session_iteration_a,0.6532379255028802,/home/xinyuan/Work_host/SSM/results/cross_session_iteration_a/official_20261003,2,query_quartile,9370.815621061114,0.25415474493470963,0.2508980605037958,27036.878859572415,m1
0.24998517522879563,zero,Q4,io,12647,support,trial_causal_fixed_window,0.683101886766808,cross_session_iteration_a,0.6504960081049376,/home/xinyuan/Work_host/SSM/results/cross_session_iteration_a/official_20261003,2,query_quartile,9514.886280131605,0.25806222141160673,0.2531144676594194,27275.719812147963,m1
0.07511217410211303,zero,"[0,10)",io,3800,support,trial_causal_fixed_window,0.23821073594151246,cross_session_iteration_a,-0.04037519275905477,/home/xinyuan/Work_host/SSM/results/cross_session_iteration_a/official_20261003,2,trial_position,557.318441916391,0.015115560072948142,0.0236832442910817,2552.1162085266437,m1
0.11266826115316954,zero,"[10,25)",io,5700,support,trial_causal_fixed_window,0.29714908714260097,cross_session_iteration_a,-0.021562541888351383,/home/xinyuan/Work_host/SSM/results/cross_session_iteration_a/official_20261003,2,trial_position,771.2157066351913,0.02091686990073482,0.036536049092856585,3937.1397744065434,m1
0.18778043525528257,zero,"[25,50)",io,9500,support,trial_causal_fixed_window,0.29869381772742526,cross_session_iteration_a,0.037642421296908646,/home/xinyuan/Work_host/SSM/results/cross_session_iteration_a/official_20261003,2,trial_position,1335.2873496319046,0.036215589921276485,0.06181024434827429,6660.697517426922,m1
0.5796090213674369,zero,"[50,128)",io,29323,support,trial_causal_fixed_window,0.69613398543863,cross_session_iteration_a,0.6138937111413861,/home/xinyuan/Work_host/SSM/results/cross_session_iteration_a/official_20261003,2,trial_position,32528.990731500744,0.8822494942454047,0.8420067422274752,90734.99509257087,m1
0.04483010812199798,zero,"[128,1000000000)",io,2268,support,trial_causal_fixed_window,0.5165854786451811,cross_session_iteration_a,0.48810518979853723,/home/xinyuan/Work_host/SSM/results/cross_session_iteration_a/official_20261003,2,trial_position,1677.6999595271282,0.045502485859636045,0.03596372004031278,3875.465358787828,m1
0.25000494159040143,ridge,Q1,io,12648,support,trial_causal_fixed_window,0.7274762223264759,cross_session_iteration_a,0.7142867371909797,/home/xinyuan/Work_host/SSM/results/cross_session_iteration_a/official_20261003,2,query_quartile,7561.980335933554,0.20731075048345937,0.245835786123224,26491.366076784812,m1
0.25000494159040143,ridge,Q2,io,12648,support,trial_causal_fixed_window,0.6448650865536113,cross_session_iteration_a,0.6203780918118484,/home/xinyuan/Work_host/SSM/results/cross_session_iteration_a/official_20261003,2,query_quartile,10225.33322945307,0.2803262388382912,0.2501516857135609,26956.449203213568,m1
0.25000494159040143,ridge,Q3,io,12648,support,trial_causal_fixed_window,0.6160277813557764,cross_session_iteration_a,0.6524857344984292,/home/xinyuan/Work_host/SSM/results/cross_session_iteration_a/official_20261003,2,query_quartile,9391.142651416878,0.2574570078833863,0.2508980605037958,27036.878859572415,m1
0.24998517522879563,ridge,Q4,io,12647,support,trial_causal_fixed_window,0.6500196599544513,cross_session_iteration_a,0.6584594125497577,/home/xinyuan/Work_host/SSM/results/cross_session_iteration_a/official_20261003,2,query_quartile,9298.09079437959,0.25490600279486303,0.2531144676594194,27275.719812147963,m1
0.07511217410211303,ridge,"[0,10)",io,3800,support,trial_causal_fixed_window,0.2497672382368593,cross_session_iteration_a,0.0003807156826369784,/home/xinyuan/Work_host/SSM/results/cross_session_iteration_a/official_20261003,2,trial_position,535.4859150071577,0.014680279765598063,0.0236832442910817,2552.1162085266437,m1
0.11266826115316954,ridge,"[10,25)",io,5700,support,trial_causal_fixed_window,0.31086027914209907,cross_session_iteration_a,0.04849869976519072,/home/xinyuan/Work_host/SSM/results/cross_session_iteration_a/official_20261003,2,trial_position,718.3238593189252,0.019692759270736323,0.036536049092856585,3937.1397744065434,m1
0.18778043525528257,ridge,"[25,50)",io,9500,support,trial_causal_fixed_window,0.31547295212060344,cross_session_iteration_a,0.10854866277427477,/home/xinyuan/Work_host/SSM/results/cross_session_iteration_a/official_20261003,2,trial_position,1236.9037452940381,0.03390956235289553,0.06181024434827429,6660.697517426922,m1
0.5796090213674369,ridge,"[50,128)",io,29323,support,trial_causal_fixed_window,0.6574907642621796,cross_session_iteration_a,0.6158556278290603,/home/xinyuan/Work_host/SSM/results/cross_session_iteration_a/official_20261003,2,trial_position,32363.70160881385,0.887246854777446,0.8420067422274752,90734.99509257087,m1
0.04483010812199798,ridge,"[128,1000000000)",io,2268,support,trial_causal_fixed_window,0.5308467298139546,cross_session_iteration_a,0.5050599557291265,/home/xinyuan/Work_host/SSM/results/cross_session_iteration_a/official_20261003,2,trial_position,1622.1318827491143,0.04447054383332381,0.03596372004031278,3875.465358787828,m1
0.25000494159040143,zero,Q1,lora,12648,support,trial_causal_fixed_window,0.7805583982605201,cross_session_iteration_a,0.7050555004832835,/home/xinyuan/Work_host/SSM/results/cross_session_iteration_a/official_20261003,0,query_quartile,7806.303717262225,0.2031712521510276,0.245835786123224,26491.366076784812,m1
0.25000494159040143,zero,Q2,lora,12648,support,trial_causal_fixed_window,0.6852498187074474,cross_session_iteration_a,0.5907865635298656,/home/xinyuan/Work_host/SSM/results/cross_session_iteration_a/official_20261003,0,query_quartile,11022.397969199574,0.286875130435563,0.2501516857135609,26956.449203213568,m1
0.25000494159040143,zero,Q3,lora,12648,support,trial_causal_fixed_window,0.6528217927448683,cross_session_iteration_a,0.6370345701281939,/home/xinyuan/Work_host/SSM/results/cross_session_iteration_a/official_20261003,0,query_quartile,9808.69123326269,0.2552865161290067,0.2508980605037958,27036.878859572415,m1
0.24998517522879563,zero,Q4,lora,12647,support,trial_causal_fixed_window,0.6915487417705352,cross_session_iteration_a,0.6405780711912821,/home/xinyuan/Work_host/SSM/results/cross_session_iteration_a/official_20261003,0,query_quartile,9784.891899681967,0.25466710128440323,0.2531144676594194,27275.719812147963,m1
0.07511217410211303,zero,"[0,10)",lora,3800,support,trial_causal_fixed_window,0.18316004805582323,cross_session_iteration_a,-0.017625865937974217,/home/xinyuan/Work_host/SSM/results/cross_session_iteration_a/official_20261003,0,trial_position,545.1318582042708,0.014187908417381104,0.0236832442910817,2552.1162085266437,m1
0.11266826115316954,zero,"[10,25)",lora,5700,support,trial_causal_fixed_window,0.28440790363269036,cross_session_iteration_a,-0.024725132596836508,/home/xinyuan/Work_host/SSM/results/cross_session_iteration_a/official_20261003,0,trial_position,773.6032644478865,0.020134233767825093,0.036536049092856585,3937.1397744065434,m1
0.18778043525528257,zero,"[25,50)",lora,9500,support,trial_causal_fixed_window,0.28755915545632493,cross_session_iteration_a,0.031587308919041046,/home/xinyuan/Work_host/SSM/results/cross_session_iteration_a/official_20261003,0,trial_position,1343.6889200436658,0.034971603754417845,0.06181024434827429,6660.697517426922,m1
0.5796090213674369,zero,"[50,128)",lora,29323,support,trial_causal_fixed_window,0.7066977750964345,cross_session_iteration_a,0.5944745705910126,/home/xinyuan/Work_host/SSM/results/cross_session_iteration_a/official_20261003,0,trial_position,34165.02998080736,0.8891982905595243,0.8420067422274752,90734.99509257087,m1
0.04483010812199798,zero,"[128,1000000000)",lora,2268,support,trial_causal_fixed_window,0.6039095124093751,cross_session_iteration_a,0.5133899819593137,/home/xinyuan/Work_host/SSM/results/cross_session_iteration_a/official_20261003,0,trial_position,1594.8307959032745,0.04150796350085232,0.03596372004031278,3875.465358787828,m1
0.25000494159040143,ridge,Q1,lora,12648,support,trial_causal_fixed_window,0.7378184293335126,cross_session_iteration_a,0.70801544678211,/home/xinyuan/Work_host/SSM/results/cross_session_iteration_a/official_20261003,0,query_quartile,7727.962741813325,0.20516842618399142,0.245835786123224,26491.366076784812,m1
0.25000494159040143,ridge,Q2,lora,12648,support,trial_causal_fixed_window,0.6455431759203252,cross_session_iteration_a,0.6032941899230255,/home/xinyuan/Work_host/SSM/results/cross_session_iteration_a/official_20261003,0,query_quartile,10685.497898310687,0.28368754612736835,0.2501516857135609,26956.449203213568,m1
0.25000494159040143,ridge,Q3,lora,12648,support,trial_causal_fixed_window,0.6186170897891679,cross_session_iteration_a,0.6397217784161372,/home/xinyuan/Work_host/SSM/results/cross_session_iteration_a/official_20261003,0,query_quartile,9736.072757213304,0.2584814124429353,0.2508980605037958,27036.878859572415,m1
0.24998517522879563,ridge,Q4,lora,12647,support,trial_causal_fixed_window,0.6509811072825192,cross_session_iteration_a,0.6504220606485156,/home/xinyuan/Work_host/SSM/results/cross_session_iteration_a/official_20261003,0,query_quartile,9516.899423485833,0.252662615245705,0.2531144676594194,27275.719812147963,m1
0.07511217410211303,ridge,"[0,10)",lora,3800,support,trial_causal_fixed_window,0.1857976879472331,cross_session_iteration_a,0.033614133873823615,/home/xinyuan/Work_host/SSM/results/cross_session_iteration_a/official_20261003,0,trial_position,517.6831098511168,0.013743884702692789,0.0236832442910817,2552.1162085266437,m1
0.11266826115316954,ridge,"[10,25)",lora,5700,support,trial_causal_fixed_window,0.2884806280613707,cross_session_iteration_a,0.07093753718651918,/home/xinyuan/Work_host/SSM/results/cross_session_iteration_a/official_20261003,0,trial_position,701.383943113723,0.01862092825328489,0.036536049092856585,3937.1397744065434,m1
0.18778043525528257,ridge,"[25,50)",lora,9500,support,trial_causal_fixed_window,0.2919870079508854,cross_session_iteration_a,0.1256625887376377,/home/xinyuan/Work_host/SSM/results/cross_session_iteration_a/official_20261003,0,trial_position,1213.1578847665908,0.03220793141037556,0.06181024434827429,6660.697517426922,m1
0.5796090213674369,ridge,"[50,128)",lora,29323,support,trial_causal_fixed_window,0.6636918408830554,cross_session_iteration_a,0.6003739418941195,/home/xinyuan/Work_host/SSM/results/cross_session_iteration_a/official_20261003,0,trial_position,33668.0150396425,0.8938466565124213,0.8420067422274752,90734.99509257087,m1
0.04483010812199798,ridge,"[128,1000000000)",lora,2268,support,trial_causal_fixed_window,0.5864977022295216,cross_session_iteration_a,0.5221279086385057,/home/xinyuan/Work_host/SSM/results/cross_session_iteration_a/official_20261003,0,trial_position,1566.1928434492108,0.0415805991212253,0.03596372004031278,3875.465358787828,m1
0.25000494159040143,zero,Q1,lora,12648,support,trial_causal_fixed_window,0.7931984037917947,cross_session_iteration_a,0.7082984791315335,/home/xinyuan/Work_host/SSM/results/cross_session_iteration_a/official_20261003,1,query_quartile,7720.471717281489,0.2058326754801947,0.245835786123224,26491.366076784812,m1
0.25000494159040143,zero,Q2,lora,12648,support,trial_causal_fixed_window,0.7002510756786278,cross_session_iteration_a,0.6009144965857487,/home/xinyuan/Work_host/SSM/results/cross_session_iteration_a/official_20261003,1,query_quartile,10749.596299463828,0.2865910591574243,0.2501516857135609,26956.449203213568,m1
0.25000494159040143,zero,Q3,lora,12648,support,trial_causal_fixed_window,0.6678858678280579,cross_session_iteration_a,0.6478436688909184,/home/xinyuan/Work_host/SSM/results/cross_session_iteration_a/official_20261003,1,query_quartile,9516.588725564223,0.2537182947569007,0.2508980605037958,27036.878859572415,m1
0.24998517522879563,zero,Q4,lora,12647,support,trial_causal_fixed_window,0.7079704143202189,cross_session_iteration_a,0.6502410315248093,/home/xinyuan/Work_host/SSM/results/cross_session_iteration_a/official_20261003,1,query_quartile,9521.827754965305,0.25385797060548004,0.2531144676594194,27275.719812147963,m1
0.07511217410211303,zero,"[0,10)",lora,3800,support,trial_causal_fixed_window,0.18325702581960404,cross_session_iteration_a,0.007320364676165481,/home/xinyuan/Work_host/SSM/results/cross_session_iteration_a/official_20261003,1,trial_position,531.7684154056311,0.014177283420882182,0.0236832442910817,2552.1162085266437,m1
0.11266826115316954,zero,"[10,25)",lora,5700,support,trial_causal_fixed_window,0.2675276036130736,cross_session_iteration_a,0.032534545290932915,/home/xinyuan/Work_host/SSM/results/cross_session_iteration_a/official_20261003,1,trial_position,730.3757956114794,0.019472282215628953,0.036536049092856585,3937.1397744065434,m1
0.18778043525528257,zero,"[25,50)",lora,9500,support,trial_causal_fixed_window,0.2749724340844935,cross_session_iteration_a,0.08283384662735893,/home/xinyuan/Work_host/SSM/results/cross_session_iteration_a/official_20261003,1,trial_position,1272.5834858176804,0.033927883327574564,0.06181024434827429,6660.697517426922,m1
0.5796090213674369,zero,"[50,128)",lora,29323,support,trial_causal_fixed_window,0.7233683973410518,cross_session_iteration_a,0.6039925704059252,/home/xinyuan/Work_host/SSM/results/cross_session_iteration_a/official_20261003,1,trial_position,33363.149937161936,0.8894827499518384,0.8420067422274752,90734.99509257087,m1
0.04483010812199798,zero,"[128,1000000000)",lora,2268,support,trial_causal_fixed_window,0.6113046464674639,cross_session_iteration_a,0.5085764353124833,/home/xinyuan/Work_host/SSM/results/cross_session_iteration_a/official_20261003,1,trial_position,1610.6068632781144,0.042939801084075566,0.03596372004031278,3875.465358787828,m1
0.25000494159040143,ridge,Q1,lora,12648,support,trial_causal_fixed_window,0.7396671983452036,cross_session_iteration_a,0.7102101476636222,/home/xinyuan/Work_host/SSM/results/cross_session_iteration_a/official_20261003,1,query_quartile,7669.875536668969,0.20764680669575158,0.245835786123224,26491.366076784812,m1
0.25000494159040143,ridge,Q2,lora,12648,support,trial_causal_fixed_window,0.6492666411501594,cross_session_iteration_a,0.6121223304356314,/home/xinyuan/Work_host/SSM/results/cross_session_iteration_a/official_20261003,1,query_quartile,10447.706884170671,0.2828511312105915,0.2501516857135609,26956.449203213568,m1
0.25000494159040143,ridge,Q3,lora,12648,support,trial_causal_fixed_window,0.6227811667511058,cross_session_iteration_a,0.649357042666301,/home/xinyuan/Work_host/SSM/results/cross_session_iteration_a/official_20261003,1,query_quartile,9475.69167349927,0.2565357296645487,0.2508980605037958,27036.878859572415,m1
0.24998517522879563,ridge,Q4,lora,12647,support,trial_causal_fixed_window,0.6563738417719728,cross_session_iteration_a,0.6567786284564276,/home/xinyuan/Work_host/SSM/results/cross_session_iteration_a/official_20261003,1,query_quartile,9343.848410545219,0.25296633242910843,0.2531144676594194,27275.719812147963,m1
0.07511217410211303,ridge,"[0,10)",lora,3800,support,trial_causal_fixed_window,0.19124917179762851,cross_session_iteration_a,0.03126761459281546,/home/xinyuan/Work_host/SSM/results/cross_session_iteration_a/official_20261003,1,trial_position,518.94011643751,0.014049283789469296,0.0236832442910817,2552.1162085266437,m1
0.11266826115316954,ridge,"[10,25)",lora,5700,support,trial_causal_fixed_window,0.2774976489262239,cross_session_iteration_a,0.07275613283653115,/home/xinyuan/Work_host/SSM/results/cross_session_iteration_a/official_20261003,1,trial_position,700.011017353627,0.018951422576598,0.036536049092856585,3937.1397744065434,m1
0.18778043525528257,ridge,"[25,50)",lora,9500,support,trial_causal_fixed_window,0.284804652940806,cross_session_iteration_a,0.1191238604656305,/home/xinyuan/Work_host/SSM/results/cross_session_iteration_a/official_20261003,1,trial_position,1222.23048037711,0.03308948823004545,0.06181024434827429,6660.697517426922,m1
0.5796090213674369,ridge,"[50,128)",lora,29323,support,trial_causal_fixed_window,0.6693752340017889,cross_session_iteration_a,0.6095155048633183,/home/xinyuan/Work_host/SSM/results/cross_session_iteration_a/official_20261003,1,trial_position,32897.84934776643,0.8906446175772467,0.8420067422274752,90734.99509257087,m1
0.04483010812199798,ridge,"[128,1000000000)",lora,2268,support,trial_causal_fixed_window,0.5827402551275336,cross_session_iteration_a,0.5123950725413121,/home/xinyuan/Work_host/SSM/results/cross_session_iteration_a/official_20261003,1,trial_position,1598.0915429494448,0.04326518782664059,0.03596372004031278,3875.465358787828,m1
0.25000494159040143,zero,Q1,lora,12648,support,trial_causal_fixed_window,0.7746934671338127,cross_session_iteration_a,0.7151933267375008,/home/xinyuan/Work_host/SSM/results/cross_session_iteration_a/official_20261003,2,query_quartile,7537.985606895936,0.20431125451196266,0.245835786123224,26491.366076784812,m1
0.25000494159040143,zero,Q2,lora,12648,support,trial_causal_fixed_window,0.6870471797905251,cross_session_iteration_a,0.6078057115135338,/home/xinyuan/Work_host/SSM/results/cross_session_iteration_a/official_20261003,2,query_quartile,10563.9774838146,0.2863284178175911,0.2501516857135609,26956.449203213568,m1
0.25000494159040143,zero,Q3,lora,12648,support,trial_causal_fixed_window,0.6586273775876508,cross_session_iteration_a,0.6525264149446568,/home/xinyuan/Work_host/SSM/results/cross_session_iteration_a/official_20261003,2,query_quartile,9390.043312737658,0.2545098424427891,0.2508980605037958,27036.878859572415,m1
0.24998517522879563,zero,Q4,lora,12647,support,trial_causal_fixed_window,0.689151794972721,cross_session_iteration_a,0.6546201340515476,/home/xinyuan/Work_host/SSM/results/cross_session_iteration_a/official_20261003,2,query_quartile,9402.611198024053,0.2548504852276568,0.2531144676594194,27275.719812147963,m1
0.07511217410211303,zero,"[0,10)",lora,3800,support,trial_causal_fixed_window,0.1818992653983273,cross_session_iteration_a,-0.021693126855445,/home/xinyuan/Work_host/SSM/results/cross_session_iteration_a/official_20261003,2,trial_position,547.3106486379227,0.014834430716964053,0.0236832442910817,2552.1162085266437,m1
0.11266826115316954,zero,"[10,25)",lora,5700,support,trial_causal_fixed_window,0.2636043663579478,cross_session_iteration_a,0.010412189056363097,/home/xinyuan/Work_host/SSM/results/cross_session_iteration_a/official_20261003,2,trial_position,747.076788351818,0.020248937024407762,0.036536049092856585,3937.1397744065434,m1
0.18778043525528257,zero,"[25,50)",lora,9500,support,trial_causal_fixed_window,0.26424944988436194,cross_session_iteration_a,0.07035645436626514,/home/xinyuan/Work_host/SSM/results/cross_session_iteration_a/official_20261003,2,trial_position,1289.896077739164,0.03496163293172854,0.06181024434827429,6660.697517426922,m1
0.5796090213674369,zero,"[50,128)",lora,29323,support,trial_causal_fixed_window,0.7077788730520895,cross_session_iteration_a,0.6107239546446808,/home/xinyuan/Work_host/SSM/results/cross_session_iteration_a/official_20261003,2,trial_position,32796.03890625917,0.8889112027265046,0.8420067422274752,90734.99509257087,m1
0.04483010812199798,zero,"[128,1000000000)",lora,2268,support,trial_causal_fixed_window,0.6154188258182068,cross_session_iteration_a,0.5379627688484783,/home/xinyuan/Work_host/SSM/results/cross_session_iteration_a/official_20261003,2,trial_position,1514.2951804841705,0.04104379660039473,0.03596372004031278,3875.465358787828,m1
0.25000494159040143,ridge,Q1,lora,12648,support,trial_causal_fixed_window,0.7310841986524276,cross_session_iteration_a,0.7156841570937874,/home/xinyuan/Work_host/SSM/results/cross_session_iteration_a/official_20261003,2,query_quartile,7524.9947871278,0.20668771051974527,0.245835786123224,26491.366076784812,m1
0.25000494159040143,ridge,Q2,lora,12648,support,trial_causal_fixed_window,0.646493789474551,cross_session_iteration_a,0.6183264389633022,/home/xinyuan/Work_host/SSM/results/cross_session_iteration_a/official_20261003,2,query_quartile,10280.595672412881,0.282375316185602,0.2501516857135609,26956.449203213568,m1
0.25000494159040143,ridge,Q3,lora,12648,support,trial_causal_fixed_window,0.6244542028060114,cross_session_iteration_a,0.6530787507186114,/home/xinyuan/Work_host/SSM/results/cross_session_iteration_a/official_20261003,2,query_quartile,9375.117122478381,0.2575046958456597,0.2508980605037958,27036.878859572415,m1
0.24998517522879563,ridge,Q4,lora,12647,support,trial_causal_fixed_window,0.6503685991938928,cross_session_iteration_a,0.6610762417550958,/home/xinyuan/Work_host/SSM/results/cross_session_iteration_a/official_20261003,2,query_quartile,9226.850313925235,0.25343227744899316,0.2531144676594194,27275.719812147963,m1
0.07511217410211303,ridge,"[0,10)",lora,3800,support,trial_causal_fixed_window,0.18419710427417732,cross_session_iteration_a,0.022590899167618583,/home/xinyuan/Work_host/SSM/results/cross_session_iteration_a/official_20261003,2,trial_position,523.5881449135625,0.014381303640579771,0.0236832442910817,2552.1162085266437,m1
0.11266826115316954,ridge,"[10,25)",lora,5700,support,trial_causal_fixed_window,0.2677956201574768,cross_session_iteration_a,0.07771328404901123,/home/xinyuan/Work_host/SSM/results/cross_session_iteration_a/official_20261003,2,trial_position,696.268678810004,0.019124289544495004,0.036536049092856585,3937.1397744065434,m1
0.18778043525528257,ridge,"[25,50)",lora,9500,support,trial_causal_fixed_window,0.26948180254692294,cross_session_iteration_a,0.13247146351615868,/home/xinyuan/Work_host/SSM/results/cross_session_iteration_a/official_20261003,2,trial_position,1203.7104563281518,0.03306210374693223,0.06181024434827429,6660.697517426922,m1
0.5796090213674369,ridge,"[50,128)",lora,29323,support,trial_causal_fixed_window,0.6623021887003055,cross_session_iteration_a,0.6144249047120132,/home/xinyuan/Work_host/SSM/results/cross_session_iteration_a/official_20261003,2,trial_position,32484.23831167708,0.8922388698665158,0.8420067422274752,90734.99509257087,m1
0.04483010812199798,ridge,"[128,1000000000)",lora,2268,support,trial_causal_fixed_window,0.6019665065924237,cross_session_iteration_a,0.5424000479013054,/home/xinyuan/Work_host/SSM/results/cross_session_iteration_a/official_20261003,2,trial_position,1499.752304215492,0.041193433201477114,0.03596372004031278,3875.465358787828,m1
0.25000494159040143,zero,Q1,affine,12648,support,trial_causal_fixed_window,0.710172210778069,cross_session_iteration_a,0.6965810472260291,/home/xinyuan/Work_host/SSM/results/cross_session_iteration_a/official_20261003,0,query_quartile,8030.5972913830055,0.1982404682576559,0.245835786123224,26491.366076784812,m1
0.25000494159040143,zero,Q2,affine,12648,support,trial_causal_fixed_window,0.6577043077338707,cross_session_iteration_a,0.5751103719109013,/home/xinyuan/Work_host/SSM/results/cross_session_iteration_a/official_20261003,0,query_quartile,11444.645156770273,0.28251843948834443,0.2501516857135609,26956.449203213568,m1
0.25000494159040143,zero,Q3,affine,12648,support,trial_causal_fixed_window,0.6080454634850682,cross_session_iteration_a,0.6081244744039871,/home/xinyuan/Work_host/SSM/results/cross_session_iteration_a/official_20261003,0,query_quartile,10589.950766940496,0.2614197577951591,0.2508980605037958,27036.878859572415,m1
0.24998517522879563,zero,Q4,affine,12647,support,trial_causal_fixed_window,0.6452800045261484,cross_session_iteration_a,0.6163608470351236,/home/xinyuan/Work_host/SSM/results/cross_session_iteration_a/official_20261003,0,query_quartile,10444.180889821708,0.2578213344588405,0.2531144676594194,27275.719812147963,m1
0.07511217410211303,zero,"[0,10)",affine,3800,support,trial_causal_fixed_window,0.17411835194611236,cross_session_iteration_a,-0.14681816225966005,/home/xinyuan/Work_host/SSM/results/cross_session_iteration_a/official_20261003,0,trial_position,614.3388614034308,0.015165350612733504,0.0236832442910817,2552.1162085266437,m1
0.11266826115316954,zero,"[10,25)",affine,5700,support,trial_causal_fixed_window,0.24664147215538937,cross_session_iteration_a,0.010850099834586513,/home/xinyuan/Work_host/SSM/results/cross_session_iteration_a/official_20261003,0,trial_position,746.7461931543409,0.018433910907148014,0.036536049092856585,3937.1397744065434,m1
0.18778043525528257,zero,"[25,50)",affine,9500,support,trial_causal_fixed_window,0.27853000811288975,cross_session_iteration_a,0.0988023079488406,/home/xinyuan/Work_host/SSM/results/cross_session_iteration_a/official_20261003,0,trial_position,1250.4269767741337,0.030867595572709787,0.06181024434827429,6660.697517426922,m1
0.5796090213674369,zero,"[50,128)",affine,29323,support,trial_causal_fixed_window,0.6638624660594477,cross_session_iteration_a,0.5715332845862933,/home/xinyuan/Work_host/SSM/results/cross_session_iteration_a/official_20261003,0,trial_position,36097.80575097745,0.8910975928062358,0.8420067422274752,90734.99509257087,m1
0.04483010812199798,zero,"[128,1000000000)",affine,2268,support,trial_causal_fixed_window,0.4599525155807009,cross_session_iteration_a,0.4507721810566605,/home/xinyuan/Work_host/SSM/results/cross_session_iteration_a/official_20261003,0,trial_position,1800.0563226061406,0.044435550101173206,0.03596372004031278,3875.465358787828,m1
0.25000494159040143,ridge,Q1,affine,12648,support,trial_causal_fixed_window,0.6921200466552168,cross_session_iteration_a,0.6927841588420569,/home/xinyuan/Work_host/SSM/results/cross_session_iteration_a/official_20261003,0,query_quartile,8131.089634703186,0.2015386995738152,0.245835786123224,26491.366076784812,m1
0.25000494159040143,ridge,Q2,affine,12648,support,trial_causal_fixed_window,0.630483076432211,cross_session_iteration_a,0.5808373427391875,/home/xinyuan/Work_host/SSM/results/cross_session_iteration_a/official_20261003,0,query_quartile,11290.385921853938,0.2798456047840648,0.2501516857135609,26956.449203213568,m1
0.25000494159040143,ridge,Q3,affine,12648,support,trial_causal_fixed_window,0.5839058563674584,cross_session_iteration_a,0.6068147065645462,/home/xinyuan/Work_host/SSM/results/cross_session_iteration_a/official_20261003,0,query_quartile,10625.345620739305,0.2633617922235955,0.2508980605037958,27036.878859572415,m1
0.24998517522879563,ridge,Q4,affine,12647,support,trial_causal_fixed_window,0.6349664019981709,cross_session_iteration_a,0.6217218754245659,/home/xinyuan/Work_host/SSM/results/cross_session_iteration_a/official_20261003,0,query_quartile,10298.23241239941,0.2552539034185243,0.2531144676594194,27275.719812147963,m1
0.07511217410211303,ridge,"[0,10)",affine,3800,support,trial_causal_fixed_window,0.1721867827151592,cross_session_iteration_a,-0.07934494314048002,/home/xinyuan/Work_host/SSM/results/cross_session_iteration_a/official_20261003,0,trial_position,578.1941420634209,0.014331227514123123,0.0236832442910817,2552.1162085266437,m1
0.11266826115316954,ridge,"[10,25)",affine,5700,support,trial_causal_fixed_window,0.24325215245790355,cross_session_iteration_a,0.06589644132856187,/home/xinyuan/Work_host/SSM/results/cross_session_iteration_a/official_20261003,0,trial_position,705.1896546045964,0.01747896190140896,0.036536049092856585,3937.1397744065434,m1
0.18778043525528257,ridge,"[25,50)",affine,9500,support,trial_causal_fixed_window,0.27549014877673883,cross_session_iteration_a,0.14507411407518522,/home/xinyuan/Work_host/SSM/results/cross_session_iteration_a/official_20261003,0,trial_position,1186.2240664085361,0.02940197027552093,0.06181024434827429,6660.697517426922,m1
0.5796090213674369,ridge,"[50,128)",affine,29323,support,trial_causal_fixed_window,0.6400450928155488,cross_session_iteration_a,0.5703517341779765,/home/xinyuan/Work_host/SSM/results/cross_session_iteration_a/official_20261003,0,trial_position,36197.34995263901,0.8971942464313354,0.8420067422274752,90734.99509257087,m1
0.04483010812199798,ridge,"[128,1000000000)",affine,2268,support,trial_causal_fixed_window,0.6004726407470165,cross_session_iteration_a,0.48798442007256704,/home/xinyuan/Work_host/SSM/results/cross_session_iteration_a/official_20261003,0,trial_position,1678.0957739802823,0.04159359387761153,0.03596372004031278,3875.465358787828,m1
0.25000494159040143,zero,Q1,affine,12648,support,trial_causal_fixed_window,0.708117519916051,cross_session_iteration_a,0.689824353080187,/home/xinyuan/Work_host/SSM/results/cross_session_iteration_a/official_20261003,1,query_quartile,8209.426890556806,0.19266057011476176,0.245835786123224,26491.366076784812,m1
0.25000494159040143,zero,Q2,affine,12648,support,trial_causal_fixed_window,0.6454985078445533,cross_session_iteration_a,0.5524025449362867,/home/xinyuan/Work_host/SSM/results/cross_session_iteration_a/official_20261003,1,query_quartile,12056.293464531043,0.28293965015015615,0.2501516857135609,26956.449203213568,m1
0.25000494159040143,zero,Q3,affine,12648,support,trial_causal_fixed_window,0.5932543665838003,cross_session_iteration_a,0.5853078547272145,/home/xinyuan/Work_host/SSM/results/cross_session_iteration_a/official_20261003,1,query_quartile,11206.541656809242,0.26299749463622507,0.2508980605037958,27036.878859572415,m1
0.24998517522879563,zero,Q4,affine,12647,support,trial_causal_fixed_window,0.6298376904174781,cross_session_iteration_a,0.5908543703062386,/home/xinyuan/Work_host/SSM/results/cross_session_iteration_a/official_20261003,1,query_quartile,11138.568453655407,0.2614022850988567,0.2531144676594194,27275.719812147963,m1
0.07511217410211303,zero,"[0,10)",affine,3800,support,trial_causal_fixed_window,0.17359880635610261,cross_session_iteration_a,-0.1068555276516241,/home/xinyuan/Work_host/SSM/results/cross_session_iteration_a/official_20261003,1,trial_position,592.9312832435172,0.013915037016771012,0.0236832442910817,2552.1162085266437,m1
0.11266826115316954,zero,"[10,25)",affine,5700,support,trial_causal_fixed_window,0.2522429593609923,cross_session_iteration_a,0.04303658445811731,/home/xinyuan/Work_host/SSM/results/cross_session_iteration_a/official_20261003,1,trial_position,722.4474141122331,0.016954549024719778,0.036536049092856585,3937.1397744065434,m1
0.18778043525528257,zero,"[25,50)",affine,9500,support,trial_causal_fixed_window,0.2843309504542679,cross_session_iteration_a,0.11890678699215707,/home/xinyuan/Work_host/SSM/results/cross_session_iteration_a/official_20261003,1,trial_position,1222.5316734777666,0.0286906324077886,0.06181024434827429,6660.697517426922,m1
0.5796090213674369,zero,"[50,128)",affine,29323,support,trial_causal_fixed_window,0.6486176029629651,cross_session_iteration_a,0.5462598303467334,/home/xinyuan/Work_host/SSM/results/cross_session_iteration_a/official_20261003,1,trial_position,38227.06389163596,0.8971208369792163,0.8420067422274752,90734.99509257087,m1
0.04483010812199798,zero,"[128,1000000000)",affine,2268,support,trial_causal_fixed_window,0.4681340305175584,cross_session_iteration_a,0.43679785806116567,/home/xinyuan/Work_host/SSM/results/cross_session_iteration_a/official_20261003,1,trial_position,1845.8562030830178,0.04331894457150387,0.03596372004031278,3875.465358787828,m1
0.25000494159040143,ridge,Q1,affine,12648,support,trial_causal_fixed_window,0.6841252348760993,cross_session_iteration_a,0.6874576381604607,/home/xinyuan/Work_host/SSM/results/cross_session_iteration_a/official_20261003,1,query_quartile,8272.066795711273,0.19594636561844192,0.245835786123224,26491.366076784812,m1
0.25000494159040143,ridge,Q2,affine,12648,support,trial_causal_fixed_window,0.609262528085009,cross_session_iteration_a,0.5615240484379349,/home/xinyuan/Work_host/SSM/results/cross_session_iteration_a/official_20261003,1,query_quartile,11810.600550486293,0.2797661468157872,0.2501516857135609,26956.449203213568,m1
0.25000494159040143,ridge,Q3,affine,12648,support,trial_causal_fixed_window,0.5602994606026542,cross_session_iteration_a,0.5843902060361418,/home/xinyuan/Work_host/SSM/results/cross_session_iteration_a/official_20261003,1,query_quartile,11231.3399762374,0.26604478707906826,0.2508980605037958,27036.878859572415,m1
0.24998517522879563,ridge,Q4,affine,12647,support,trial_causal_fixed_window,0.6083409614437096,cross_session_iteration_a,0.5995452836691506,/home/xinyuan/Work_host/SSM/results/cross_session_iteration_a/official_20261003,1,query_quartile,10901.967286755393,0.2582427004867028,0.2531144676594194,27275.719812147963,m1
0.07511217410211303,ridge,"[0,10)",affine,3800,support,trial_causal_fixed_window,0.16599051369354192,cross_session_iteration_a,-0.05863661978959356,/home/xinyuan/Work_host/SSM/results/cross_session_iteration_a/official_20261003,1,trial_position,567.1009032156068,0.01343332490758486,0.0236832442910817,2552.1162085266437,m1
0.11266826115316954,ridge,"[10,25)",affine,5700,support,trial_causal_fixed_window,0.2401349777234828,cross_session_iteration_a,0.08324250422772927,/home/xinyuan/Work_host/SSM/results/cross_session_iteration_a/official_20261003,1,trial_position,692.0944640434864,0.01639413682736152,0.036536049092856585,3937.1397744065434,m1
0.18778043525528257,ridge,"[25,50)",affine,9500,support,trial_causal_fixed_window,0.2711384131011046,cross_session_iteration_a,0.15402851620092228,/home/xinyuan/Work_host/SSM/results/cross_session_iteration_a/official_20261003,1,trial_position,1173.7996826382882,0.027804633044827394,0.06181024434827429,6660.697517426922,m1
0.5796090213674369,ridge,"[50,128)",affine,29323,support,trial_causal_fixed_window,0.6190267666841075,cross_session_iteration_a,0.5482300486277474,/home/xinyuan/Work_host/SSM/results/cross_session_iteration_a/official_20261003,1,trial_position,38061.07536968882,0.9015799284994592,0.8420067422274752,90734.99509257087,m1
0.04483010812199798,ridge,"[128,1000000000)",affine,2268,support,trial_causal_fixed_window,0.584471650099164,cross_session_iteration_a,0.4746177268961922,/home/xinyuan/Work_host/SSM/results/cross_session_iteration_a/official_20261003,1,trial_position,1721.9041896041674,0.04078797672076749,0.03596372004031278,3875.465358787828,m1
0.25000494159040143,zero,Q1,affine,12648,support,trial_causal_fixed_window,0.7167958079678886,cross_session_iteration_a,0.6939934666440568,/home/xinyuan/Work_host/SSM/results/cross_session_iteration_a/official_20261003,2,query_quartile,8099.082853747667,0.1965358551972949,0.245835786123224,26491.366076784812,m1
0.25000494159040143,zero,Q2,affine,12648,support,trial_causal_fixed_window,0.6611339607219422,cross_session_iteration_a,0.5684027583885918,/home/xinyuan/Work_host/SSM/results/cross_session_iteration_a/official_20261003,2,query_quartile,11625.318563548488,0.2821050194307809,0.2501516857135609,26956.449203213568,m1
0.25000494159040143,zero,Q3,affine,12648,support,trial_causal_fixed_window,0.6098305583949678,cross_session_iteration_a,0.5993643691261601,/home/xinyuan/Work_host/SSM/results/cross_session_iteration_a/official_20261003,2,query_quartile,10826.681763254464,0.262724952653814,0.2508980605037958,27036.878859572415,m1
0.24998517522879563,zero,Q4,affine,12647,support,trial_causal_fixed_window,0.6487235286604326,cross_session_iteration_a,0.608502949927006,/home/xinyuan/Work_host/SSM/results/cross_session_iteration_a/official_20261003,2,query_quartile,10658.104046977416,0.25863417271810984,0.2531144676594194,27275.719812147963,m1
0.07511217410211303,zero,"[0,10)",affine,3800,support,trial_causal_fixed_window,0.1718451243913166,cross_session_iteration_a,-0.14618693364704094,/home/xinyuan/Work_host/SSM/results/cross_session_iteration_a/official_20261003,2,trial_position,614.0007186359692,0.01489960758618923,0.0236832442910817,2552.1162085266437,m1
0.11266826115316954,zero,"[10,25)",affine,5700,support,trial_causal_fixed_window,0.24720320548491073,cross_session_iteration_a,0.012411353098364497,/home/xinyuan/Work_host/SSM/results/cross_session_iteration_a/official_20261003,2,trial_position,745.5675447704295,0.018092265218771043,0.036536049092856585,3937.1397744065434,m1
0.18778043525528257,zero,"[25,50)",affine,9500,support,trial_causal_fixed_window,0.2814809514377627,cross_session_iteration_a,0.09725139159065233,/home/xinyuan/Work_host/SSM/results/cross_session_iteration_a/official_20261003,2,trial_position,1252.5788993435146,0.030395622520474817,0.06181024434827429,6660.697517426922,m1
0.5796090213674369,zero,"[50,128)",affine,29323,support,trial_causal_fixed_window,0.6658291982032092,cross_session_iteration_a,0.5631198704670501,/home/xinyuan/Work_host/SSM/results/cross_session_iteration_a/official_20261003,2,trial_position,36806.62577748926,0.8931655354974377,0.8420067422274752,90734.99509257087,m1
0.04483010812199798,zero,"[128,1000000000)",affine,2268,support,trial_causal_fixed_window,0.47683900066689905,cross_session_iteration_a,0.4537141301284624,/home/xinyuan/Work_host/SSM/results/cross_session_iteration_a/official_20261003,2,trial_position,1790.4142872888647,0.04344696917712695,0.03596372004031278,3875.465358787828,m1
0.25000494159040143,ridge,Q1,affine,12648,support,trial_causal_fixed_window,0.6910645438751127,cross_session_iteration_a,0.6898322923882954,/home/xinyuan/Work_host/SSM/results/cross_session_iteration_a/official_20261003,2,query_quartile,8209.216760683217,0.19967744581896762,0.245835786123224,26491.366076784812,m1
0.25000494159040143,ridge,Q2,affine,12648,support,trial_causal_fixed_window,0.626712260802886,cross_session_iteration_a,0.5733657008209014,/home/xinyuan/Work_host/SSM/results/cross_session_iteration_a/official_20261003,2,query_quartile,11491.638870479228,0.27951766469622213,0.2501516857135609,26956.449203213568,m1
0.25000494159040143,ridge,Q3,affine,12648,support,trial_causal_fixed_window,0.5785418706963579,cross_session_iteration_a,0.5968518170140462,/home/xinyuan/Work_host/SSM/results/cross_session_iteration_a/official_20261003,2,query_quartile,10894.580372452345,0.2649950714493854,0.2508980605037958,27036.878859572415,m1
0.24998517522879563,ridge,Q4,affine,12647,support,trial_causal_fixed_window,0.6304169362560895,cross_session_iteration_a,0.6136877698323138,/home/xinyuan/Work_host/SSM/results/cross_session_iteration_a/official_20261003,2,query_quartile,10516.952664086264,0.2558098180354247,0.2531144676594194,27275.719812147963,m1
0.07511217410211303,ridge,"[0,10)",affine,3800,support,trial_causal_fixed_window,0.1662811495819527,cross_session_iteration_a,-0.0757807090320517,/home/xinyuan/Work_host/SSM/results/cross_session_iteration_a/official_20261003,2,trial_position,576.2848179909519,0.014017303218474773,0.0236832442910817,2552.1162085266437,m1
0.11266826115316954,ridge,"[10,25)",affine,5700,support,trial_causal_fixed_window,0.23895949342385167,cross_session_iteration_a,0.06993313597551887,/home/xinyuan/Work_host/SSM/results/cross_session_iteration_a/official_20261003,2,trial_position,702.14220309089,0.017078603940191655,0.036536049092856585,3937.1397744065434,m1
0.18778043525528257,ridge,"[25,50)",affine,9500,support,trial_causal_fixed_window,0.2731163528738907,cross_session_iteration_a,0.14589062305269795,/home/xinyuan/Work_host/SSM/results/cross_session_iteration_a/official_20261003,2,trial_position,1185.091146449613,0.02882564562298592,0.06181024434827429,6660.697517426922,m1
0.5796090213674369,ridge,"[50,128)",affine,29323,support,trial_causal_fixed_window,0.6360777061919426,cross_session_iteration_a,0.5613040450818656,/home/xinyuan/Work_host/SSM/results/cross_session_iteration_a/official_20261003,2,trial_position,36959.60688354506,0.8989895280052522,0.8420067422274752,90734.99509257087,m1
0.04483010812199798,ridge,"[128,1000000000)",affine,2268,support,trial_causal_fixed_window,0.6014367867331272,cross_session_iteration_a,0.4845769212177923,/home/xinyuan/Work_host/SSM/results/cross_session_iteration_a/official_20261003,2,trial_position,1689.2636166245443,0.04108891921309532,0.03596372004031278,3875.465358787828,m1
0.25000494159040143,zero,Q1,affine_lora,12648,support,trial_causal_fixed_window,0.7776876419236461,cross_session_iteration_a,0.7032852521882079,/home/xinyuan/Work_host/SSM/results/cross_session_iteration_a/official_20261003,0,query_quartile,7853.156924794383,0.2026406474089582,0.245835786123224,26491.366076784812,m1
0.25000494159040143,zero,Q2,affine_lora,12648,support,trial_causal_fixed_window,0.6787630124923654,cross_session_iteration_a,0.5874348522131421,/home/xinyuan/Work_host/SSM/results/cross_session_iteration_a/official_20261003,0,query_quartile,11112.678230594393,0.2867484162942592,0.2501516857135609,26956.449203213568,m1
0.25000494159040143,zero,Q3,affine_lora,12648,support,trial_causal_fixed_window,0.6461548744411042,cross_session_iteration_a,0.6336541377704541,/home/xinyuan/Work_host/SSM/results/cross_session_iteration_a/official_20261003,0,query_quartile,9900.043231285506,0.25545792462524824,0.2508980605037958,27036.878859572415,m1
0.24998517522879563,zero,Q4,affine_lora,12647,support,trial_causal_fixed_window,0.6865590302475614,cross_session_iteration_a,0.6367823462471849,/home/xinyuan/Work_host/SSM/results/cross_session_iteration_a/official_20261003,0,query_quartile,9888.226602664668,0.25515301167153437,0.2531144676594194,27275.719812147963,m1
0.07511217410211303,zero,"[0,10)",affine_lora,3800,support,trial_causal_fixed_window,0.1824833326093484,cross_session_iteration_a,-0.01600607576085622,/home/xinyuan/Work_host/SSM/results/cross_session_iteration_a/official_20261003,0,trial_position,544.2641530301894,0.014044038771632414,0.0236832442910817,2552.1162085266437,m1
0.11266826115316954,zero,"[10,25)",affine_lora,5700,support,trial_causal_fixed_window,0.285752599973082,cross_session_iteration_a,-0.010626486424639259,/home/xinyuan/Work_host/SSM/results/cross_session_iteration_a/official_20261003,0,trial_position,762.9596700281148,0.019687196239933834,0.036536049092856585,3937.1397744065434,m1
0.18778043525528257,zero,"[25,50)",affine_lora,9500,support,trial_causal_fixed_window,0.29368607751438375,cross_session_iteration_a,0.03313256724544167,/home/xinyuan/Work_host/SSM/results/cross_session_iteration_a/official_20261003,0,trial_position,1341.5448480886896,0.03461684506603214,0.06181024434827429,6660.697517426922,m1
0.5796090213674369,zero,"[50,128)",affine_lora,29323,support,trial_causal_fixed_window,0.7014719687184592,cross_session_iteration_a,0.590686041226913,/home/xinyuan/Work_host/SSM/results/cross_session_iteration_a/official_20261003,0,trial_position,34484.20902587062,0.889820808282298,0.8420067422274752,90734.99509257087,m1
0.04483010812199798,zero,"[128,1000000000)",affine_lora,2268,support,trial_causal_fixed_window,0.5972922433315041,cross_session_iteration_a,0.5053664733656322,/home/xinyuan/Work_host/SSM/results/cross_session_iteration_a/official_20261003,0,trial_position,1621.127292321332,0.041831111640103565,0.03596372004031278,3875.465358787828,m1
0.25000494159040143,ridge,Q1,affine_lora,12648,support,trial_causal_fixed_window,0.7351702470006094,cross_session_iteration_a,0.7063592326591419,/home/xinyuan/Work_host/SSM/results/cross_session_iteration_a/official_20261003,0,query_quartile,7771.797803955162,0.204489507092243,0.245835786123224,26491.366076784812,m1
0.25000494159040143,ridge,Q2,affine_lora,12648,support,trial_causal_fixed_window,0.639203607491699,cross_session_iteration_a,0.5996059936535916,/home/xinyuan/Work_host/SSM/results/cross_session_iteration_a/official_20261003,0,query_quartile,10784.841574366115,0.2837679251624005,0.2501516857135609,26956.449203213568,m1
0.25000494159040143,ridge,Q3,affine_lora,12648,support,trial_causal_fixed_window,0.6118861887673874,cross_session_iteration_a,0.636108072271784,/home/xinyuan/Work_host/SSM/results/cross_session_iteration_a/official_20261003,0,query_quartile,9833.728690424969,0.25874249221466905,0.2508980605037958,27036.878859572415,m1
0.24998517522879563,ridge,Q4,affine_lora,12647,support,trial_causal_fixed_window,0.6460089693902465,cross_session_iteration_a,0.6468008462821571,/home/xinyuan/Work_host/SSM/results/cross_session_iteration_a/official_20261003,0,query_quartile,9615.483255690606,0.2530000755306876,0.2531144676594194,27275.719812147963,m1
0.07511217410211303,ridge,"[0,10)",affine_lora,3800,support,trial_causal_fixed_window,0.18434874048242547,cross_session_iteration_a,0.03344146426052397,/home/xinyuan/Work_host/SSM/results/cross_session_iteration_a/official_20261003,0,trial_position,517.7756072121845,0.013623576085487322,0.0236832442910817,2552.1162085266437,m1
0.11266826115316954,ridge,"[10,25)",affine_lora,5700,support,trial_causal_fixed_window,0.2885442495394299,cross_session_iteration_a,0.08195841502171763,/home/xinyuan/Work_host/SSM/results/cross_session_iteration_a/official_20261003,0,trial_position,693.0638709312589,0.018235714943336517,0.036536049092856585,3937.1397744065434,m1
0.18778043525528257,ridge,"[25,50)",affine_lora,9500,support,trial_causal_fixed_window,0.2963190204941854,cross_session_iteration_a,0.12843479893116228,/home/xinyuan/Work_host/SSM/results/cross_session_iteration_a/official_20261003,0,trial_position,1209.3113964301842,0.031819084543243115,0.06181024434827429,6660.697517426922,m1
0.5796090213674369,ridge,"[50,128)",affine_lora,29323,support,trial_causal_fixed_window,0.658939855524963,cross_session_iteration_a,0.5964846129142516,/home/xinyuan/Work_host/SSM/results/cross_session_iteration_a/official_20261003,0,trial_position,33995.68633117178,0.8944855896258631,0.8420067422274752,90734.99509257087,m1
0.04483010812199798,ridge,"[128,1000000000)",affine_lora,2268,support,trial_causal_fixed_window,0.5806275720298649,cross_session_iteration_a,0.5148596321510222,/home/xinyuan/Work_host/SSM/results/cross_session_iteration_a/official_20261003,0,trial_position,1590.0141186914504,0.04183603480207033,0.03596372004031278,3875.465358787828,m1
0.25000494159040143,zero,Q1,affine_lora,12648,support,trial_causal_fixed_window,0.7899059810167626,cross_session_iteration_a,0.7072712906729681,/home/xinyuan/Work_host/SSM/results/cross_session_iteration_a/official_20261003,1,query_quartile,7747.6583408515735,0.20559511996817664,0.245835786123224,26491.366076784812,m1
0.25000494159040143,zero,Q2,affine_lora,12648,support,trial_causal_fixed_window,0.6957773946843964,cross_session_iteration_a,0.5990364790500695,/home/xinyuan/Work_host/SSM/results/cross_session_iteration_a/official_20261003,1,query_quartile,10800.181775957344,0.28659816556417816,0.2501516857135609,26956.449203213568,m1
0.25000494159040143,zero,Q3,affine_lora,12648,support,trial_causal_fixed_window,0.6630917032640057,cross_session_iteration_a,0.6462216668711281,/home/xinyuan/Work_host/SSM/results/cross_session_iteration_a/official_20261003,1,query_quartile,9560.421321405292,0.25369936076770666,0.2508980605037958,27036.878859572415,m1
0.24998517522879563,zero,Q4,affine_lora,12647,support,trial_causal_fixed_window,0.7045294194419986,cross_session_iteration_a,0.6482586463295518,/home/xinyuan/Work_host/SSM/results/cross_session_iteration_a/official_20261003,1,query_quartile,9575.796150559354,0.25410735369993914,0.2531144676594194,27275.719812147963,m1
0.07511217410211303,zero,"[0,10)",affine_lora,3800,support,trial_causal_fixed_window,0.18324795008698452,cross_session_iteration_a,0.007280849104464915,/home/xinyuan/Work_host/SSM/results/cross_session_iteration_a/official_20261003,1,trial_position,531.7895834967245,0.014111792028869788,0.0236832442910817,2552.1162085266437,m1
0.11266826115316954,zero,"[10,25)",affine_lora,5700,support,trial_causal_fixed_window,0.2684360637268323,cross_session_iteration_a,0.03749561177351801,/home/xinyuan/Work_host/SSM/results/cross_session_iteration_a/official_20261003,1,trial_position,726.6305012842631,0.019282172562562202,0.036536049092856585,3937.1397744065434,m1
0.18778043525528257,zero,"[25,50)",affine_lora,9500,support,trial_causal_fixed_window,0.27836125473198997,cross_session_iteration_a,0.08337522381195406,/home/xinyuan/Work_host/SSM/results/cross_session_iteration_a/official_20261003,1,trial_position,1271.8323158555304,0.03374987719566648,0.06181024434827429,6660.697517426922,m1
0.5796090213674369,zero,"[50,128)",affine_lora,29323,support,trial_causal_fixed_window,0.7196685966624976,cross_session_iteration_a,0.6020957065286847,/home/xinyuan/Work_host/SSM/results/cross_session_iteration_a/official_20261003,1,trial_position,33522.958438764115,0.8895793230278616,0.8420067422274752,90734.99509257087,m1
0.04483010812199798,zero,"[128,1000000000)",affine_lora,2268,support,trial_causal_fixed_window,0.6080673211756316,cross_session_iteration_a,0.502400901605058,/home/xinyuan/Work_host/SSM/results/cross_session_iteration_a/official_20261003,1,trial_position,1630.846749372932,0.04327683518504063,0.03596372004031278,3875.465358787828,m1
0.25000494159040143,ridge,Q1,affine_lora,12648,support,trial_causal_fixed_window,0.7369445964536473,cross_session_iteration_a,0.7090418410830704,/home/xinyuan/Work_host/SSM/results/cross_session_iteration_a/official_20261003,1,query_quartile,7700.797137233167,0.20730320615547915,0.245835786123224,26491.366076784812,m1
0.25000494159040143,ridge,Q2,affine_lora,12648,support,trial_causal_fixed_window,0.6453182893260723,cross_session_iteration_a,0.6096941469512952,/home/xinyuan/Work_host/SSM/results/cross_session_iteration_a/official_20261003,1,query_quartile,10513.11139516977,0.28300988326923215,0.2501516857135609,26956.449203213568,m1
0.25000494159040143,ridge,Q3,affine_lora,12648,support,trial_causal_fixed_window,0.6183041913596173,cross_session_iteration_a,0.6473071203457768,/home/xinyuan/Work_host/SSM/results/cross_session_iteration_a/official_20261003,1,query_quartile,9531.088285516278,0.2565741084368249,0.2508980605037958,27036.878859572415,m1
0.24998517522879563,ridge,Q4,affine_lora,12647,support,trial_causal_fixed_window,0.6532806615424109,cross_session_iteration_a,0.6546238737598584,/home/xinyuan/Work_host/SSM/results/cross_session_iteration_a/official_20261003,1,query_quartile,9402.509388316232,0.25311280213846393,0.2531144676594194,27275.719812147963,m1
0.07511217410211303,ridge,"[0,10)",affine_lora,3800,support,trial_causal_fixed_window,0.1912637722946816,cross_session_iteration_a,0.030685663478413394,/home/xinyuan/Work_host/SSM/results/cross_session_iteration_a/official_20261003,1,trial_position,519.251861748824,0.013978108217171907,0.0236832442910817,2552.1162085266437,m1
0.11266826115316954,ridge,"[10,25)",affine_lora,5700,support,trial_causal_fixed_window,0.27837586281010024,cross_session_iteration_a,0.07801499374430565,/home/xinyuan/Work_host/SSM/results/cross_session_iteration_a/official_20261003,1,trial_position,696.0409068955943,0.018737217594939373,0.036536049092856585,3937.1397744065434,m1
0.18778043525528257,ridge,"[25,50)",affine_lora,9500,support,trial_causal_fixed_window,0.2880460295862776,cross_session_iteration_a,0.12108226842283998,/home/xinyuan/Work_host/SSM/results/cross_session_iteration_a/official_20261003,1,trial_position,1219.5131563506247,0.03282893741453691,0.06181024434827429,6660.697517426922,m1
0.5796090213674369,ridge,"[50,128)",affine_lora,29323,support,trial_causal_fixed_window,0.666475265233295,cross_session_iteration_a,0.6071731045482197,/home/xinyuan/Work_host/SSM/results/cross_session_iteration_a/official_20261003,1,trial_position,33095.1937587175,0.890912934369798,0.8420067422274752,90734.99509257087,m1
0.04483010812199798,ridge,"[128,1000000000)",affine_lora,2268,support,trial_causal_fixed_window,0.5795406496434952,cross_session_iteration_a,0.506471231852527,/home/xinyuan/Work_host/SSM/results/cross_session_iteration_a/official_20261003,1,trial_position,1617.5065225229018,0.0435428024035539,0.03596372004031278,3875.465358787828,m1
0.25000494159040143,zero,Q1,affine_lora,12648,support,trial_causal_fixed_window,0.7718392493260868,cross_session_iteration_a,0.7135856078934371,/home/xinyuan/Work_host/SSM/results/cross_session_iteration_a/official_20261003,2,query_quartile,7580.537143233426,0.2040480416160388,0.245835786123224,26491.366076784812,m1
0.25000494159040143,zero,Q2,affine_lora,12648,support,trial_causal_fixed_window,0.6815365674938016,cross_session_iteration_a,0.6052172048928535,/home/xinyuan/Work_host/SSM/results/cross_session_iteration_a/official_20261003,2,query_quartile,10633.700390191183,0.286231133592825,0.2501516857135609,26956.449203213568,m1
0.25000494159040143,zero,Q3,affine_lora,12648,support,trial_causal_fixed_window,0.6527600023075071,cross_session_iteration_a,0.6500186137544339,/home/xinyuan/Work_host/SSM/results/cross_session_iteration_a/official_20261003,2,query_quartile,9457.81353415514,0.2545793646478803,0.2508980605037958,27036.878859572415,m1
0.24998517522879563,zero,Q4,affine_lora,12647,support,trial_causal_fixed_window,0.6847379959523535,cross_session_iteration_a,0.651825368891388,/home/xinyuan/Work_host/SSM/results/cross_session_iteration_a/official_20261003,2,query_quartile,9478.695801620162,0.255141460143256,0.2531144676594194,27275.719812147963,m1
0.07511217410211303,zero,"[0,10)",affine_lora,3800,support,trial_causal_fixed_window,0.1818139400182056,cross_session_iteration_a,-0.02016105562913073,/home/xinyuan/Work_host/SSM/results/cross_session_iteration_a/official_20261003,2,trial_position,546.4899336163639,0.014710065871365707,0.0236832442910817,2552.1162085266437,m1
0.11266826115316954,zero,"[10,25)",affine_lora,5700,support,trial_causal_fixed_window,0.26523654145898873,cross_session_iteration_a,0.020502839479122015,/home/xinyuan/Work_host/SSM/results/cross_session_iteration_a/official_20261003,2,trial_position,739.4589795764379,0.01990428300620496,0.036536049092856585,3937.1397744065434,m1
0.18778043525528257,zero,"[25,50)",affine_lora,9500,support,trial_causal_fixed_window,0.2701148673318225,cross_session_iteration_a,0.06953740034532141,/home/xinyuan/Work_host/SSM/results/cross_session_iteration_a/official_20261003,2,trial_position,1291.0325289887141,0.034751186390254075,0.06181024434827429,6660.697517426922,m1
0.5796090213674369,zero,"[50,128)",affine_lora,29323,support,trial_causal_fixed_window,0.7033516363979048,cross_session_iteration_a,0.6078311588764062,/home/xinyuan/Work_host/SSM/results/cross_session_iteration_a/official_20261003,2,trial_position,33039.75347255775,0.8893429138553764,0.8420067422274752,90734.99509257087,m1
0.04483010812199798,zero,"[128,1000000000)",affine_lora,2268,support,trial_causal_fixed_window,0.6112187509694316,cross_session_iteration_a,0.5319468455511321,/home/xinyuan/Work_host/SSM/results/cross_session_iteration_a/official_20261003,2,trial_position,1534.0119544606516,0.04129155087679907,0.03596372004031278,3875.465358787828,m1
0.25000494159040143,ridge,Q1,affine_lora,12648,support,trial_causal_fixed_window,0.7284755047333495,cross_session_iteration_a,0.7141037012980056,/home/xinyuan/Work_host/SSM/results/cross_session_iteration_a/official_20261003,2,query_quartile,7566.824751659419,0.20634357679342438,0.245835786123224,26491.366076784812,m1
0.25000494159040143,ridge,Q2,affine_lora,12648,support,trial_causal_fixed_window,0.6413943654353826,cross_session_iteration_a,0.6154432906208349,/home/xinyuan/Work_host/SSM/results/cross_session_iteration_a/official_20261003,2,query_quartile,10358.254922092068,0.2824644999864499,0.2501516857135609,26956.449203213568,m1
0.25000494159040143,ridge,Q3,affine_lora,12648,support,trial_causal_fixed_window,0.6188495965645613,cross_session_iteration_a,0.6503875006230283,/home/xinyuan/Work_host/SSM/results/cross_session_iteration_a/official_20261003,2,query_quartile,9447.844823373718,0.25763806587652793,0.2508980605037958,27036.878859572415,m1
0.24998517522879563,ridge,Q4,affine_lora,12647,support,trial_causal_fixed_window,0.6463555188417617,cross_session_iteration_a,0.6584600726728944,/home/xinyuan/Work_host/SSM/results/cross_session_iteration_a/official_20261003,2,query_quartile,9298.072823206952,0.25355385734359764,0.2531144676594194,27275.719812147963,m1
0.07511217410211303,ridge,"[0,10)",affine_lora,3800,support,trial_causal_fixed_window,0.18378926306419902,cross_session_iteration_a,0.023193062715549106,/home/xinyuan/Work_host/SSM/results/cross_session_iteration_a/official_20261003,2,trial_position,523.2655720065504,0.014269193920079911,0.0236832442910817,2552.1162085266437,m1
0.11266826115316954,ridge,"[10,25)",affine_lora,5700,support,trial_causal_fixed_window,0.2687359094281151,cross_session_iteration_a,0.0868244700273959,/home/xinyuan/Work_host/SSM/results/cross_session_iteration_a/official_20261003,2,trial_position,689.3903043155597,0.01879933338855032,0.036536049092856585,3937.1397744065434,m1
0.18778043525528257,ridge,"[25,50)",affine_lora,9500,support,trial_causal_fixed_window,0.2742664962858314,cross_session_iteration_a,0.1337787240533077,/home/xinyuan/Work_host/SSM/results/cross_session_iteration_a/official_20261003,2,trial_position,1201.8966103144066,0.03277512743423581,0.06181024434827429,6660.697517426922,m1
0.5796090213674369,ridge,"[50,128)",affine_lora,29323,support,trial_causal_fixed_window,0.6585387843102989,cross_session_iteration_a,0.6113990703878449,/home/xinyuan/Work_host/SSM/results/cross_session_iteration_a/official_20261003,2,trial_position,32739.16121639559,0.8927807697840665,0.8420067422274752,90734.99509257087,m1
0.04483010812199798,ridge,"[128,1000000000)",affine_lora,2268,support,trial_causal_fixed_window,0.5982638833253063,cross_session_iteration_a,0.5370509459161459,/home/xinyuan/Work_host/SSM/results/cross_session_iteration_a/official_20261003,2,trial_position,1517.2836173000621,0.04137557547306757,0.03596372004031278,3875.465358787828,m1
0.25000494159040143,zero,Q1,offset_rotated,12648,support,trial_causal_fixed_window,0.7563156675467045,cross_session_iteration_a,0.7195909860819496,/home/xinyuan/Work_host/SSM/results/cross_session_iteration_a/official_20261003,0,query_quartile,7421.592642985528,0.1946323976430174,0.245835786123224,26491.366076784812,m1
0.25000494159040143,zero,Q2,offset_rotated,12648,support,trial_causal_fixed_window,0.6744488160211137,cross_session_iteration_a,0.5937144571121611,/home/xinyuan/Work_host/SSM/results/cross_session_iteration_a/official_20261003,0,query_quartile,10943.533480892671,0.28699583263787737,0.2501516857135609,26956.449203213568,m1
0.25000494159040143,zero,Q3,offset_rotated,12648,support,trial_causal_fixed_window,0.6178205099440629,cross_session_iteration_a,0.6385951299497921,/home/xinyuan/Work_host/SSM/results/cross_session_iteration_a/official_20261003,0,query_quartile,9766.519036735603,0.25612844953739533,0.2508980605037958,27036.878859572415,m1
0.24998517522879563,zero,Q4,offset_rotated,12647,support,trial_causal_fixed_window,0.6598014223908525,cross_session_iteration_a,0.6326881381684857,/home/xinyuan/Work_host/SSM/results/cross_session_iteration_a/official_20261003,0,query_quartile,9999.687201626051,0.26224332018170954,0.2531144676594194,27275.719812147963,m1
0.07511217410211303,zero,"[0,10)",offset_rotated,3800,support,trial_causal_fixed_window,0.25843420099228315,cross_session_iteration_a,-0.11702749241341048,/home/xinyuan/Work_host/SSM/results/cross_session_iteration_a/official_20261003,0,trial_position,598.380301628157,0.015692614565461976,0.0236832442910817,2552.1162085266437,m1
0.11266826115316954,zero,"[10,25)",offset_rotated,5700,support,trial_causal_fixed_window,0.3051842676335236,cross_session_iteration_a,-0.02453573749814586,/home/xinyuan/Work_host/SSM/results/cross_session_iteration_a/official_20261003,0,trial_position,773.4602830161281,0.020284113748463162,0.036536049092856585,3937.1397744065434,m1
0.18778043525528257,zero,"[25,50)",offset_rotated,9500,support,trial_causal_fixed_window,0.3204977289630265,cross_session_iteration_a,0.035985788269653485,/home/xinyuan/Work_host/SSM/results/cross_session_iteration_a/official_20261003,0,trial_position,1337.5859558602228,0.03507839545582697,0.06181024434827429,6660.697517426922,m1
0.5796090213674369,zero,"[50,128)",offset_rotated,29323,support,trial_causal_fixed_window,0.6752894995073776,cross_session_iteration_a,0.6001049460775403,/home/xinyuan/Work_host/SSM/results/cross_session_iteration_a/official_20261003,0,trial_position,33690.67761385279,0.8835431527489844,0.8420067422274752,90734.99509257087,m1
0.04483010812199798,zero,"[128,1000000000)",offset_rotated,2268,support,trial_causal_fixed_window,0.47915109858195715,cross_session_iteration_a,0.4717728102352484,/home/xinyuan/Work_host/SSM/results/cross_session_iteration_a/official_20261003,0,trial_position,1731.2282078825417,0.04540172348126279,0.03596372004031278,3875.465358787828,m1
0.25000494159040143,ridge,Q1,offset_rotated,12648,support,trial_causal_fixed_window,0.7122486963586279,cross_session_iteration_a,0.712942020237054,/home/xinyuan/Work_host/SSM/results/cross_session_iteration_a/official_20261003,0,query_quartile,7597.570994424545,0.2008403824576366,0.245835786123224,26491.366076784812,m1
0.25000494159040143,ridge,Q2,offset_rotated,12648,support,trial_causal_fixed_window,0.6289792787555295,cross_session_iteration_a,0.6028113394673609,/home/xinyuan/Work_host/SSM/results/cross_session_iteration_a/official_20261003,0,query_quartile,10698.503751510068,0.2828129657168789,0.2501516857135609,26956.449203213568,m1
0.25000494159040143,ridge,Q3,offset_rotated,12648,support,trial_causal_fixed_window,0.580436594775007,cross_session_iteration_a,0.6381199613557735,/home/xinyuan/Work_host/SSM/results/cross_session_iteration_a/official_20261003,0,query_quartile,9779.359879523625,0.2585155676512577,0.2508980605037958,27036.878859572415,m1
0.24998517522879563,ridge,Q4,offset_rotated,12647,support,trial_causal_fixed_window,0.6199083338702184,cross_session_iteration_a,0.6417323950360165,/home/xinyuan/Work_host/SSM/results/cross_session_iteration_a/official_20261003,0,query_quartile,9753.466621665717,0.25783108417422634,0.2531144676594194,27275.719812147963,m1
0.07511217410211303,ridge,"[0,10)",offset_rotated,3800,support,trial_causal_fixed_window,0.2535639998219804,cross_session_iteration_a,-0.04587731312095533,/home/xinyuan/Work_host/SSM/results/cross_session_iteration_a/official_20261003,0,trial_position,560.2658720057212,0.014810524586629827,0.0236832442910817,2552.1162085266437,m1
0.11266826115316954,ridge,"[10,25)",offset_rotated,5700,support,trial_causal_fixed_window,0.29991131312749336,cross_session_iteration_a,0.06111607183077028,/home/xinyuan/Work_host/SSM/results/cross_session_iteration_a/official_20261003,0,trial_position,708.798534031011,0.01873695800469222,0.036536049092856585,3937.1397744065434,m1
0.18778043525528257,ridge,"[25,50)",offset_rotated,9500,support,trial_causal_fixed_window,0.31779767490119004,cross_session_iteration_a,0.11561613939683368,/home/xinyuan/Work_host/SSM/results/cross_session_iteration_a/official_20261003,0,trial_position,1227.097502441314,0.03243809526544488,0.06181024434827429,6660.697517426922,m1
0.5796090213674369,ridge,"[50,128)",offset_rotated,29323,support,trial_causal_fixed_window,0.6344755580615831,cross_session_iteration_a,0.5997297721249968,/home/xinyuan/Work_host/SSM/results/cross_session_iteration_a/official_20261003,0,trial_position,33722.28556839056,0.8914423749210632,0.8420067422274752,90734.99509257087,m1
0.04483010812199798,ridge,"[128,1000000000)",offset_rotated,2268,support,trial_causal_fixed_window,0.5413838803491268,cross_session_iteration_a,0.5086231465991992,/home/xinyuan/Work_host/SSM/results/cross_session_iteration_a/official_20261003,0,trial_position,1610.4537702553473,0.04257204722216947,0.03596372004031278,3875.465358787828,m1
0.25000494159040143,zero,Q1,offset_rotated,12648,support,trial_causal_fixed_window,0.7486644061413615,cross_session_iteration_a,0.7168895341968766,/home/xinyuan/Work_host/SSM/results/cross_session_iteration_a/official_20261003,1,query_quartile,7493.092040082285,0.1940704242511386,0.245835786123224,26491.366076784812,m1
0.25000494159040143,zero,Q2,offset_rotated,12648,support,trial_causal_fixed_window,0.6628209567915777,cross_session_iteration_a,0.5902505963930307,/home/xinyuan/Work_host/SSM/results/cross_session_iteration_a/official_20261003,1,query_quartile,11036.834550587433,0.28585304333170936,0.2501516857135609,26956.449203213568,m1
0.25000494159040143,zero,Q3,offset_rotated,12648,support,trial_causal_fixed_window,0.6073612353904145,cross_session_iteration_a,0.6315348523208332,/home/xinyuan/Work_host/SSM/results/cross_session_iteration_a/official_20261003,1,query_quartile,9957.31429596464,0.2578935637628394,0.2508980605037958,27036.878859572415,m1
0.24998517522879563,zero,Q4,offset_rotated,12647,support,trial_causal_fixed_window,0.648624824365327,cross_session_iteration_a,0.6281611810597136,/home/xinyuan/Work_host/SSM/results/cross_session_iteration_a/official_20261003,1,query_quartile,10122.928947310982,0.26218296865431273,0.2531144676594194,27275.719812147963,m1
0.07511217410211303,zero,"[0,10)",offset_rotated,3800,support,trial_causal_fixed_window,0.2446947050858793,cross_session_iteration_a,-0.12150181674205363,/home/xinyuan/Work_host/SSM/results/cross_session_iteration_a/official_20261003,1,trial_position,600.7771518037699,0.01556007534770225,0.0236832442910817,2552.1162085266437,m1
0.11266826115316954,zero,"[10,25)",offset_rotated,5700,support,trial_causal_fixed_window,0.2936354733457814,cross_session_iteration_a,-0.026567454445662442,/home/xinyuan/Work_host/SSM/results/cross_session_iteration_a/official_20261003,1,trial_position,774.9941020013713,0.02007227902219718,0.036536049092856585,3937.1397744065434,m1
0.18778043525528257,zero,"[25,50)",offset_rotated,9500,support,trial_causal_fixed_window,0.31304189063860816,cross_session_iteration_a,0.03554781493887982,/home/xinyuan/Work_host/SSM/results/cross_session_iteration_a/official_20261003,1,trial_position,1338.1936512335437,0.03465909777110146,0.06181024434827429,6660.697517426922,m1
0.5796090213674369,zero,"[50,128)",offset_rotated,29323,support,trial_causal_fixed_window,0.6661235979285569,cross_session_iteration_a,0.5955609404170079,/home/xinyuan/Work_host/SSM/results/cross_session_iteration_a/official_20261003,1,trial_position,34073.50462879808,0.8825007705312214,0.8420067422274752,90734.99509257087,m1
0.04483010812199798,zero,"[128,1000000000)",offset_rotated,2268,support,trial_causal_fixed_window,0.45401788154754774,cross_session_iteration_a,0.4438631181458619,/home/xinyuan/Work_host/SSM/results/cross_session_iteration_a/official_20261003,1,trial_position,1822.7003001085798,0.04720777732777792,0.03596372004031278,3875.465358787828,m1
0.25000494159040143,ridge,Q1,offset_rotated,12648,support,trial_causal_fixed_window,0.7047462553630288,cross_session_iteration_a,0.7109996697518535,/home/xinyuan/Work_host/SSM/results/cross_session_iteration_a/official_20261003,1,query_quartile,7648.979235085724,0.20109642128738306,0.245835786123224,26491.366076784812,m1
0.25000494159040143,ridge,Q2,offset_rotated,12648,support,trial_causal_fixed_window,0.6176218118666588,cross_session_iteration_a,0.6022409474625087,/home/xinyuan/Work_host/SSM/results/cross_session_iteration_a/official_20261003,1,query_quartile,10713.867586407972,0.2816742422166334,0.2501516857135609,26956.449203213568,m1
0.25000494159040143,ridge,Q3,offset_rotated,12648,support,trial_causal_fixed_window,0.5707030795597742,cross_session_iteration_a,0.6345868925590453,/home/xinyuan/Work_host/SSM/results/cross_session_iteration_a/official_20261003,1,query_quartile,9874.836688279825,0.2596155980789731,0.2508980605037958,27036.878859572415,m1
0.24998517522879563,ridge,Q4,offset_rotated,12647,support,trial_causal_fixed_window,0.6095745833791355,cross_session_iteration_a,0.6400711172001917,/home/xinyuan/Work_host/SSM/results/cross_session_iteration_a/official_20261003,1,query_quartile,9798.693200057192,0.25761373841701024,0.2531144676594194,27275.719812147963,m1
0.07511217410211303,ridge,"[0,10)",offset_rotated,3800,support,trial_causal_fixed_window,0.23791972116140425,cross_session_iteration_a,-0.041671759537490916,/home/xinyuan/Work_host/SSM/results/cross_session_iteration_a/official_20261003,1,trial_position,558.0129995931097,0.014670508809239131,0.0236832442910817,2552.1162085266437,m1
0.11266826115316954,ridge,"[10,25)",offset_rotated,5700,support,trial_causal_fixed_window,0.28687109174465364,cross_session_iteration_a,0.06662894891747306,/home/xinyuan/Work_host/SSM/results/cross_session_iteration_a/official_20261003,1,trial_position,704.6366572748847,0.018525335960634947,0.036536049092856585,3937.1397744065434,m1
0.18778043525528257,ridge,"[25,50)",offset_rotated,9500,support,trial_causal_fixed_window,0.309030124084986,cross_session_iteration_a,0.12348542506761395,/home/xinyuan/Work_host/SSM/results/cross_session_iteration_a/official_20261003,1,trial_position,1216.1787360291523,0.031974095358952105,0.06181024434827429,6660.697517426922,m1
0.5796090213674369,ridge,"[50,128)",offset_rotated,29323,support,trial_causal_fixed_window,0.6238909545375279,cross_session_iteration_a,0.5976290172092885,/home/xinyuan/Work_host/SSM/results/cross_session_iteration_a/official_20261003,1,trial_position,33899.27164490394,0.8912329348169086,0.8420067422274752,90734.99509257087,m1
0.04483010812199798,ridge,"[128,1000000000)",offset_rotated,2268,support,trial_causal_fixed_window,0.5258314195316016,cross_session_iteration_a,0.4940315653763401,/home/xinyuan/Work_host/SSM/results/cross_session_iteration_a/official_20261003,1,trial_position,1658.2766720296258,0.043597125054265086,0.03596372004031278,3875.465358787828,m1
0.25000494159040143,zero,Q1,offset_rotated,12648,support,trial_causal_fixed_window,0.7400665755684417,cross_session_iteration_a,0.7183681547809648,/home/xinyuan/Work_host/SSM/results/cross_session_iteration_a/official_20261003,2,query_quartile,7453.957350739369,0.19420842471188993,0.245835786123224,26491.366076784812,m1
0.25000494159040143,zero,Q2,offset_rotated,12648,support,trial_causal_fixed_window,0.6550908390652983,cross_session_iteration_a,0.5915338962981526,/home/xinyuan/Work_host/SSM/results/cross_session_iteration_a/official_20261003,2,query_quartile,11002.268133633717,0.2866575514117858,0.2501516857135609,26956.449203213568,m1
0.25000494159040143,zero,Q3,offset_rotated,12648,support,trial_causal_fixed_window,0.6015549956415591,cross_session_iteration_a,0.6329398525785008,/home/xinyuan/Work_host/SSM/results/cross_session_iteration_a/official_20261003,2,query_quartile,9919.345904002395,0.2584426569059398,0.2508980605037958,27036.878859572415,m1
0.24998517522879563,zero,Q4,offset_rotated,12647,support,trial_causal_fixed_window,0.6433936459903045,cross_session_iteration_a,0.6324689581415214,/home/xinyuan/Work_host/SSM/results/cross_session_iteration_a/official_20261003,2,query_quartile,10005.654152161105,0.2606913669703841,0.2531144676594194,27275.719812147963,m1
0.07511217410211303,zero,"[0,10)",offset_rotated,3800,support,trial_causal_fixed_window,0.24423676073785683,cross_session_iteration_a,-0.09780159163787383,/home/xinyuan/Work_host/SSM/results/cross_session_iteration_a/official_20261003,2,trial_position,588.0811815229905,0.015322105358566115,0.0236832442910817,2552.1162085266437,m1
0.11266826115316954,zero,"[10,25)",offset_rotated,5700,support,trial_causal_fixed_window,0.2890903678363991,cross_session_iteration_a,0.002906973741087948,/home/xinyuan/Work_host/SSM/results/cross_session_iteration_a/official_20261003,2,trial_position,752.7427556279084,0.019612264721273528,0.036536049092856585,3937.1397744065434,m1
0.18778043525528257,zero,"[25,50)",offset_rotated,9500,support,trial_causal_fixed_window,0.30615088188215644,cross_session_iteration_a,0.060926905864294834,/home/xinyuan/Work_host/SSM/results/cross_session_iteration_a/official_20261003,2,trial_position,1302.979735109421,0.033948361907653775,0.06181024434827429,6660.697517426922,m1
0.5796090213674369,zero,"[50,128)",offset_rotated,29323,support,trial_causal_fixed_window,0.6589853996226486,cross_session_iteration_a,0.5971011756035014,/home/xinyuan/Work_host/SSM/results/cross_session_iteration_a/official_20261003,2,trial_position,33943.74166571895,0.8843839973236142,0.8420067422274752,90734.99509257087,m1
0.04483010812199798,zero,"[128,1000000000)",offset_rotated,2268,support,trial_causal_fixed_window,0.4561529185449264,cross_session_iteration_a,0.4527176437978866,/home/xinyuan/Work_host/SSM/results/cross_session_iteration_a/official_20261003,2,trial_position,1793.6802025573127,0.04673327068889201,0.03596372004031278,3875.465358787828,m1
0.25000494159040143,ridge,Q1,offset_rotated,12648,support,trial_causal_fixed_window,0.7060409998893402,cross_session_iteration_a,0.7119688575484624,/home/xinyuan/Work_host/SSM/results/cross_session_iteration_a/official_20261003,2,query_quartile,7623.327716539726,0.20150622932551582,0.245835786123224,26491.366076784812,m1
0.25000494159040143,ridge,Q2,offset_rotated,12648,support,trial_causal_fixed_window,0.6185368519852321,cross_session_iteration_a,0.6033511443186736,/home/xinyuan/Work_host/SSM/results/cross_session_iteration_a/official_20261003,2,query_quartile,10683.96379908769,0.2824075442452159,0.2501516857135609,26956.449203213568,m1
0.25000494159040143,ridge,Q3,offset_rotated,12648,support,trial_causal_fixed_window,0.5734425186340273,cross_session_iteration_a,0.6364274092130694,/home/xinyuan/Work_host/SSM/results/cross_session_iteration_a/official_20261003,2,query_quartile,9825.099005064716,0.2597053054619459,0.2508980605037958,27036.878859572415,m1
0.24998517522879563,ridge,Q4,offset_rotated,12647,support,trial_causal_fixed_window,0.6119548875854997,cross_session_iteration_a,0.6437208929378149,/home/xinyuan/Work_host/SSM/results/cross_session_iteration_a/official_20261003,2,query_quartile,9699.331813930608,0.2563809209673228,0.2531144676594194,27275.719812147963,m1
0.07511217410211303,ridge,"[0,10)",offset_rotated,3800,support,trial_causal_fixed_window,0.2403603157605576,cross_session_iteration_a,-0.040677719083150876,/home/xinyuan/Work_host/SSM/results/cross_session_iteration_a/official_20261003,2,trial_position,557.480502200755,0.014735794930767973,0.0236832442910817,2552.1162085266437,m1
0.11266826115316954,ridge,"[10,25)",offset_rotated,5700,support,trial_causal_fixed_window,0.28533021435373473,cross_session_iteration_a,0.07112358824239728,/home/xinyuan/Work_host/SSM/results/cross_session_iteration_a/official_20261003,2,trial_position,701.2434862247459,0.01853585940450255,0.036536049092856585,3937.1397744065434,m1
0.18778043525528257,ridge,"[25,50)",offset_rotated,9500,support,trial_causal_fixed_window,0.3052872118711486,cross_session_iteration_a,0.12623278565884533,/home/xinyuan/Work_host/SSM/results/cross_session_iteration_a/official_20261003,2,trial_position,1212.3667269344744,0.032046300092051165,0.06181024434827429,6660.697517426922,m1
0.5796090213674369,ridge,"[50,128)",offset_rotated,29323,support,trial_causal_fixed_window,0.6261927630008709,cross_session_iteration_a,0.5996979371660743,/home/xinyuan/Work_host/SSM/results/cross_session_iteration_a/official_20261003,2,trial_position,33724.96762541374,0.891446795023377,0.8420067422274752,90734.99509257087,m1
0.04483010812199798,ridge,"[128,1000000000)",offset_rotated,2268,support,trial_causal_fixed_window,0.5334577163833427,cross_session_iteration_a,0.5009310783313645,/home/xinyuan/Work_host/SSM/results/cross_session_iteration_a/official_20261003,2,trial_position,1635.663993849033,0.04323525054930187,0.03596372004031278,3875.465358787828,m1
0.25000494159040143,zero,Q1,offset_original,12648,support,trial_causal_fixed_window,0.7702977673643316,cross_session_iteration_a,0.7164753626413154,/home/xinyuan/Work_host/SSM/results/cross_session_iteration_a/official_20261003,0,query_quartile,7504.053929383694,0.19445292236766445,0.245835786123224,26491.366076784812,m1
0.25000494159040143,zero,Q2,offset_original,12648,support,trial_causal_fixed_window,0.6822789845762762,cross_session_iteration_a,0.5875674873561394,/home/xinyuan/Work_host/SSM/results/cross_session_iteration_a/official_20261003,0,query_quartile,11109.105627154418,0.2878708061561944,0.2501516857135609,26956.449203213568,m1
0.25000494159040143,zero,Q3,offset_original,12648,support,trial_causal_fixed_window,0.6279181405836385,cross_session_iteration_a,0.6361358847277067,/home/xinyuan/Work_host/SSM/results/cross_session_iteration_a/official_20261003,0,query_quartile,9832.977093247573,0.2548024240429905,0.2508980605037958,27036.878859572415,m1
0.24998517522879563,zero,Q4,offset_original,12647,support,trial_causal_fixed_window,0.6635746078837964,cross_session_iteration_a,0.6273703641796388,/home/xinyuan/Work_host/SSM/results/cross_session_iteration_a/official_20261003,0,query_quartile,10144.458122533051,0.26287384743315045,0.2531144676594194,27275.719812147963,m1
0.07511217410211303,zero,"[0,10)",offset_original,3800,support,trial_causal_fixed_window,0.24456747501073833,cross_session_iteration_a,-0.0821359899338141,/home/xinyuan/Work_host/SSM/results/cross_session_iteration_a/official_20261003,0,trial_position,579.6892775308974,0.01502151705489421,0.0236832442910817,2552.1162085266437,m1
0.11266826115316954,zero,"[10,25)",offset_original,5700,support,trial_causal_fixed_window,0.29717085583903924,cross_session_iteration_a,-0.0062265470298525916,/home/xinyuan/Work_host/SSM/results/cross_session_iteration_a/official_20261003,0,trial_position,759.6379914912042,0.01968453702185738,0.036536049092856585,3937.1397744065434,m1
0.18778043525528257,zero,"[25,50)",offset_original,9500,support,trial_causal_fixed_window,0.3155070240413723,cross_session_iteration_a,0.05029295842554171,/home/xinyuan/Work_host/SSM/results/cross_session_iteration_a/official_20261003,0,trial_position,1317.7345162903966,0.03414652000221607,0.06181024434827429,6660.697517426922,m1
0.5796090213674369,zero,"[50,128)",offset_original,29323,support,trial_causal_fixed_window,0.6914438038169861,cross_session_iteration_a,0.5939649459872667,/home/xinyuan/Work_host/SSM/results/cross_session_iteration_a/official_20261003,0,trial_position,34207.965241097474,0.8864327031734439,0.8420067422274752,90734.99509257087,m1
0.04483010812199798,zero,"[128,1000000000)",offset_original,2268,support,trial_causal_fixed_window,0.4959898512194698,cross_session_iteration_a,0.47349991351809095,/home/xinyuan/Work_host/SSM/results/cross_session_iteration_a/official_20261003,0,trial_position,1725.5677459087551,0.044714722747588094,0.03596372004031278,3875.465358787828,m1
0.25000494159040143,ridge,Q1,offset_original,12648,support,trial_causal_fixed_window,0.7216173372328487,cross_session_iteration_a,0.7119887080899325,/home/xinyuan/Work_host/SSM/results/cross_session_iteration_a/official_20261003,0,query_quartile,7622.802331743869,0.20103771613000487,0.245835786123224,26491.366076784812,m1
0.25000494159040143,ridge,Q2,offset_original,12648,support,trial_causal_fixed_window,0.6330703985508805,cross_session_iteration_a,0.6018214082696498,/home/xinyuan/Work_host/SSM/results/cross_session_iteration_a/official_20261003,0,query_quartile,10725.168114531527,0.282857039841738,0.2501516857135609,26956.449203213568,m1
0.25000494159040143,ridge,Q3,offset_original,12648,support,trial_causal_fixed_window,0.5881119508768108,cross_session_iteration_a,0.6386320007550497,/home/xinyuan/Work_host/SSM/results/cross_session_iteration_a/official_20261003,0,query_quartile,9765.522648885606,0.25754811481497086,0.2508980605037958,27036.878859572415,m1
0.24998517522879563,ridge,Q4,offset_original,12647,support,trial_causal_fixed_window,0.6219386655010314,cross_session_iteration_a,0.6398842037919386,/home/xinyuan/Work_host/SSM/results/cross_session_iteration_a/official_20261003,0,query_quartile,9803.781725124152,0.25855712921328616,0.2531144676594194,27275.719812147963,m1
0.07511217410211303,ridge,"[0,10)",offset_original,3800,support,trial_causal_fixed_window,0.23613667502923844,cross_session_iteration_a,-0.016393621401598946,/home/xinyuan/Work_host/SSM/results/cross_session_iteration_a/official_20261003,0,trial_position,544.471757300431,0.014359464383477977,0.0236832442910817,2552.1162085266437,m1
0.11266826115316954,ridge,"[10,25)",offset_original,5700,support,trial_causal_fixed_window,0.2879709228174256,cross_session_iteration_a,0.07414191115010005,/home/xinyuan/Work_host/SSM/results/cross_session_iteration_a/official_20261003,0,trial_position,698.9648415616259,0.018433941913665444,0.036536049092856585,3937.1397744065434,m1
0.18778043525528257,ridge,"[25,50)",offset_original,9500,support,trial_causal_fixed_window,0.3081541719075461,cross_session_iteration_a,0.12680021531217078,/home/xinyuan/Work_host/SSM/results/cross_session_iteration_a/official_20261003,0,trial_position,1211.579408733154,0.03195323014313723,0.06181024434827429,6660.697517426922,m1
0.5796090213674369,ridge,"[50,128)",offset_original,29323,support,trial_causal_fixed_window,0.6438973338552759,cross_session_iteration_a,0.5981846123246632,/home/xinyuan/Work_host/SSM/results/cross_session_iteration_a/official_20261003,0,trial_position,33852.46342426626,0.8927979023997714,0.8420067422274752,90734.99509257087,m1
0.04483010812199798,ridge,"[128,1000000000)",offset_original,2268,support,trial_causal_fixed_window,0.5478462009372081,cross_session_iteration_a,0.5088240301009535,/home/xinyuan/Work_host/SSM/results/cross_session_iteration_a/official_20261003,0,trial_position,1609.795388423677,0.04245546115994764,0.03596372004031278,3875.465358787828,m1
0.25000494159040143,zero,Q1,offset_original,12648,support,trial_causal_fixed_window,0.7498890990176892,cross_session_iteration_a,0.7178519486415231,/home/xinyuan/Work_host/SSM/results/cross_session_iteration_a/official_20261003,1,query_quartile,7467.619792018321,0.19248210399861412,0.245835786123224,26491.366076784812,m1
0.25000494159040143,zero,Q2,offset_original,12648,support,trial_causal_fixed_window,0.657418552620663,cross_session_iteration_a,0.5870131765016771,/home/xinyuan/Work_host/SSM/results/cross_session_iteration_a/official_20261003,1,query_quartile,11124.03630706863,0.2867282980354887,0.2501516857135609,26956.449203213568,m1
0.25000494159040143,zero,Q3,offset_original,12648,support,trial_causal_fixed_window,0.6022278109305954,cross_session_iteration_a,0.6276003614085557,/home/xinyuan/Work_host/SSM/results/cross_session_iteration_a/official_20261003,1,query_quartile,10063.639040258435,0.2593959615380998,0.2508980605037958,27036.878859572415,m1
0.24998517522879563,zero,Q4,offset_original,12647,support,trial_causal_fixed_window,0.641589166356528,cross_session_iteration_a,0.6274921838313532,/home/xinyuan/Work_host/SSM/results/cross_session_iteration_a/official_20261003,1,query_quartile,10141.141707958033,0.26139363642779745,0.2531144676594194,27275.719812147963,m1
0.07511217410211303,zero,"[0,10)",offset_original,3800,support,trial_causal_fixed_window,0.23372751077399248,cross_session_iteration_a,-0.052200090015474876,/home/xinyuan/Work_host/SSM/results/cross_session_iteration_a/official_20261003,1,trial_position,563.6529194785599,0.014528471305161546,0.0236832442910817,2552.1162085266437,m1
0.11266826115316954,zero,"[10,25)",offset_original,5700,support,trial_causal_fixed_window,0.28270112097984346,cross_session_iteration_a,0.036250370633507556,/home/xinyuan/Work_host/SSM/results/cross_session_iteration_a/official_20261003,1,trial_position,727.570580316477,0.018753541289889035,0.036536049092856585,3937.1397744065434,m1
0.18778043525528257,zero,"[25,50)",offset_original,9500,support,trial_causal_fixed_window,0.30098200515075535,cross_session_iteration_a,0.09587293921224427,/home/xinyuan/Work_host/SSM/results/cross_session_iteration_a/official_20261003,1,trial_position,1254.4915252361052,0.03233522527271212,0.06181024434827429,6660.697517426922,m1
0.5796090213674369,zero,"[50,128)",offset_original,29323,support,trial_causal_fixed_window,0.6633146669028871,cross_session_iteration_a,0.5912580794369099,/home/xinyuan/Work_host/SSM/results/cross_session_iteration_a/official_20261003,1,trial_position,34436.015494275845,0.8876076849482468,0.8420067422274752,90734.99509257087,m1
0.04483010812199798,zero,"[128,1000000000)",offset_original,2268,support,trial_causal_fixed_window,0.44542768347855277,cross_session_iteration_a,0.44630221508561174,/home/xinyuan/Work_host/SSM/results/cross_session_iteration_a/official_20261003,1,trial_position,1814.7063279964373,0.046775077183990675,0.03596372004031278,3875.465358787828,m1
0.25000494159040143,ridge,Q1,offset_original,12648,support,trial_causal_fixed_window,0.7020084512875114,cross_session_iteration_a,0.7107296747345466,/home/xinyuan/Work_host/SSM/results/cross_session_iteration_a/official_20261003,1,query_quartile,7656.1252002103465,0.1998756034030149,0.245835786123224,26491.366076784812,m1
0.25000494159040143,ridge,Q2,offset_original,12648,support,trial_causal_fixed_window,0.6078600383042887,cross_session_iteration_a,0.5989592232421437,/home/xinyuan/Work_host/SSM/results/cross_session_iteration_a/official_20261003,1,query_quartile,10802.262705331843,0.2820106411382571,0.2501516857135609,26956.449203213568,m1
0.25000494159040143,ridge,Q3,offset_original,12648,support,trial_causal_fixed_window,0.5622175066265879,cross_session_iteration_a,0.6307265709393168,/home/xinyuan/Work_host/SSM/results/cross_session_iteration_a/official_20261003,1,query_quartile,9979.157099296319,0.2605221302572915,0.2508980605037958,27036.878859572415,m1
0.24998517522879563,ridge,Q4,offset_original,12647,support,trial_causal_fixed_window,0.5993717812148733,cross_session_iteration_a,0.6375655123194621,/home/xinyuan/Work_host/SSM/results/cross_session_iteration_a/official_20261003,1,query_quartile,9866.905712806525,0.25759162520143686,0.2531144676594194,27275.719812147963,m1
0.07511217410211303,ridge,"[0,10)",offset_original,3800,support,trial_causal_fixed_window,0.2268268475217704,cross_session_iteration_a,-0.021211707548032033,/home/xinyuan/Work_host/SSM/results/cross_session_iteration_a/official_20261003,1,trial_position,547.0527571962743,0.014281702176824935,0.0236832442910817,2552.1162085266437,m1
0.11266826115316954,ridge,"[10,25)",offset_original,5700,support,trial_causal_fixed_window,0.2761125104217262,cross_session_iteration_a,0.07492145409803375,/home/xinyuan/Work_host/SSM/results/cross_session_iteration_a/official_20261003,1,trial_position,698.3763354831514,0.018232250362526226,0.036536049092856585,3937.1397744065434,m1
0.18778043525528257,ridge,"[25,50)",offset_original,9500,support,trial_causal_fixed_window,0.2976740303707296,cross_session_iteration_a,0.13118438198947135,/home/xinyuan/Work_host/SSM/results/cross_session_iteration_a/official_20261003,1,trial_position,1205.4963036250024,0.0314714421180745,0.06181024434827429,6660.697517426922,m1
0.5796090213674369,ridge,"[50,128)",offset_original,29323,support,trial_causal_fixed_window,0.6165416917171778,cross_session_iteration_a,0.5941050937228227,/home/xinyuan/Work_host/SSM/results/cross_session_iteration_a/official_20261003,1,trial_position,34196.15796283631,0.8927463342290869,0.8420067422274752,90734.99509257087,m1
0.04483010812199798,ridge,"[128,1000000000)",offset_original,2268,support,trial_causal_fixed_window,0.5179171840882294,cross_session_iteration_a,0.4943090124084043,/home/xinyuan/Work_host/SSM/results/cross_session_iteration_a/official_20261003,1,trial_position,1657.3673585042905,0.043268271113487626,0.03596372004031278,3875.465358787828,m1
0.25000494159040143,zero,Q1,offset_original,12648,support,trial_causal_fixed_window,0.735322420448547,cross_session_iteration_a,0.7190436841577539,/home/xinyuan/Work_host/SSM/results/cross_session_iteration_a/official_20261003,2,query_quartile,7436.078097205945,0.19363098730887918,0.245835786123224,26491.366076784812,m1
0.25000494159040143,zero,Q2,offset_original,12648,support,trial_causal_fixed_window,0.648492760984363,cross_session_iteration_a,0.5921083997006644,/home/xinyuan/Work_host/SSM/results/cross_session_iteration_a/official_20261003,2,query_quartile,10986.793555888256,0.28608947563162684,0.2501516857135609,26956.449203213568,m1
0.25000494159040143,zero,Q3,offset_original,12648,support,trial_causal_fixed_window,0.5958293077248219,cross_session_iteration_a,0.6309007732965544,/home/xinyuan/Work_host/SSM/results/cross_session_iteration_a/official_20261003,2,query_quartile,9974.449496330237,0.25972864708920584,0.2508980605037958,27036.878859572415,m1
0.24998517522879563,zero,Q4,offset_original,12647,support,trial_causal_fixed_window,0.6352454767528072,cross_session_iteration_a,0.6324552855112009,/home/xinyuan/Work_host/SSM/results/cross_session_iteration_a/official_20261003,2,query_quartile,10006.026375442287,0.26055088997028814,0.2531144676594194,27275.719812147963,m1
0.07511217410211303,zero,"[0,10)",offset_original,3800,support,trial_causal_fixed_window,0.233953679891867,cross_session_iteration_a,-0.07138066903935658,/home/xinyuan/Work_host/SSM/results/cross_session_iteration_a/official_20261003,2,trial_position,573.927761180903,0.01494473263845753,0.0236832442910817,2552.1162085266437,m1
0.11266826115316954,zero,"[10,25)",offset_original,5700,support,trial_causal_fixed_window,0.28135973579288287,cross_session_iteration_a,0.02164294852654336,/home/xinyuan/Work_host/SSM/results/cross_session_iteration_a/official_20261003,2,trial_position,738.5982686864096,0.019232653304719245,0.036536049092856585,3937.1397744065434,m1
0.18778043525528257,zero,"[25,50)",offset_original,9500,support,trial_causal_fixed_window,0.3020812466189801,cross_session_iteration_a,0.0818500753170569,/home/xinyuan/Work_host/SSM/results/cross_session_iteration_a/official_20261003,2,trial_position,1273.9484850805816,0.033172849951574705,0.06181024434827429,6660.697517426922,m1
0.5796090213674369,zero,"[50,128)",offset_original,29323,support,trial_causal_fixed_window,0.6538885903009835,cross_session_iteration_a,0.5961602525054325,/home/xinyuan/Work_host/SSM/results/cross_session_iteration_a/official_20261003,2,trial_position,34023.01330572932,0.8859387396814542,0.8420067422274752,90734.99509257087,m1
0.04483010812199798,zero,"[128,1000000000)",offset_original,2268,support,trial_causal_fixed_window,0.44134247429568274,cross_session_iteration_a,0.45266287479498823,/home/xinyuan/Work_host/SSM/results/cross_session_iteration_a/official_20261003,2,trial_position,1793.8597041895127,0.04671102442379437,0.03596372004031278,3875.465358787828,m1
0.25000494159040143,ridge,Q1,offset_original,12648,support,trial_causal_fixed_window,0.7014012579604052,cross_session_iteration_a,0.7110830526304202,/home/xinyuan/Work_host/SSM/results/cross_session_iteration_a/official_20261003,2,query_quartile,7646.7723382764025,0.2012197214213979,0.245835786123224,26491.366076784812,m1
0.25000494159040143,ridge,Q2,offset_original,12648,support,trial_causal_fixed_window,0.6121973345708543,cross_session_iteration_a,0.6017024894393823,/home/xinyuan/Work_host/SSM/results/cross_session_iteration_a/official_20261003,2,query_quartile,10728.371261242806,0.2823099447706583,0.2501516857135609,26956.449203213568,m1
0.25000494159040143,ridge,Q3,offset_original,12648,support,trial_causal_fixed_window,0.567347327308517,cross_session_iteration_a,0.6341967876986537,/home/xinyuan/Work_host/SSM/results/cross_session_iteration_a/official_20261003,2,query_quartile,9885.37878901247,0.26012715928697827,0.2508980605037958,27036.878859572415,m1
0.24998517522879563,ridge,Q4,offset_original,12647,support,trial_causal_fixed_window,0.6046860680379458,cross_session_iteration_a,0.6421690399059929,/home/xinyuan/Work_host/SSM/results/cross_session_iteration_a/official_20261003,2,query_quartile,9741.57941471251,0.25634317452096506,0.2531144676594194,27275.719812147963,m1
0.07511217410211303,ridge,"[0,10)",offset_original,3800,support,trial_causal_fixed_window,0.23143379765209693,cross_session_iteration_a,-0.03344754592704535,/home/xinyuan/Work_host/SSM/results/cross_session_iteration_a/official_20261003,2,trial_position,553.6073717510947,0.014567809291638539,0.0236832442910817,2552.1162085266437,m1
0.11266826115316954,ridge,"[10,25)",offset_original,5700,support,trial_causal_fixed_window,0.2792797864720365,cross_session_iteration_a,0.0672573069047121,/home/xinyuan/Work_host/SSM/results/cross_session_iteration_a/official_20261003,2,trial_position,704.1622863682805,0.018529561601989257,0.036536049092856585,3937.1397744065434,m1
0.18778043525528257,ridge,"[25,50)",offset_original,9500,support,trial_causal_fixed_window,0.30335497689744023,cross_session_iteration_a,0.12344156781238358,/home/xinyuan/Work_host/SSM/results/cross_session_iteration_a/official_20261003,2,trial_position,1216.239588709481,0.03200453477564369,0.06181024434827429,6660.697517426922,m1
0.5796090213674369,ridge,"[50,128)",offset_original,29323,support,trial_causal_fixed_window,0.6198708590328694,cross_session_iteration_a,0.5977948997142275,/home/xinyuan/Work_host/SSM/results/cross_session_iteration_a/official_20261003,2,trial_position,33885.29624325579,0.8916690034329372,0.8420067422274752,90734.99509257087,m1
0.04483010812199798,ridge,"[128,1000000000)",offset_original,2268,support,trial_causal_fixed_window,0.5218626569740763,cross_session_iteration_a,0.49875488632574816,/home/xinyuan/Work_host/SSM/results/cross_session_iteration_a/official_20261003,2,trial_position,1642.796313159535,0.043229090897790576,0.03596372004031278,3875.465358787828,m1
0.25000494159040143,zero,Q1,full,12648,support,trial_causal_fixed_window,0.7946298794386021,cross_session_iteration_a,0.7025450601161246,/home/xinyuan/Work_host/SSM/results/cross_session_iteration_a/official_20261003,0,query_quartile,7872.747607561004,0.20276113014167538,0.245835786123224,26491.366076784812,m1
0.25000494159040143,zero,Q2,full,12648,support,trial_causal_fixed_window,0.6951678665041405,cross_session_iteration_a,0.5874176225936097,/home/xinyuan/Work_host/SSM/results/cross_session_iteration_a/official_20261003,0,query_quartile,11113.142320251325,0.28621688495581293,0.2501516857135609,26956.449203213568,m1
0.25000494159040143,zero,Q3,full,12648,support,trial_causal_fixed_window,0.6547828718015338,cross_session_iteration_a,0.6395796249740343,/home/xinyuan/Work_host/SSM/results/cross_session_iteration_a/official_20261003,0,query_quartile,9739.914277938364,0.2508496556629286,0.2508980605037958,27036.878859572415,m1
0.24998517522879563,zero,Q4,full,12647,support,trial_causal_fixed_window,0.6966766724173563,cross_session_iteration_a,0.6289339092726511,/home/xinyuan/Work_host/SSM/results/cross_session_iteration_a/official_20261003,0,query_quartile,10101.892217425058,0.2601723292395829,0.2531144676594194,27275.719812147963,m1
0.07511217410211303,zero,"[0,10)",full,3800,support,trial_causal_fixed_window,0.21625569544768322,cross_session_iteration_a,-0.010013749690920504,/home/xinyuan/Work_host/SSM/results/cross_session_iteration_a/official_20261003,0,trial_position,541.0541247134868,0.013934746960433595,0.0236832442910817,2552.1162085266437,m1
0.11266826115316954,zero,"[10,25)",full,5700,support,trial_causal_fixed_window,0.3101803240145617,cross_session_iteration_a,-0.012485965800422383,/home/xinyuan/Work_host/SSM/results/cross_session_iteration_a/official_20261003,0,trial_position,764.3634604393385,0.019686036794680912,0.036536049092856585,3937.1397744065434,m1
0.18778043525528257,zero,"[25,50)",full,9500,support,trial_causal_fixed_window,0.3204047452252964,cross_session_iteration_a,0.027700967943289023,/home/xinyuan/Work_host/SSM/results/cross_session_iteration_a/official_20261003,0,trial_position,1349.0812836059408,0.03474533407551552,0.06181024434827429,6660.697517426922,m1
0.5796090213674369,zero,"[50,128)",full,29323,support,trial_causal_fixed_window,0.7160148291358477,cross_session_iteration_a,0.5907682394575217,/home/xinyuan/Work_host/SSM/results/cross_session_iteration_a/official_20261003,0,trial_position,34477.283923745206,0.8879559463941351,0.8420067422274752,90734.99509257087,m1
0.04483010812199798,zero,"[128,1000000000)",full,2268,support,trial_causal_fixed_window,0.6081540996549929,cross_session_iteration_a,0.4825478887562905,/home/xinyuan/Work_host/SSM/results/cross_session_iteration_a/official_20261003,0,trial_position,1695.913630671768,0.04367793577523437,0.03596372004031278,3875.465358787828,m1
0.25000494159040143,ridge,Q1,full,12648,support,trial_causal_fixed_window,0.7548628313452086,cross_session_iteration_a,0.708547302984549,/home/xinyuan/Work_host/SSM/results/cross_session_iteration_a/official_20261003,0,query_quartile,7713.886089911181,0.20341647299911775,0.245835786123224,26491.366076784812,m1
0.25000494159040143,ridge,Q2,full,12648,support,trial_causal_fixed_window,0.6566532208324533,cross_session_iteration_a,0.6013130321141639,/home/xinyuan/Work_host/SSM/results/cross_session_iteration_a/official_20261003,0,query_quartile,10738.861517055533,0.2831855835520309,0.2501516857135609,26956.449203213568,m1
0.25000494159040143,ridge,Q3,full,12648,support,trial_causal_fixed_window,0.6242358849109435,cross_session_iteration_a,0.6430264781251809,/home/xinyuan/Work_host/SSM/results/cross_session_iteration_a/official_20261003,0,query_quartile,9646.76734023155,0.2543868765134405,0.2508980605037958,27036.878859572415,m1
0.24998517522879563,ridge,Q4,full,12647,support,trial_causal_fixed_window,0.6589496943670377,cross_session_iteration_a,0.6392104410908903,/home/xinyuan/Work_host/SSM/results/cross_session_iteration_a/official_20261003,0,query_quartile,9822.124220857913,0.2590110669354114,0.2531144676594194,27275.719812147963,m1
0.07511217410211303,ridge,"[0,10)",full,3800,support,trial_causal_fixed_window,0.2176076992383085,cross_session_iteration_a,0.026385660193410265,/home/xinyuan/Work_host/SSM/results/cross_session_iteration_a/official_20261003,0,trial_position,521.5553299088807,0.013753501730173636,0.0236832442910817,2552.1162085266437,m1
0.11266826115316954,ridge,"[10,25)",full,5700,support,trial_causal_fixed_window,0.31193256933323543,cross_session_iteration_a,0.05820862424901274,/home/xinyuan/Work_host/SSM/results/cross_session_iteration_a/official_20261003,0,trial_position,710.9934747706402,0.01874901745728217,0.036536049092856585,3937.1397744065434,m1
0.18778043525528257,ridge,"[25,50)",full,9500,support,trial_causal_fixed_window,0.3213763881860323,cross_session_iteration_a,0.10304032919898054,/home/xinyuan/Work_host/SSM/results/cross_session_iteration_a/official_20261003,0,trial_position,1244.5466509077241,0.03281890440949309,0.06181024434827429,6660.697517426922,m1
0.5796090213674369,ridge,"[50,128)",full,29323,support,trial_causal_fixed_window,0.6747870342212552,cross_session_iteration_a,0.5990306034410902,/home/xinyuan/Work_host/SSM/results/cross_session_iteration_a/official_20261003,0,trial_position,33781.18968959974,0.890815651187774,0.8420067422274752,90734.99509257087,m1
0.04483010812199798,ridge,"[128,1000000000)",full,2268,support,trial_causal_fixed_window,0.5769245315869762,cross_session_iteration_a,0.4924823792244333,/home/xinyuan/Work_host/SSM/results/cross_session_iteration_a/official_20261003,0,trial_position,1663.3540228692077,0.04386292521527809,0.03596372004031278,3875.465358787828,m1
0.25000494159040143,zero,Q1,full,12648,support,trial_causal_fixed_window,0.7910615753304949,cross_session_iteration_a,0.7057523486451643,/home/xinyuan/Work_host/SSM/results/cross_session_iteration_a/official_20261003,1,query_quartile,7787.860218890932,0.2026738317148009,0.245835786123224,26491.366076784812,m1
0.25000494159040143,zero,Q2,full,12648,support,trial_causal_fixed_window,0.6913331849999236,cross_session_iteration_a,0.5924117431691693,/home/xinyuan/Work_host/SSM/results/cross_session_iteration_a/official_20261003,1,query_quartile,10978.622826060664,0.285711285586757,0.2501516857135609,26956.449203213568,m1
0.25000494159040143,zero,Q3,full,12648,support,trial_causal_fixed_window,0.6522007703410472,cross_session_iteration_a,0.6419530552552368,/home/xinyuan/Work_host/SSM/results/cross_session_iteration_a/official_20261003,1,query_quartile,9675.775263927544,0.2518055528005809,0.2508980605037958,27036.878859572415,m1
0.24998517522879563,zero,Q4,full,12647,support,trial_causal_fixed_window,0.6958642936157075,cross_session_iteration_a,0.6332891575408093,/home/xinyuan/Work_host/SSM/results/cross_session_iteration_a/official_20261003,1,query_quartile,9983.3250681099,0.2598093298978606,0.2531144676594194,27275.719812147963,m1
0.07511217410211303,zero,"[0,10)",full,3800,support,trial_causal_fixed_window,0.21161784162576366,cross_session_iteration_a,-0.013575329191274355,/home/xinyuan/Work_host/SSM/results/cross_session_iteration_a/official_20261003,1,trial_position,542.9620267393267,0.014130222081793464,0.0236832442910817,2552.1162085266437,m1
0.11266826115316954,zero,"[10,25)",full,5700,support,trial_causal_fixed_window,0.2986949253915022,cross_session_iteration_a,0.0015958434894113305,/home/xinyuan/Work_host/SSM/results/cross_session_iteration_a/official_20261003,1,trial_position,753.7325768107294,0.019615384089707737,0.036536049092856585,3937.1397744065434,m1
0.18778043525528257,zero,"[25,50)",full,9500,support,trial_causal_fixed_window,0.30709783114756417,cross_session_iteration_a,0.050208107349456355,/home/xinyuan/Work_host/SSM/results/cross_session_iteration_a/official_20261003,1,trial_position,1317.8522485876288,0.034296219673708765,0.06181024434827429,6660.697517426922,m1
0.5796090213674369,zero,"[50,128)",full,29323,support,trial_causal_fixed_window,0.7098832607454122,cross_session_iteration_a,0.5945537080557719,/home/xinyuan/Work_host/SSM/results/cross_session_iteration_a/official_20261003,1,trial_position,34158.362744525664,0.8889484489903985,0.8420067422274752,90734.99509257087,m1
0.04483010812199798,zero,"[128,1000000000)",full,2268,support,trial_causal_fixed_window,0.6061663042222839,cross_session_iteration_a,0.4957411029900697,/home/xinyuan/Work_host/SSM/results/cross_session_iteration_a/official_20261003,1,trial_position,1652.6737803256924,0.04300972516439104,0.03596372004031278,3875.465358787828,m1
0.25000494159040143,ridge,Q1,full,12648,support,trial_causal_fixed_window,0.755047274517626,cross_session_iteration_a,0.7088357601248689,/home/xinyuan/Work_host/SSM/results/cross_session_iteration_a/official_20261003,1,query_quartile,7706.251487298015,0.2033111599663268,0.245835786123224,26491.366076784812,m1
0.25000494159040143,ridge,Q2,full,12648,support,trial_causal_fixed_window,0.6557819504082069,cross_session_iteration_a,0.6015100703509008,/home/xinyuan/Work_host/SSM/results/cross_session_iteration_a/official_20261003,1,query_quartile,10733.554179449033,0.2831793582628516,0.2501516857135609,26956.449203213568,m1
0.25000494159040143,ridge,Q3,full,12648,support,trial_causal_fixed_window,0.6234647053210085,cross_session_iteration_a,0.6427449267389975,/home/xinyuan/Work_host/SSM/results/cross_session_iteration_a/official_20261003,1,query_quartile,9654.37591776012,0.25470780052092457,0.2508980605037958,27036.878859572415,m1
0.24998517522879563,ridge,Q4,full,12647,support,trial_causal_fixed_window,0.6586114099593994,cross_session_iteration_a,0.6396723483613287,/home/xinyuan/Work_host/SSM/results/cross_session_iteration_a/official_20261003,1,query_quartile,9809.549271065907,0.25880168124989694,0.2531144676594194,27275.719812147963,m1
0.07511217410211303,ridge,"[0,10)",full,3800,support,trial_causal_fixed_window,0.21840379672923727,cross_session_iteration_a,0.024737790117174696,/home/xinyuan/Work_host/SSM/results/cross_session_iteration_a/official_20261003,1,trial_position,522.4380772002042,0.013783289016874941,0.0236832442910817,2552.1162085266437,m1
0.11266826115316954,ridge,"[10,25)",full,5700,support,trial_causal_fixed_window,0.30687924709269504,cross_session_iteration_a,0.06224291623869305,/home/xinyuan/Work_host/SSM/results/cross_session_iteration_a/official_20261003,1,trial_position,707.9478371126239,0.018677523851416137,0.036536049092856585,3937.1397744065434,m1
0.18778043525528257,ridge,"[25,50)",full,9500,support,trial_causal_fixed_window,0.3159096192341874,cross_session_iteration_a,0.10955234830549132,/home/xinyuan/Work_host/SSM/results/cross_session_iteration_a/official_20261003,1,trial_position,1235.5111147141988,0.03259602911971761,0.06181024434827429,6660.697517426922,m1
0.5796090213674369,ridge,"[50,128)",full,29323,support,trial_causal_fixed_window,0.6740641271539622,cross_session_iteration_a,0.598977758643144,/home/xinyuan/Work_host/SSM/results/cross_session_iteration_a/official_20261003,1,trial_position,33785.64180030656,0.8913539917493103,0.8420067422274752,90734.99509257087,m1
0.04483010812199798,ridge,"[128,1000000000)",full,2268,support,trial_causal_fixed_window,0.5807561309387952,cross_session_iteration_a,0.4958880943606778,/home/xinyuan/Work_host/SSM/results/cross_session_iteration_a/official_20261003,1,trial_position,1652.1920262394904,0.04358916626268109,0.03596372004031278,3875.465358787828,m1
0.25000494159040143,zero,Q1,full,12648,support,trial_causal_fixed_window,0.7916956186906793,cross_session_iteration_a,0.7032868374790471,/home/xinyuan/Work_host/SSM/results/cross_session_iteration_a/official_20261003,2,query_quartile,7853.114966860631,0.20272441144879216,0.245835786123224,26491.366076784812,m1
0.25000494159040143,zero,Q2,full,12648,support,trial_causal_fixed_window,0.6930153347231032,cross_session_iteration_a,0.5895302906911255,/home/xinyuan/Work_host/SSM/results/cross_session_iteration_a/official_20261003,2,query_quartile,11056.236396661621,0.2854114610330165,0.2501516857135609,26956.449203213568,m1
0.25000494159040143,zero,Q3,full,12648,support,trial_causal_fixed_window,0.6536437965069015,cross_session_iteration_a,0.6401432345106899,/home/xinyuan/Work_host/SSM/results/cross_session_iteration_a/official_20261003,2,query_quartile,9724.683428203916,0.25103805723304756,0.2508980605037958,27036.878859572415,m1
0.24998517522879563,zero,Q4,full,12647,support,trial_causal_fixed_window,0.6959119661876216,cross_session_iteration_a,0.6288619823577457,/home/xinyuan/Work_host/SSM/results/cross_session_iteration_a/official_20261003,2,query_quartile,10103.850353617134,0.2608260702851436,0.2531144676594194,27275.719812147963,m1
0.07511217410211303,zero,"[0,10)",full,3800,support,trial_causal_fixed_window,0.22539883337155514,cross_session_iteration_a,-0.0318467581119688,/home/xinyuan/Work_host/SSM/results/cross_session_iteration_a/official_20261003,2,trial_position,552.7498459496852,0.014268973225455788,0.0236832442910817,2552.1162085266437,m1
0.11266826115316954,zero,"[10,25)",full,5700,support,trial_causal_fixed_window,0.31623447235201396,cross_session_iteration_a,-0.047632572858475886,/home/xinyuan/Work_host/SSM/results/cross_session_iteration_a/official_20261003,2,trial_position,790.8969464342356,0.020416626861967695,0.036536049092856585,3937.1397744065434,m1
0.18778043525528257,zero,"[25,50)",full,9500,support,trial_causal_fixed_window,0.32723674123594076,cross_session_iteration_a,-0.008299063291435038,/home/xinyuan/Work_host/SSM/results/cross_session_iteration_a/official_20261003,2,trial_position,1399.031933299854,0.036115341042773266,0.06181024434827429,6660.697517426922,m1
0.5796090213674369,zero,"[50,128)",full,29323,support,trial_causal_fixed_window,0.7146544238866696,cross_session_iteration_a,0.5928494671193281,/home/xinyuan/Work_host/SSM/results/cross_session_iteration_a/official_20261003,2,trial_position,34301.942994901045,0.8854882724289478,0.8420067422274752,90734.99509257087,m1
0.04483010812199798,zero,"[128,1000000000)",full,2268,support,trial_causal_fixed_window,0.6072119933418604,cross_session_iteration_a,0.48335651168393245,/home/xinyuan/Work_host/SSM/results/cross_session_iteration_a/official_20261003,2,trial_position,1693.2634247584795,0.04371078644085523,0.03596372004031278,3875.465358787828,m1
0.25000494159040143,ridge,Q1,full,12648,support,trial_causal_fixed_window,0.7559696229967553,cross_session_iteration_a,0.7094967939664039,/home/xinyuan/Work_host/SSM/results/cross_session_iteration_a/official_20261003,2,query_quartile,7688.755887472064,0.2037780796551661,0.245835786123224,26491.366076784812,m1
0.25000494159040143,ridge,Q2,full,12648,support,trial_causal_fixed_window,0.6576907670013146,cross_session_iteration_a,0.6037420378264879,/home/xinyuan/Work_host/SSM/results/cross_session_iteration_a/official_20261003,2,query_quartile,10673.43485887529,0.2828821841528413,0.2501516857135609,26956.449203213568,m1
0.25000494159040143,ridge,Q3,full,12648,support,trial_causal_fixed_window,0.625739106477571,cross_session_iteration_a,0.6445901283581137,/home/xinyuan/Work_host/SSM/results/cross_session_iteration_a/official_20261003,2,query_quartile,9604.511629165421,0.2545520971742714,0.2508980605037958,27036.878859572415,m1
0.24998517522879563,ridge,Q4,full,12647,support,trial_causal_fixed_window,0.6616107095723839,cross_session_iteration_a,0.6413336161648047,/home/xinyuan/Work_host/SSM/results/cross_session_iteration_a/official_20261003,2,query_quartile,9764.322965794796,0.2587876390177212,0.2531144676594194,27275.719812147963,m1
0.07511217410211303,ridge,"[0,10)",full,3800,support,trial_causal_fixed_window,0.227909746703842,cross_session_iteration_a,0.020733321208732503,/home/xinyuan/Work_host/SSM/results/cross_session_iteration_a/official_20261003,2,trial_position,524.5832305912968,0.013903232839447595,0.0236832442910817,2552.1162085266437,m1
0.11266826115316954,ridge,"[10,25)",full,5700,support,trial_causal_fixed_window,0.31929616221938184,cross_session_iteration_a,0.05386499292729274,/home/xinyuan/Work_host/SSM/results/cross_session_iteration_a/official_20261003,2,trial_position,714.2726442407255,0.01893064494748163,0.036536049092856585,3937.1397744065434,m1
0.18778043525528257,ridge,"[25,50)",full,9500,support,trial_causal_fixed_window,0.3296334897301713,cross_session_iteration_a,0.10059803333578954,/home/xinyuan/Work_host/SSM/results/cross_session_iteration_a/official_20261003,2,trial_position,1247.9353775539798,0.033074515369391565,0.06181024434827429,6660.697517426922,m1
0.5796090213674369,ridge,"[50,128)",full,29323,support,trial_causal_fixed_window,0.6762827922150104,cross_session_iteration_a,0.6013353498156331,/home/xinyuan/Work_host/SSM/results/cross_session_iteration_a/official_20261003,2,trial_position,33587.01757787995,0.8901697548385785,0.8420067422274752,90734.99509257087,m1
0.04483010812199798,ridge,"[128,1000000000)",full,2268,support,trial_causal_fixed_window,0.5827730796458728,cross_session_iteration_a,0.49435503853651896,/home/xinyuan/Work_host/SSM/results/cross_session_iteration_a/official_20261003,2,trial_position,1657.2165110416158,0.043921852005100716,0.03596372004031278,3875.465358787828,m1
0.2500177116542685,zero,Q1,none,3529,support,trial_causal_fixed_window,0.28566265972886096,cross_session_iteration_a,0.25313319553635505,/home/xinyuan/Work_host/SSM/results/cross_session_iteration_a/official_20261003,0,query_quartile,0.7467305150474852,0.2869297095534915,0.2943648227929093,0.9998349109688534,m2
0.2500177116542685,zero,Q2,none,3529,support,trial_causal_fixed_window,0.33251259620353407,cross_session_iteration_a,0.26430133371017805,/home/xinyuan/Work_host/SSM/results/cross_session_iteration_a/official_20261003,0,query_quartile,0.632058698274307,0.2428672929016062,0.2530956259225901,0.859660608254631,m2
0.2500177116542685,zero,Q3,none,3529,support,trial_causal_fixed_window,0.3849457234097951,cross_session_iteration_a,0.1931776579078106,/home/xinyuan/Work_host/SSM/results/cross_session_iteration_a/official_20261003,0,query_quartile,0.5828876933628737,0.2239734324346964,0.21270935872902333,0.7224852505446784,m2
0.2499468650371945,zero,Q4,none,3528,support,trial_causal_fixed_window,0.23142128742951856,cross_session_iteration_a,0.21307825640821065,/home/xinyuan/Work_host/SSM/results/cross_session_iteration_a/official_20261003,0,query_quartile,0.6408089641912262,0.2462295651102058,0.23983019255547727,0.8146034466558709,m2
0.16436415161176055,zero,"[0,10)",none,2320,support,trial_causal_fixed_window,0.2500948855298905,cross_session_iteration_a,0.325769185307234,/home/xinyuan/Work_host/SSM/results/cross_session_iteration_a/official_20261003,0,trial_position,0.27611281664696785,0.10609579853512878,0.12216793955578938,0.41495369524823955,m2
0.24654622741764082,zero,"[10,25)",none,3480,support,trial_causal_fixed_window,0.3048153771139573,cross_session_iteration_a,0.2248407457890761,/home/xinyuan/Work_host/SSM/results/cross_session_iteration_a/official_20261003,0,trial_position,2.150779478213445,0.8264327204549159,0.824531006353259,2.800589002131704,m2
0.41091037902940136,zero,"[25,50)",none,5800,support,trial_causal_fixed_window,0.3688113785547084,cross_session_iteration_a,0.036029321389158375,/home/xinyuan/Work_host/SSM/results/cross_session_iteration_a/official_20261003,0,trial_position,0.11635151891714213,0.04470783884716457,0.03658386286855986,0.12426017119517169,m2
0.1756996103436061,zero,"[50,128)",none,2480,support,trial_causal_fixed_window,0.09119511795057843,cross_session_iteration_a,-0.055833572147674815,/home/xinyuan/Work_host/SSM/results/cross_session_iteration_a/official_20261003,0,trial_position,0.05835839456473,0.02242409659849139,0.016525892796189084,0.056131586633851475,m2
0.002479631597591215,zero,"[128,1000000000)",none,35,support,trial_causal_fixed_window,0.0825639551437814,cross_session_iteration_a,-0.3862371948066785,/home/xinyuan/Work_host/SSM/results/cross_session_iteration_a/official_20261003,0,trial_position,0.000883662533607278,0.0003395455642992108,0.00019129842620273287,0.0006497612150669602,m2
0.2500177116542685,ridge,Q1,none,3529,support,trial_causal_fixed_window,0.29613611900697906,cross_session_iteration_a,0.24142399618992194,/home/xinyuan/Work_host/SSM/results/cross_session_iteration_a/official_20261003,0,query_quartile,0.7584375776810091,0.2977558652417142,0.2943648227929093,0.9998349109688534,m2
0.2500177116542685,ridge,Q2,none,3529,support,trial_causal_fixed_window,0.34798302398811737,cross_session_iteration_a,0.29195737626214513,/home/xinyuan/Work_host/SSM/results/cross_session_iteration_a/official_20261003,0,query_quartile,0.6082986412621485,0.23881265061809637,0.2530956259225901,0.859660608254631,m2
0.2500177116542685,ridge,Q3,none,3529,support,trial_causal_fixed_window,0.3954892176177191,cross_session_iteration_a,0.2341060562706948,/home/xinyuan/Work_host/SSM/results/cross_session_iteration_a/official_20261003,0,query_quartile,0.5533190281559645,0.2172281422118267,0.21270935872902333,0.7224852505446784,m2
0.2499468650371945,ridge,Q4,none,3528,support,trial_causal_fixed_window,0.22810800903787293,cross_session_iteration_a,0.229883500190043,/home/xinyuan/Work_host/SSM/results/cross_session_iteration_a/official_20261003,0,query_quartile,0.6271240572122124,0.24620334192836266,0.23983019255547727,0.8146034466558709,m2
0.16436415161176055,ridge,"[0,10)",none,2320,support,trial_causal_fixed_window,0.282380937445635,cross_session_iteration_a,0.33078142152861745,/home/xinyuan/Work_host/SSM/results/cross_session_iteration_a/official_20261003,0,trial_position,0.2740601921886556,0.1075936003895696,0.12216793955578938,0.41495369524823955,m2
0.24654622741764082,ridge,"[10,25)",none,3480,support,trial_causal_fixed_window,0.3167230830695527,cross_session_iteration_a,0.2430784394426384,/home/xinyuan/Work_host/SSM/results/cross_session_iteration_a/official_20261003,0,trial_position,2.1001766414067617,0.824510719701601,0.824531006353259,2.800589002131704,m2
0.41091037902940136,ridge,"[25,50)",none,5800,support,trial_causal_fixed_window,0.36315907314536655,cross_session_iteration_a,0.04227958523650355,/home/xinyuan/Work_host/SSM/results/cross_session_iteration_a/official_20261003,0,trial_position,0.11559711039787107,0.045382400132653544,0.03658386286855986,0.12426017119517169,m2
0.1756996103436061,ridge,"[50,128)",none,2480,support,trial_causal_fixed_window,0.06099438289116138,cross_session_iteration_a,-0.021427087578482773,/home/xinyuan/Work_host/SSM/results/cross_session_iteration_a/official_20261003,0,trial_position,0.056456667573808586,0.022164386887978595,0.016525892796189084,0.056131586633851475,m2
0.002479631597591215,ridge,"[128,1000000000)",none,35,support,trial_causal_fixed_window,0.0754520271850957,cross_session_iteration_a,-0.3941282898889391,/home/xinyuan/Work_host/SSM/results/cross_session_iteration_a/official_20261003,0,trial_position,0.0008886927442375004,0.0003488928881972723,0.00019129842620273287,0.0006497612150669602,m2
0.2500177116542685,zero,Q1,io,3529,support,trial_causal_fixed_window,0.5784224193949947,cross_session_iteration_a,0.27813985818706133,/home/xinyuan/Work_host/SSM/results/cross_session_iteration_a/official_20261003,0,query_quartile,0.7217284156514749,0.29307128912576114,0.2943648227929093,0.9998349109688534,m2
0.2500177116542685,zero,Q2,io,3529,support,trial_causal_fixed_window,0.7094369858535446,cross_session_iteration_a,0.3356024998819723,/home/xinyuan/Work_host/SSM/results/cross_session_iteration_a/official_20261003,0,query_quartile,0.5708019306043888,0.23178477389822527,0.2530956259225901,0.859660608254631,m2
0.2500177116542685,zero,Q3,io,3529,support,trial_causal_fixed_window,0.8053652597501052,cross_session_iteration_a,0.1846642693209919,/home/xinyuan/Work_host/SSM/results/cross_session_iteration_a/official_20261003,0,query_quartile,0.58903817925944,0.23918994291506315,0.21270935872902333,0.7224852505446784,m2
0.2499468650371945,zero,Q4,io,3528,support,trial_causal_fixed_window,0.5019819171827677,cross_session_iteration_a,0.2864394522531569,/home/xinyuan/Work_host/SSM/results/cross_session_iteration_a/official_20261003,0,query_quartile,0.5810692095027141,0.23595399406095058,0.23983019255547727,0.8146034466558709,m2
0.16436415161176055,zero,"[0,10)",io,2320,support,trial_causal_fixed_window,0.6260549092912993,cross_session_iteration_a,0.3385452615512927,/home/xinyuan/Work_host/SSM/results/cross_session_iteration_a/official_20261003,0,trial_position,0.2708807235409134,0.10999617186444662,0.12216793955578938,0.41495369524823955,m2
0.24654622741764082,zero,"[10,25)",io,3480,support,trial_causal_fixed_window,0.6537397445791411,cross_session_iteration_a,0.27556254588039886,/home/xinyuan/Work_host/SSM/results/cross_session_iteration_a/official_20261003,0,trial_position,2.0100452921196315,0.8162163941278701,0.824531006353259,2.800589002131704,m2
0.41091037902940136,zero,"[25,50)",io,5800,support,trial_causal_fixed_window,0.6787113419100251,cross_session_iteration_a,-0.03937986579270114,/home/xinyuan/Work_host/SSM/results/cross_session_iteration_a/official_20261003,0,trial_position,0.12545342799342277,0.05094270513665499,0.03658386286855986,0.12426017119517169,m2
0.1756996103436061,zero,"[50,128)",io,2480,support,trial_causal_fixed_window,0.15922574139371615,cross_session_iteration_a,-0.004415501468965299,/home/xinyuan/Work_host/SSM/results/cross_session_iteration_a/official_20261003,0,trial_position,0.05551639736405223,0.022543468970130945,0.016525892796189084,0.056131586633851475,m2
0.002479631597591215,zero,"[128,1000000000)",io,35,support,trial_causal_fixed_window,0.15091407381557487,cross_session_iteration_a,-0.16383915611161282,/home/xinyuan/Work_host/SSM/results/cross_session_iteration_a/official_20261003,0,trial_position,0.0007418939999978634,0.00030125990089745593,0.00019129842620273287,0.0006497612150669602,m2
0.2500177116542685,ridge,Q1,io,3529,support,trial_causal_fixed_window,0.5280657065442802,cross_session_iteration_a,0.29322985786259415,/home/xinyuan/Work_host/SSM/results/cross_session_iteration_a/official_20261003,0,query_quartile,0.706641169622554,0.29459090131825,0.2943648227929093,0.9998349109688534,m2
0.2500177116542685,ridge,Q2,io,3529,support,trial_causal_fixed_window,0.647985440423452,cross_session_iteration_a,0.35402959130807976,/home/xinyuan/Work_host/SSM/results/cross_session_iteration_a/official_20261003,0,query_quartile,0.5549707160685466,0.23136116388349423,0.2530956259225901,0.859660608254631,m2
0.2500177116542685,ridge,Q3,io,3529,support,trial_causal_fixed_window,0.7349059111470028,cross_session_iteration_a,0.21660235085172097,/home/xinyuan/Work_host/SSM/results/cross_session_iteration_a/official_20261003,0,query_quartile,0.5659645561051683,0.2359443744075385,0.21270935872902333,0.7224852505446784,m2
0.2499468650371945,ridge,Q4,io,3528,support,trial_causal_fixed_window,0.45771729787335397,cross_session_iteration_a,0.2986279359532633,/home/xinyuan/Work_host/SSM/results/cross_session_iteration_a/official_20261003,0,query_quartile,0.5711438393137078,0.23810356039071737,0.23983019255547727,0.8146034466558709,m2
0.16436415161176055,ridge,"[0,10)",io,2320,support,trial_causal_fixed_window,0.5678020250989345,cross_session_iteration_a,0.3496295221416953,/home/xinyuan/Work_host/SSM/results/cross_session_iteration_a/official_20261003,0,trial_position,0.26634146733165864,0.11103481695181758,0.12216793955578938,0.41495369524823955,m2
0.24654622741764082,ridge,"[10,25)",io,3480,support,trial_causal_fixed_window,0.5971413136549333,cross_session_iteration_a,0.2951836636898413,/home/xinyuan/Work_host/SSM/results/cross_session_iteration_a/official_20261003,0,trial_position,1.9556039662954103,0.8152697009717532,0.824531006353259,2.800589002131704,m2
0.41091037902940136,ridge,"[25,50)",io,5800,support,trial_causal_fixed_window,0.619022695707279,cross_session_iteration_a,0.0009658579504561171,/home/xinyuan/Work_host/SSM/results/cross_session_iteration_a/official_20261003,0,trial_position,0.12058368833900446,0.05027000825757221,0.03658386286855986,0.12426017119517169,m2
0.1756996103436061,ridge,"[50,128)",io,2480,support,trial_causal_fixed_window,0.1454881017017481,cross_session_iteration_a,-0.0035878942506564204,/home/xinyuan/Work_host/SSM/results/cross_session_iteration_a/official_20261003,0,trial_position,0.05547065357462863,0.023125103002406062,0.016525892796189084,0.056131586633851475,m2
0.002479631597591215,ridge,"[128,1000000000)",io,35,support,trial_causal_fixed_window,0.13615521624230695,cross_session_iteration_a,-0.13028625884699263,/home/xinyuan/Work_host/SSM/results/cross_session_iteration_a/official_20261003,0,trial_position,0.000720505569274899,0.00030037081645113467,0.00019129842620273287,0.0006497612150669602,m2
0.2500177116542685,zero,Q1,io,3529,support,trial_causal_fixed_window,0.581677594164953,cross_session_iteration_a,0.27483169059958046,/home/xinyuan/Work_host/SSM/results/cross_session_iteration_a/official_20261003,1,query_quartile,0.7250359795593889,0.2922142612538249,0.2943648227929093,0.9998349109688534,m2
0.2500177116542685,zero,Q2,io,3529,support,trial_causal_fixed_window,0.7116312501315827,cross_session_iteration_a,0.32866835522035254,/home/xinyuan/Work_host/SSM/results/cross_session_iteration_a/official_20261003,1,query_quartile,0.5767592425437618,0.23245367227659877,0.2530956259225901,0.859660608254631,m2
0.2500177116542685,zero,Q3,io,3529,support,trial_causal_fixed_window,0.807501740078325,cross_session_iteration_a,0.17326362526221983,/home/xinyuan/Work_host/SSM/results/cross_session_iteration_a/official_20261003,1,query_quartile,0.597274558907823,0.2407220454121717,0.21270935872902333,0.7224852505446784,m2
0.2499468650371945,zero,Q4,io,3528,support,trial_causal_fixed_window,0.5024154884076788,cross_session_iteration_a,0.285161924502771,/home/xinyuan/Work_host/SSM/results/cross_session_iteration_a/official_20261003,1,query_quartile,0.5821095305271577,0.23461002105740464,0.23983019255547727,0.8146034466558709,m2
0.16436415161176055,zero,"[0,10)",io,2320,support,trial_causal_fixed_window,0.6329845096487495,cross_session_iteration_a,0.3410915212503435,/home/xinyuan/Work_host/SSM/results/cross_session_iteration_a/official_20261003,1,trial_position,0.26983797242052754,0.10875391841521108,0.12216793955578938,0.41495369524823955,m2
0.24654622741764082,zero,"[10,25)",io,3480,support,trial_causal_fixed_window,0.6541208427743801,cross_session_iteration_a,0.26855825103463726,/home/xinyuan/Work_host/SSM/results/cross_session_iteration_a/official_20261003,1,trial_position,2.0294796129147246,0.817949594967649,0.824531006353259,2.800589002131704,m2
0.41091037902940136,zero,"[25,50)",io,5800,support,trial_causal_fixed_window,0.6765140950881965,cross_session_iteration_a,-0.04005083328699799,/home/xinyuan/Work_host/SSM/results/cross_session_iteration_a/official_20261003,1,trial_position,0.1255344139495703,0.050594656083823734,0.03658386286855986,0.12426017119517169,m2
0.1756996103436061,zero,"[50,128)",io,2480,support,trial_causal_fixed_window,0.16311444522531826,cross_session_iteration_a,-0.005743639145799229,/home/xinyuan/Work_host/SSM/results/cross_session_iteration_a/official_20261003,1,trial_position,0.05558980664428878,0.022404590585525873,0.016525892796189084,0.056131586633851475,m2
0.002479631597591215,zero,"[128,1000000000)",io,35,support,trial_causal_fixed_window,0.15574800184880727,cross_session_iteration_a,-0.1569549095050693,/home/xinyuan/Work_host/SSM/results/cross_session_iteration_a/official_20261003,1,trial_position,0.0007375056090203986,0.0002972399477904741,0.00019129842620273287,0.0006497612150669602,m2
0.2500177116542685,ridge,Q1,io,3529,support,trial_causal_fixed_window,0.5318785412469503,cross_session_iteration_a,0.28943973480821306,/home/xinyuan/Work_host/SSM/results/cross_session_iteration_a/official_20261003,1,query_quartile,0.7104306010493849,0.2939302527078041,0.2943648227929093,0.9998349109688534,m2
0.2500177116542685,ridge,Q2,io,3529,support,trial_causal_fixed_window,0.6510585766240587,cross_session_iteration_a,0.34692372760289547,/home/xinyuan/Work_host/SSM/results/cross_session_iteration_a/official_20261003,1,query_quartile,0.561075556500382,0.23213679121750702,0.2530956259225901,0.859660608254631,m2
0.2500177116542685,ridge,Q3,io,3529,support,trial_causal_fixed_window,0.7375495518393341,cross_session_iteration_a,0.20622582302536874,/home/xinyuan/Work_host/SSM/results/cross_session_iteration_a/official_20261003,1,query_quartile,0.5734610643874427,0.23726111364644079,0.21270935872902333,0.7224852505446784,m2
0.2499468650371945,ridge,Q4,io,3528,support,trial_causal_fixed_window,0.4575558635634755,cross_session_iteration_a,0.29753137661314766,/home/xinyuan/Work_host/SSM/results/cross_session_iteration_a/official_20261003,1,query_quartile,0.5720367934868972,0.23667184242824812,0.23983019255547727,0.8146034466558709,m2
0.16436415161176055,ridge,"[0,10)",io,2320,support,trial_causal_fixed_window,0.5767518214972085,cross_session_iteration_a,0.3521920535588974,/home/xinyuan/Work_host/SSM/results/cross_session_iteration_a/official_20261003,1,trial_position,0.265292052573491,0.10976069997423679,0.12216793955578938,0.41495369524823955,m2
0.24654622741764082,ridge,"[10,25)",io,3480,support,trial_causal_fixed_window,0.5978414498433143,cross_session_iteration_a,0.2881353292092239,/home/xinyuan/Work_host/SSM/results/cross_session_iteration_a/official_20261003,1,trial_position,1.9751604807460152,0.8171937109502228,0.824531006353259,2.800589002131704,m2
0.41091037902940136,ridge,"[25,50)",io,5800,support,trial_causal_fixed_window,0.6160666826068,cross_session_iteration_a,0.002574959852690406,/home/xinyuan/Work_host/SSM/results/cross_session_iteration_a/official_20261003,1,trial_position,0.12038946930872521,0.049809379107548034,0.03658386286855986,0.12426017119517169,m2
0.1756996103436061,ridge,"[50,128)",io,2480,support,trial_causal_fixed_window,0.14793674484182345,cross_session_iteration_a,-0.0030475217079668493,/home/xinyuan/Work_host/SSM/results/cross_session_iteration_a/official_20261003,1,trial_position,0.05544078591850354,0.02293781291413182,0.016525892796189084,0.056131586633851475,m2
0.002479631597591215,ridge,"[128,1000000000)",io,35,support,trial_causal_fixed_window,0.13942429394874287,cross_session_iteration_a,-0.1314178040633771,/home/xinyuan/Work_host/SSM/results/cross_session_iteration_a/official_20261003,1,trial_position,0.0007212268773717727,0.00029839705386059133,0.00019129842620273287,0.0006497612150669602,m2
0.2500177116542685,zero,Q1,io,3529,support,trial_causal_fixed_window,0.5750355136061959,cross_session_iteration_a,0.2756956319192705,/home/xinyuan/Work_host/SSM/results/cross_session_iteration_a/official_20261003,2,query_quartile,0.7241721958930547,0.29286075829664004,0.2943648227929093,0.9998349109688534,m2
0.2500177116542685,zero,Q2,io,3529,support,trial_causal_fixed_window,0.7059556586799103,cross_session_iteration_a,0.33151528242893225,/home/xinyuan/Work_host/SSM/results/cross_session_iteration_a/official_20261003,2,query_quartile,0.5743133700853934,0.23225670637035334,0.2530956259225901,0.859660608254631,m2
0.2500177116542685,zero,Q3,io,3529,support,trial_causal_fixed_window,0.7995296637907666,cross_session_iteration_a,0.18076455584084783,/home/xinyuan/Work_host/SSM/results/cross_session_iteration_a/official_20261003,2,query_quartile,0.5918555219092765,0.2393508863380911,0.21270935872902333,0.7224852505446784,m2
0.2499468650371945,zero,Q4,io,3528,support,trial_causal_fixed_window,0.49785485712058625,cross_session_iteration_a,0.28479111076598596,/home/xinyuan/Work_host/SSM/results/cross_session_iteration_a/official_20261003,2,query_quartile,0.5824114929122515,0.23553164899491555,0.23983019255547727,0.8146034466558709,m2
0.16436415161176055,zero,"[0,10)",io,2320,support,trial_causal_fixed_window,0.6272762580644488,cross_session_iteration_a,0.3385295380006127,/home/xinyuan/Work_host/SSM/results/cross_session_iteration_a/official_20261003,2,trial_position,0.270887162691678,0.10954883428088126,0.12216793955578938,0.41495369524823955,m2
0.24654622741764082,zero,"[10,25)",io,3480,support,trial_causal_fixed_window,0.6485161811737371,cross_session_iteration_a,0.2720772511784437,/home/xinyuan/Work_host/SSM/results/cross_session_iteration_a/official_20261003,2,trial_position,2.019715692466102,0.8167884276609231,0.824531006353259,2.800589002131704,m2
0.41091037902940136,zero,"[25,50)",io,5800,support,trial_causal_fixed_window,0.6743619814492037,cross_session_iteration_a,-0.0439173146770393,/home/xinyuan/Work_host/SSM/results/cross_session_iteration_a/official_20261003,2,trial_position,0.1260010992882203,0.05095580539135738,0.03658386286855986,0.12426017119517169,m2
0.1756996103436061,zero,"[50,128)",io,2480,support,trial_causal_fixed_window,0.15900513812563738,cross_session_iteration_a,-0.002202421854787362,/home/xinyuan/Work_host/SSM/results/cross_session_iteration_a/official_20261003,2,trial_position,0.05539407527017842,0.022401786454614693,0.016525892796189084,0.056131586633851475,m2
0.002479631597591215,zero,"[128,1000000000)",io,35,support,trial_causal_fixed_window,0.1480300606649663,cross_session_iteration_a,-0.18369483593662395,/home/xinyuan/Work_host/SSM/results/cross_session_iteration_a/official_20261003,2,trial_position,0.0007545510837973723,0.00030514621222365186,0.00019129842620273287,0.0006497612150669602,m2
0.2500177116542685,ridge,Q1,io,3529,support,trial_causal_fixed_window,0.5295886726679956,cross_session_iteration_a,0.2913264741022096,/home/xinyuan/Work_host/SSM/results/cross_session_iteration_a/official_20261003,2,query_quartile,0.7085442060505095,0.2944407394389958,0.2943648227929093,0.9998349109688534,m2
0.2500177116542685,ridge,Q2,io,3529,support,trial_causal_fixed_window,0.650345326414903,cross_session_iteration_a,0.3515321869885142,/home/xinyuan/Work_host/SSM/results/cross_session_iteration_a/official_20261003,2,query_quartile,0.5571163039234897,0.2315137645329344,0.2530956259225901,0.859660608254631,m2
0.2500177116542685,ridge,Q3,io,3529,support,trial_causal_fixed_window,0.7363235629690571,cross_session_iteration_a,0.21245185359644325,/home/xinyuan/Work_host/SSM/results/cross_session_iteration_a/official_20261003,2,query_quartile,0.5689630771490505,0.23643677800014434,0.21270935872902333,0.7224852505446784,m2
0.2499468650371945,ridge,Q4,io,3528,support,trial_causal_fixed_window,0.4584421740228019,cross_session_iteration_a,0.2978427415856979,/home/xinyuan/Work_host/SSM/results/cross_session_iteration_a/official_20261003,2,query_quartile,0.5717832416347973,0.23760871802792533,0.23983019255547727,0.8146034466558709,m2
0.16436415161176055,ridge,"[0,10)",io,2320,support,trial_causal_fixed_window,0.5757622638639813,cross_session_iteration_a,0.34657275296838774,/home/xinyuan/Work_host/SSM/results/cross_session_iteration_a/official_20261003,2,trial_position,0.26759328366501056,0.11120035085802112,0.12216793955578938,0.41495369524823955,m2
0.24654622741764082,ridge,"[10,25)",io,3480,support,trial_causal_fixed_window,0.5975165160732174,cross_session_iteration_a,0.29294900950427527,/home/xinyuan/Work_host/SSM/results/cross_session_iteration_a/official_20261003,2,trial_position,1.9618043029837875,0.8152421608595761,0.824531006353259,2.800589002131704,m2
0.41091037902940136,ridge,"[25,50)",io,5800,support,trial_causal_fixed_window,0.6211078566951636,cross_session_iteration_a,-0.002678089683963325,/home/xinyuan/Work_host/SSM/results/cross_session_iteration_a/official_20261003,2,trial_position,0.12102351379378926,0.05029220842772453,0.03658386286855986,0.12426017119517169,m2
0.1756996103436061,ridge,"[50,128)",io,2480,support,trial_causal_fixed_window,0.1467406304434397,cross_session_iteration_a,0.00014604494959435943,/home/xinyuan/Work_host/SSM/results/cross_session_iteration_a/official_20261003,2,trial_position,0.05526427000919065,0.022965472566298058,0.016525892796189084,0.056131586633851475,m2
0.002479631597591215,ridge,"[128,1000000000)",io,35,support,trial_causal_fixed_window,0.13564742561105755,cross_session_iteration_a,-0.13178085563096986,/home/xinyuan/Work_host/SSM/results/cross_session_iteration_a/official_20261003,2,trial_position,0.0007214583060690051,0.00029980728837999997,0.00019129842620273287,0.0006497612150669602,m2
0.2500177116542685,zero,Q1,lora,3529,support,trial_causal_fixed_window,0.35524430431793474,cross_session_iteration_a,0.3396904761051388,/home/xinyuan/Work_host/SSM/results/cross_session_iteration_a/official_20261003,0,query_quartile,0.6601890295858914,0.2915688103768929,0.2943648227929093,0.9998349109688534,m2
0.2500177116542685,zero,Q2,lora,3529,support,trial_causal_fixed_window,0.4810774369785803,cross_session_iteration_a,0.3965404857820032,/home/xinyuan/Work_host/SSM/results/cross_session_iteration_a/official_20261003,0,query_quartile,0.5184484524641166,0.2289698734035644,0.2530956259225901,0.859660608254631,m2
0.2500177116542685,zero,Q3,lora,3529,support,trial_causal_fixed_window,0.5213818326913959,cross_session_iteration_a,0.23144163650008798,/home/xinyuan/Work_host/SSM/results/cross_session_iteration_a/official_20261003,0,query_quartile,0.5552439345612732,0.2452203932721567,0.21270935872902333,0.7224852505446784,m2
0.2499468650371945,zero,Q4,lora,3528,support,trial_causal_fixed_window,0.3292300372985994,cross_session_iteration_a,0.3486821566388433,/home/xinyuan/Work_host/SSM/results/cross_session_iteration_a/official_20261003,0,query_quartile,0.5303835050465124,0.2342409229473861,0.23983019255547727,0.8146034466558709,m2
0.16436415161176055,zero,"[0,10)",lora,2320,support,trial_causal_fixed_window,0.4047732742843935,cross_session_iteration_a,0.3741568383020347,/home/xinyuan/Work_host/SSM/results/cross_session_iteration_a/official_20261003,0,trial_position,0.2562969748489055,0.11319213242117285,0.12216793955578938,0.41495369524823955,m2
0.24654622741764082,zero,"[10,25)",lora,3480,support,trial_causal_fixed_window,0.4252973718164584,cross_session_iteration_a,0.33335895734487253,/home/xinyuan/Work_host/SSM/results/cross_session_iteration_a/official_20261003,0,trial_position,1.8496816829426896,0.8169016201463014,0.824531006353259,2.800589002131704,m2
0.41091037902940136,zero,"[25,50)",lora,5800,support,trial_causal_fixed_window,0.4090793227929478,cross_session_iteration_a,0.16124023893504769,/home/xinyuan/Work_host/SSM/results/cross_session_iteration_a/official_20261003,0,trial_position,0.10123852765638344,0.04471143225690266,0.03658386286855986,0.12426017119517169,m2
0.1756996103436061,zero,"[50,128)",lora,2480,support,trial_causal_fixed_window,0.07000265235603342,cross_session_iteration_a,-0.026566049119685298,/home/xinyuan/Work_host/SSM/results/cross_session_iteration_a/official_20261003,0,trial_position,0.05674071001495244,0.02505921876553625,0.016525892796189084,0.056131586633851475,m2
0.002479631597591215,zero,"[128,1000000000)",lora,35,support,trial_causal_fixed_window,0.2687564818527093,cross_session_iteration_a,0.5183555770306452,/home/xinyuan/Work_host/SSM/results/cross_session_iteration_a/official_20261003,0,trial_position,0.00030702619486290024,0.00013559641008708,0.00019129842620273287,0.0006497612150669602,m2
0.2500177116542685,ridge,Q1,lora,3529,support,trial_causal_fixed_window,0.33497016018771836,cross_session_iteration_a,0.3422019743355451,/home/xinyuan/Work_host/SSM/results/cross_session_iteration_a/official_20261003,0,query_quartile,0.6576779896575886,0.2926709844941982,0.2943648227929093,0.9998349109688534,m2
0.2500177116542685,ridge,Q2,lora,3529,support,trial_causal_fixed_window,0.45419962525428004,cross_session_iteration_a,0.40265123234275446,/home/xinyuan/Work_host/SSM/results/cross_session_iteration_a/official_20261003,0,query_quartile,0.5131985441882858,0.22837669122357837,0.2530956259225901,0.859660608254631,m2
0.2500177116542685,ridge,Q3,lora,3529,support,trial_causal_fixed_window,0.4925945749388036,cross_session_iteration_a,0.24279462696053578,/home/xinyuan/Work_host/SSM/results/cross_session_iteration_a/official_20261003,0,query_quartile,0.5470419821895762,0.24343724133209413,0.21270935872902333,0.7224852505446784,m2
0.2499468650371945,ridge,Q4,lora,3528,support,trial_causal_fixed_window,0.31104216897677034,cross_session_iteration_a,0.35008683856505196,/home/xinyuan/Work_host/SSM/results/cross_session_iteration_a/official_20261003,0,query_quartile,0.5292396393731058,0.23551508295012935,0.23983019255547727,0.8146034466558709,m2
0.16436415161176055,ridge,"[0,10)",lora,2320,support,trial_causal_fixed_window,0.3782865372733168,cross_session_iteration_a,0.3732542005128823,/home/xinyuan/Work_host/SSM/results/cross_session_iteration_a/official_20261003,0,trial_position,0.25666662550405756,0.11421831831742743,0.12216793955578938,0.41495369524823955,m2
0.24654622741764082,ridge,"[10,25)",lora,3480,support,trial_causal_fixed_window,0.4021335351712344,cross_session_iteration_a,0.3393503646544992,/home/xinyuan/Work_host/SSM/results/cross_session_iteration_a/official_20261003,0,trial_position,1.833057749451396,0.8157226250584607,0.824531006353259,2.800589002131704,m2
0.41091037902940136,ridge,"[25,50)",lora,5800,support,trial_causal_fixed_window,0.3858030052758689,cross_session_iteration_a,0.17051503384922018,/home/xinyuan/Work_host/SSM/results/cross_session_iteration_a/official_20261003,0,trial_position,0.10011905742782413,0.04455363196704838,0.03658386286855986,0.12426017119517169,m2
0.1756996103436061,ridge,"[50,128)",lora,2480,support,trial_causal_fixed_window,0.06520845572267181,cross_session_iteration_a,-0.031242179912895462,/home/xinyuan/Work_host/SSM/results/cross_session_iteration_a/official_20261003,0,trial_position,0.05699917071658685,0.02536500182659543,0.016525892796189084,0.056131586633851475,m2
0.002479631597591215,ridge,"[128,1000000000)",lora,35,support,trial_causal_fixed_window,0.24590992233609335,cross_session_iteration_a,0.5049803170555685,/home/xinyuan/Work_host/SSM/results/cross_session_iteration_a/official_20261003,0,trial_position,0.00031555230869212886,0.00014042283046818225,0.00019129842620273287,0.0006497612150669602,m2
0.2500177116542685,zero,Q1,lora,3529,support,trial_causal_fixed_window,0.39756757951070676,cross_session_iteration_a,0.33013908701947126,/home/xinyuan/Work_host/SSM/results/cross_session_iteration_a/official_20261003,1,query_quartile,0.6697386757192223,0.2801512985009876,0.2943648227929093,0.9998349109688534,m2
0.2500177116542685,zero,Q2,lora,3529,support,trial_causal_fixed_window,0.5155420788529902,cross_session_iteration_a,0.3127330221872987,/home/xinyuan/Work_host/SSM/results/cross_session_iteration_a/official_20261003,1,query_quartile,0.590449719793413,0.24698477435550809,0.2530956259225901,0.859660608254631,m2
0.2500177116542685,zero,Q3,lora,3529,support,trial_causal_fixed_window,0.5889435974785022,cross_session_iteration_a,0.24889969640994725,/home/xinyuan/Work_host/SSM/results/cross_session_iteration_a/official_20261003,1,query_quartile,0.5426313831474627,0.22698239194996137,0.21270935872902333,0.7224852505446784,m2
0.2499468650371945,zero,Q4,lora,3528,support,trial_causal_fixed_window,0.34023919523970225,cross_session_iteration_a,0.27815887288453156,/home/xinyuan/Work_host/SSM/results/cross_session_iteration_a/official_20261003,1,query_quartile,0.5878122808834748,0.2458815351935428,0.23983019255547727,0.8146034466558709,m2
0.16436415161176055,zero,"[0,10)",lora,2320,support,trial_causal_fixed_window,0.4554223139439053,cross_session_iteration_a,0.3397930020341945,/home/xinyuan/Work_host/SSM/results/cross_session_iteration_a/official_20261003,1,trial_position,0.27036974550242754,0.11309550728356221,0.12216793955578938,0.41495369524823955,m2
0.24654622741764082,zero,"[10,25)",lora,3480,support,trial_causal_fixed_window,0.46315183096447454,cross_session_iteration_a,0.293947945358103,/home/xinyuan/Work_host/SSM/results/cross_session_iteration_a/official_20261003,1,trial_position,1.9590326264246896,0.8194622081654481,0.824531006353259,2.800589002131704,m2
0.41091037902940136,zero,"[25,50)",lora,5800,support,trial_causal_fixed_window,0.3785047115707311,cross_session_iteration_a,0.14491734827035674,/home/xinyuan/Work_host/SSM/results/cross_session_iteration_a/official_20261003,1,trial_position,0.10320870492846823,0.04317214124041035,0.03658386286855986,0.12426017119517169,m2
0.1756996103436061,zero,"[50,128)",lora,2480,support,trial_causal_fixed_window,0.09370641525870513,cross_session_iteration_a,-0.03935933976151773,/home/xinyuan/Work_host/SSM/results/cross_session_iteration_a/official_20261003,1,trial_position,0.05744782515388355,0.02403039184743957,0.016525892796189084,0.056131586633851475,m2
0.002479631597591215,zero,"[128,1000000000)",lora,35,support,trial_causal_fixed_window,0.049886308074499605,cross_session_iteration_a,0.10086456985458958,/home/xinyuan/Work_host/SSM/results/cross_session_iteration_a/official_20261003,1,trial_position,0.0005731575341037987,0.00023975146313951284,0.00019129842620273287,0.0006497612150669602,m2
0.2500177116542685,ridge,Q1,lora,3529,support,trial_causal_fixed_window,0.38542122520865935,cross_session_iteration_a,0.3321233447370644,/home/xinyuan/Work_host/SSM/results/cross_session_iteration_a/official_20261003,1,query_quartile,0.6677547800920638,0.28178657138321966,0.2943648227929093,0.9998349109688534,m2
0.2500177116542685,ridge,Q2,lora,3529,support,trial_causal_fixed_window,0.5009438943846216,cross_session_iteration_a,0.3212509144637937,/home/xinyuan/Work_host/SSM/results/cross_session_iteration_a/official_20261003,1,query_quartile,0.5831317672796846,0.24607641347580492,0.2530956259225901,0.859660608254631,m2
0.2500177116542685,ridge,Q3,lora,3529,support,trial_causal_fixed_window,0.5714105012050075,cross_session_iteration_a,0.26024005416556895,/home/xinyuan/Work_host/SSM/results/cross_session_iteration_a/official_20261003,1,query_quartile,0.534438557256024,0.22552831241942817,0.21270935872902333,0.7224852505446784,m2
0.2499468650371945,ridge,Q4,lora,3528,support,trial_causal_fixed_window,0.32582908584563663,cross_session_iteration_a,0.28235761890437217,/home/xinyuan/Work_host/SSM/results/cross_session_iteration_a/official_20261003,1,query_quartile,0.5843931428182394,0.2466087027215472,0.23983019255547727,0.8146034466558709,m2
0.16436415161176055,ridge,"[0,10)",lora,2320,support,trial_causal_fixed_window,0.44028943212672444,cross_session_iteration_a,0.34175881880691894,/home/xinyuan/Work_host/SSM/results/cross_session_iteration_a/official_20261003,1,trial_position,0.2695646989303925,0.11375390269324996,0.12216793955578938,0.41495369524823955,m2
0.24654622741764082,ridge,"[10,25)",lora,3480,support,trial_causal_fixed_window,0.4487408343857828,cross_session_iteration_a,0.30072049180113214,/home/xinyuan/Work_host/SSM/results/cross_session_iteration_a/official_20261003,1,trial_position,1.940241321507944,0.8187645613984105,0.824531006353259,2.800589002131704,m2
0.41091037902940136,ridge,"[25,50)",lora,5800,support,trial_causal_fixed_window,0.3598711952938131,cross_session_iteration_a,0.16192817411615612,/home/xinyuan/Work_host/SSM/results/cross_session_iteration_a/official_20261003,1,trial_position,0.10115549369589633,0.04268671763190316,0.03658386286855986,0.12426017119517169,m2
0.1756996103436061,ridge,"[50,128)",lora,2480,support,trial_causal_fixed_window,0.0874847526188139,cross_session_iteration_a,-0.05286046875477246,/home/xinyuan/Work_host/SSM/results/cross_session_iteration_a/official_20261003,1,trial_position,0.05819406417643612,0.02455737691143467,0.016525892796189084,0.056131586633851475,m2
0.002479631597591215,ridge,"[128,1000000000)",lora,35,support,trial_causal_fixed_window,0.04758380708754057,cross_session_iteration_a,0.1173181456522907,/home/xinyuan/Work_host/SSM/results/cross_session_iteration_a/official_20261003,1,trial_position,0.0005626691353429187,0.0002374413650016584,0.00019129842620273287,0.0006497612150669602,m2
0.2500177116542685,zero,Q1,lora,3529,support,trial_causal_fixed_window,0.3402083488691327,cross_session_iteration_a,0.34284673010535893,/home/xinyuan/Work_host/SSM/results/cross_session_iteration_a/official_20261003,2,query_quartile,0.6570333515438105,0.28772262831955425,0.2943648227929093,0.9998349109688534,m2
0.2500177116542685,zero,Q2,lora,3529,support,trial_causal_fixed_window,0.46448890492649003,cross_session_iteration_a,0.3478525060879407,/home/xinyuan/Work_host/SSM/results/cross_session_iteration_a/official_20261003,2,query_quartile,0.5602776176877382,0.24535215506329652,0.2530956259225901,0.859660608254631,m2
0.2500177116542685,zero,Q3,lora,3529,support,trial_causal_fixed_window,0.4822795573525149,cross_session_iteration_a,0.2299472203665669,/home/xinyuan/Work_host/SSM/results/cross_session_iteration_a/official_20261003,2,query_quartile,0.5563235734452604,0.24362063260821204,0.21270935872902333,0.7224852505446784,m2
0.2499468650371945,zero,Q4,lora,3528,support,trial_causal_fixed_window,0.3108549762370367,cross_session_iteration_a,0.3737986466197135,/home/xinyuan/Work_host/SSM/results/cross_session_iteration_a/official_20261003,2,query_quartile,0.5099305539623321,0.22330458400893732,0.23983019255547727,0.8146034466558709,m2
0.16436415161176055,zero,"[0,10)",lora,2320,support,trial_causal_fixed_window,0.39801441303583407,cross_session_iteration_a,0.3456392233073716,/home/xinyuan/Work_host/SSM/results/cross_session_iteration_a/official_20261003,2,trial_position,0.2679755852426151,0.11734965893331037,0.12216793955578938,0.41495369524823955,m2
0.24654622741764082,zero,"[10,25)",lora,3480,support,trial_causal_fixed_window,0.4031432143265229,cross_session_iteration_a,0.33311882770128565,/home/xinyuan/Work_host/SSM/results/cross_session_iteration_a/official_20261003,2,trial_position,1.8503479536563936,0.8102891204545302,0.824531006353259,2.800589002131704,m2
0.41091037902940136,zero,"[25,50)",lora,5800,support,trial_causal_fixed_window,0.4026159025463021,cross_session_iteration_a,0.0966140184551344,/home/xinyuan/Work_host/SSM/results/cross_session_iteration_a/official_20261003,2,trial_position,0.10903892976565509,0.047749429138733195,0.03658386286855986,0.12426017119517169,m2
0.1756996103436061,zero,"[50,128)",lora,2480,support,trial_causal_fixed_window,0.08227081298972935,cross_session_iteration_a,-0.005499734170316017,/home/xinyuan/Work_host/SSM/results/cross_session_iteration_a/official_20261003,2,trial_position,0.05557632544500603,0.024337526233344967,0.016525892796189084,0.056131586633851475,m2
0.002479631597591215,zero,"[128,1000000000)",lora,35,support,trial_causal_fixed_window,0.07522327413605373,cross_session_iteration_a,0.01749386385034979,/home/xinyuan/Work_host/SSM/results/cross_session_iteration_a/official_20261003,2,trial_position,0.0006263025294713542,0.00027426524008145026,0.00019129842620273287,0.0006497612150669602,m2
0.2500177116542685,ridge,Q1,lora,3529,support,trial_causal_fixed_window,0.32435799445327956,cross_session_iteration_a,0.3428977791173573,/home/xinyuan/Work_host/SSM/results/cross_session_iteration_a/official_20261003,2,query_quartile,0.6569823118473153,0.2889867936827672,0.2943648227929093,0.9998349109688534,m2
0.2500177116542685,ridge,Q2,lora,3529,support,trial_causal_fixed_window,0.44484885485096143,cross_session_iteration_a,0.3516849269574941,/home/xinyuan/Work_host/SSM/results/cross_session_iteration_a/official_20261003,2,query_quartile,0.5569850808692809,0.24500101410181985,0.2530956259225901,0.859660608254631,m2
0.2500177116542685,ridge,Q3,lora,3529,support,trial_causal_fixed_window,0.4602646427497472,cross_session_iteration_a,0.23965947591829018,/home/xinyuan/Work_host/SSM/results/cross_session_iteration_a/official_20261003,2,query_quartile,0.5493069677558162,0.2416236426715987,0.21270935872902333,0.7224852505446784,m2
0.2499468650371945,ridge,Q4,lora,3528,support,trial_causal_fixed_window,0.2936630559803803,cross_session_iteration_a,0.3735602047142561,/home/xinyuan/Work_host/SSM/results/cross_session_iteration_a/official_20261003,2,query_quartile,0.5101247228383357,0.22438854954381424,0.23983019255547727,0.8146034466558709,m2
0.16436415161176055,ridge,"[0,10)",lora,2320,support,trial_causal_fixed_window,0.3744701450056412,cross_session_iteration_a,0.3451720963140291,/home/xinyuan/Work_host/SSM/results/cross_session_iteration_a/official_20261003,2,trial_position,0.26816688434531544,0.11795856095568771,0.12216793955578938,0.41495369524823955,m2
0.24654622741764082,ridge,"[10,25)",lora,3480,support,trial_causal_fixed_window,0.3852581215811503,cross_session_iteration_a,0.3366087528626692,/home/xinyuan/Work_host/SSM/results/cross_session_iteration_a/official_20261003,2,trial_position,1.840664705502122,0.80965313965974,0.824531006353259,2.800589002131704,m2
0.41091037902940136,ridge,"[25,50)",lora,5800,support,trial_causal_fixed_window,0.37954027269724966,cross_session_iteration_a,0.10446282282070363,/home/xinyuan/Work_host/SSM/results/cross_session_iteration_a/official_20261003,2,trial_position,0.10809157697798161,0.04754623936091678,0.03658386286855986,0.12426017119517169,m2
0.1756996103436061,ridge,"[50,128)",lora,2480,support,trial_causal_fixed_window,0.07527692922862829,cross_session_iteration_a,-0.01066332113644708,/home/xinyuan/Work_host/SSM/results/cross_session_iteration_a/official_20261003,2,trial_position,0.05586172899106473,0.02457189738535188,0.016525892796189084,0.056131586633851475,m2
0.002479631597591215,ridge,"[128,1000000000)",lora,35,support,trial_causal_fixed_window,0.06820906913204405,cross_session_iteration_a,0.036499210101579305,/home/xinyuan/Work_host/SSM/results/cross_session_iteration_a/official_20261003,2,trial_position,0.0006141874942642753,0.00027016263830362546,0.00019129842620273287,0.0006497612150669602,m2
0.2500177116542685,zero,Q1,affine,3529,support,trial_causal_fixed_window,0.2813596856102741,cross_session_iteration_a,0.2926885200864058,/home/xinyuan/Work_host/SSM/results/cross_session_iteration_a/official_20261003,0,query_quartile,0.707182408614583,0.2978079305509063,0.2943648227929093,0.9998349109688534,m2
0.2500177116542685,zero,Q2,affine,3529,support,trial_causal_fixed_window,0.34795670102638604,cross_session_iteration_a,0.35348073276643666,/home/xinyuan/Work_host/SSM/results/cross_session_iteration_a/official_20261003,0,query_quartile,0.5554422553430667,0.23390727284676932,0.2530956259225901,0.859660608254631,m2
0.2500177116542685,zero,Q3,affine,3529,support,trial_causal_fixed_window,0.36506797712900646,cross_session_iteration_a,0.27452971740311116,/home/xinyuan/Work_host/SSM/results/cross_session_iteration_a/official_20261003,0,query_quartile,0.5241150096682559,0.22071477528089753,0.21270935872902333,0.7224852505446784,m2
0.2499468650371945,zero,Q4,affine,3528,support,trial_causal_fixed_window,0.23692784113506068,cross_session_iteration_a,0.27806813488566895,/home/xinyuan/Work_host/SSM/results/cross_session_iteration_a/official_20261003,0,query_quartile,0.5878861709793293,0.2475700213214269,0.23983019255547727,0.8146034466558709,m2
0.16436415161176055,zero,"[0,10)",affine,2320,support,trial_causal_fixed_window,0.22652887515138778,cross_session_iteration_a,0.2986430548790301,/home/xinyuan/Work_host/SSM/results/cross_session_iteration_a/official_20261003,0,trial_position,0.2872215825384784,0.12095445823223028,0.12216793955578938,0.41495369524823955,m2
0.24654622741764082,zero,"[10,25)",affine,3480,support,trial_causal_fixed_window,0.31074442855720974,cross_session_iteration_a,0.31079034997722677,/home/xinyuan/Work_host/SSM/results/cross_session_iteration_a/official_20261003,0,trial_position,1.912301199273693,0.8053063195695151,0.824531006353259,2.800589002131704,m2
0.41091037902940136,zero,"[25,50)",affine,5800,support,trial_causal_fixed_window,0.47096304206842304,cross_session_iteration_a,0.03502493845126187,/home/xinyuan/Work_host/SSM/results/cross_session_iteration_a/official_20261003,0,trial_position,0.11647274820657147,0.049048884257357296,0.03658386286855986,0.12426017119517169,m2
0.1756996103436061,zero,"[50,128)",affine,2480,support,trial_causal_fixed_window,0.09166101941766414,cross_session_iteration_a,-0.04709209387058477,/home/xinyuan/Work_host/SSM/results/cross_session_iteration_a/official_20261003,0,trial_position,0.05787523258557853,0.024372358583168663,0.016525892796189084,0.056131586633851475,m2
0.002479631597591215,zero,"[128,1000000000)",affine,35,support,trial_causal_fixed_window,0.07336949130463108,cross_session_iteration_a,-0.18452770711261834,/home/xinyuan/Work_host/SSM/results/cross_session_iteration_a/official_20261003,0,trial_position,0.0007550820009133643,0.0003179793577286242,0.00019129842620273287,0.0006497612150669602,m2
0.2500177116542685,ridge,Q1,affine,3529,support,trial_causal_fixed_window,0.35952011127339767,cross_session_iteration_a,0.2970555301610538,/home/xinyuan/Work_host/SSM/results/cross_session_iteration_a/official_20261003,0,query_quartile,0.7028161954387259,0.2997575520918236,0.2943648227929093,0.9998349109688534,m2
0.2500177116542685,ridge,Q2,affine,3529,support,trial_causal_fixed_window,0.4459754848794369,cross_session_iteration_a,0.3612032194450461,/home/xinyuan/Work_host/SSM/results/cross_session_iteration_a/official_20261003,0,query_quartile,0.5488076573735773,0.2340714983678749,0.2530956259225901,0.859660608254631,m2
0.2500177116542685,ridge,Q3,affine,3529,support,trial_causal_fixed_window,0.46869445708358115,cross_session_iteration_a,0.2839733242434408,/home/xinyuan/Work_host/SSM/results/cross_session_iteration_a/official_20261003,0,query_quartile,0.5172924888715318,0.2206299900115722,0.21270935872902333,0.7224852505446784,m2
0.2499468650371945,ridge,Q4,affine,3528,support,trial_causal_fixed_window,0.2900769269093925,cross_session_iteration_a,0.29303397543363974,/home/xinyuan/Work_host/SSM/results/cross_session_iteration_a/official_20261003,0,query_quartile,0.5756991335033752,0.2455409595287293,0.23983019255547727,0.8146034466558709,m2
0.16436415161176055,ridge,"[0,10)",affine,2320,support,trial_causal_fixed_window,0.2845165078824533,cross_session_iteration_a,0.31797867036480076,/home/xinyuan/Work_host/SSM/results/cross_session_iteration_a/official_20261003,0,trial_position,0.2793032092795943,0.11912537993348048,0.12216793955578938,0.41495369524823955,m2
0.24654622741764082,ridge,"[10,25)",affine,3480,support,trial_causal_fixed_window,0.39742201535640437,cross_session_iteration_a,0.3214268682937682,/home/xinyuan/Work_host/SSM/results/cross_session_iteration_a/official_20261003,0,trial_position,1.8827888052842199,0.8030266903931806,0.824531006353259,2.800589002131704,m2
0.41091037902940136,ridge,"[25,50)",affine,5800,support,trial_causal_fixed_window,0.583098905965961,cross_session_iteration_a,-0.006313932354807816,/home/xinyuan/Work_host/SSM/results/cross_session_iteration_a/official_20261003,0,trial_position,0.12146236097730126,0.05180481075158087,0.03658386286855986,0.12426017119517169,m2
0.1756996103436061,ridge,"[50,128)",affine,2480,support,trial_causal_fixed_window,0.10476328635047716,cross_session_iteration_a,-0.08995647334000445,/home/xinyuan/Work_host/SSM/results/cross_session_iteration_a/official_20261003,0,trial_position,0.06024444723818746,0.02569480918118445,0.016525892796189084,0.056131586633851475,m2
0.002479631597591215,ridge,"[128,1000000000)",affine,35,support,trial_causal_fixed_window,0.0783479187837052,cross_session_iteration_a,-0.28111569746901144,/home/xinyuan/Work_host/SSM/results/cross_session_iteration_a/official_20261003,0,trial_position,0.0008166524079072904,0.00034830974057359376,0.00019129842620273287,0.0006497612150669602,m2
0.2500177116542685,zero,Q1,affine,3529,support,trial_causal_fixed_window,0.27878042534784886,cross_session_iteration_a,0.2904173159583745,/home/xinyuan/Work_host/SSM/results/cross_session_iteration_a/official_20261003,1,query_quartile,0.7094531982897523,0.2974775799203249,0.2943648227929093,0.9998349109688534,m2
0.2500177116542685,zero,Q2,affine,3529,support,trial_causal_fixed_window,0.34629199936697874,cross_session_iteration_a,0.34913700749092036,/home/xinyuan/Work_host/SSM/results/cross_session_iteration_a/official_20261003,1,query_quartile,0.5591740676584943,0.23446472410335972,0.2530956259225901,0.859660608254631,m2
0.2500177116542685,zero,Q3,affine,3529,support,trial_causal_fixed_window,0.36737095097691896,cross_session_iteration_a,0.27305652980377904,/home/xinyuan/Work_host/SSM/results/cross_session_iteration_a/official_20261003,1,query_quartile,0.5251793120268629,0.22021053840138707,0.21270935872902333,0.7224852505446784,m2
0.2499468650371945,zero,Q4,affine,3528,support,trial_causal_fixed_window,0.23385354266006345,cross_session_iteration_a,0.27413405572804317,/home/xinyuan/Work_host/SSM/results/cross_session_iteration_a/official_20261003,1,query_quartile,0.591089784566797,0.24784715757492817,0.23983019255547727,0.8146034466558709,m2
0.16436415161176055,zero,"[0,10)",affine,2320,support,trial_causal_fixed_window,0.227209573602544,cross_session_iteration_a,0.29864602403314777,/home/xinyuan/Work_host/SSM/results/cross_session_iteration_a/official_20261003,1,trial_position,0.2872203666024983,0.12043305994914122,0.12216793955578938,0.41495369524823955,m2
0.24654622741764082,zero,"[10,25)",affine,3480,support,trial_causal_fixed_window,0.3090985527164436,cross_session_iteration_a,0.3068471426201631,/home/xinyuan/Work_host/SSM/results/cross_session_iteration_a/official_20261003,1,trial_position,1.9232421374303894,0.8064258756219201,0.824531006353259,2.800589002131704,m2
0.41091037902940136,zero,"[25,50)",affine,5800,support,trial_causal_fixed_window,0.4658108677232009,cross_session_iteration_a,0.03901665862522985,/home/xinyuan/Work_host/SSM/results/cross_session_iteration_a/official_20261003,1,trial_position,0.11599094651318109,0.04863563395666965,0.03658386286855986,0.12426017119517169,m2
0.1756996103436061,zero,"[50,128)",affine,2480,support,trial_causal_fixed_window,0.08988909599113185,cross_session_iteration_a,-0.04349220276659893,/home/xinyuan/Work_host/SSM/results/cross_session_iteration_a/official_20261003,1,trial_position,0.05767625817239602,0.024183968359498285,0.016525892796189084,0.056131586633851475,m2
0.002479631597591215,zero,"[128,1000000000)",affine,35,support,trial_causal_fixed_window,0.07147352253855162,cross_session_iteration_a,-0.20268089364038921,/home/xinyuan/Work_host/SSM/results/cross_session_iteration_a/official_20261003,1,trial_position,0.0007666538234414798,0.0003214621127705328,0.00019129842620273287,0.0006497612150669602,m2
0.2500177116542685,ridge,Q1,affine,3529,support,trial_causal_fixed_window,0.36032305434345546,cross_session_iteration_a,0.2937114543619471,/home/xinyuan/Work_host/SSM/results/cross_session_iteration_a/official_20261003,1,query_quartile,0.7061596610056793,0.2992156059620381,0.2943648227929093,0.9998349109688534,m2
0.2500177116542685,ridge,Q2,affine,3529,support,trial_causal_fixed_window,0.4489296038373234,cross_session_iteration_a,0.35573039145762364,/home/xinyuan/Work_host/SSM/results/cross_session_iteration_a/official_20261003,1,query_quartile,0.5535095124837056,0.2345343317227976,0.2530956259225901,0.859660608254631,m2
0.2500177116542685,ridge,Q3,affine,3529,support,trial_causal_fixed_window,0.47696873851925253,cross_session_iteration_a,0.2789273307091653,/home/xinyuan/Work_host/SSM/results/cross_session_iteration_a/official_20261003,1,query_quartile,0.5209379599727544,0.22073303810626768,0.21270935872902333,0.7224852505446784,m2
0.2499468650371945,ridge,Q4,affine,3528,support,trial_causal_fixed_window,0.290348467452745,cross_session_iteration_a,0.2884535718971608,/home/xinyuan/Work_host/SSM/results/cross_session_iteration_a/official_20261003,1,query_quartile,0.5794290642997868,0.24551702420889646,0.23983019255547727,0.8146034466558709,m2
0.16436415161176055,ridge,"[0,10)",affine,2320,support,trial_causal_fixed_window,0.2888828736624361,cross_session_iteration_a,0.31560744046549627,/home/xinyuan/Work_host/SSM/results/cross_session_iteration_a/official_20261003,1,trial_position,0.2802742817256272,0.11875846734529638,0.12216793955578938,0.41495369524823955,m2
0.24654622741764082,ridge,"[10,25)",affine,3480,support,trial_causal_fixed_window,0.39963260137924683,cross_session_iteration_a,0.31613011599183016,/home/xinyuan/Work_host/SSM/results/cross_session_iteration_a/official_20261003,1,trial_position,1.8974853287280184,0.8040068752027808,0.824531006353259,2.800589002131704,m2
0.41091037902940136,ridge,"[25,50)",affine,5800,support,trial_causal_fixed_window,0.5858257311208274,cross_session_iteration_a,-0.006458782137155561,/home/xinyuan/Work_host/SSM/results/cross_session_iteration_a/official_20261003,1,trial_position,0.12147984438479997,0.05147372082682543,0.03658386286855986,0.12426017119517169,m2
0.1756996103436061,ridge,"[50,128)",affine,2480,support,trial_causal_fixed_window,0.10479564780908603,cross_session_iteration_a,-0.08504091109670764,/home/xinyuan/Work_host/SSM/results/cross_session_iteration_a/official_20261003,1,trial_position,0.05997275259949711,0.025411793537900212,0.016525892796189084,0.056131586633851475,m2
0.002479631597591215,ridge,"[128,1000000000)",affine,35,support,trial_causal_fixed_window,0.07797089345227719,cross_session_iteration_a,-0.29262698352012095,/home/xinyuan/Work_host/SSM/results/cross_session_iteration_a/official_20261003,1,trial_position,0.0008239903239833484,0.00034914308719703383,0.00019129842620273287,0.0006497612150669602,m2
0.2500177116542685,zero,Q1,affine,3529,support,trial_causal_fixed_window,0.2819825616933657,cross_session_iteration_a,0.29000939679977245,/home/xinyuan/Work_host/SSM/results/cross_session_iteration_a/official_20261003,2,query_quartile,0.7098610430106318,0.29867666931414216,0.2943648227929093,0.9998349109688534,m2
0.2500177116542685,zero,Q2,affine,3529,support,trial_causal_fixed_window,0.34731357324667705,cross_session_iteration_a,0.35267655354235394,/home/xinyuan/Work_host/SSM/results/cross_session_iteration_a/official_20261003,2,query_quartile,0.5561331475477737,0.2339950865598799,0.2530956259225901,0.859660608254631,m2
0.2500177116542685,zero,Q3,affine,3529,support,trial_causal_fixed_window,0.37113777078678856,cross_session_iteration_a,0.2778295270031662,/home/xinyuan/Work_host/SSM/results/cross_session_iteration_a/official_20261003,2,query_quartile,0.5217310667529852,0.21952028334249932,0.21270935872902333,0.7224852505446784,m2
0.2499468650371945,zero,Q4,affine,3528,support,trial_causal_fixed_window,0.23753399122270413,cross_session_iteration_a,0.27674696586890823,/home/xinyuan/Work_host/SSM/results/cross_session_iteration_a/official_20261003,2,query_quartile,0.5889620301178602,0.24780796078347875,0.23983019255547727,0.8146034466558709,m2
0.16436415161176055,zero,"[0,10)",affine,2320,support,trial_causal_fixed_window,0.23510170807387268,cross_session_iteration_a,0.2981445752941052,/home/xinyuan/Work_host/SSM/results/cross_session_iteration_a/official_20261003,2,trial_position,0.2874257212388096,0.12093543932306901,0.12216793955578938,0.41495369524823955,m2
0.24654622741764082,zero,"[10,25)",affine,3480,support,trial_causal_fixed_window,0.31147320149423824,cross_session_iteration_a,0.31003262935064013,/home/xinyuan/Work_host/SSM/results/cross_session_iteration_a/official_20261003,2,trial_position,1.9144035930270134,0.805492419281517,0.824531006353259,2.800589002131704,m2
0.41091037902940136,zero,"[25,50)",affine,5800,support,trial_causal_fixed_window,0.4716756792963163,cross_session_iteration_a,0.03585517969305774,/home/xinyuan/Work_host/SSM/results/cross_session_iteration_a/official_20261003,2,trial_position,0.11637253786647087,0.04896417735811828,0.03658386286855986,0.12426017119517169,m2
0.1756996103436061,zero,"[50,128)",affine,2480,support,trial_causal_fixed_window,0.09073880867777193,cross_session_iteration_a,-0.04421225870671264,/home/xinyuan/Work_host/SSM/results/cross_session_iteration_a/official_20261003,2,trial_position,0.057716057350761185,0.024284245410000866,0.016525892796189084,0.056131586633851475,m2
0.002479631597591215,zero,"[128,1000000000)",affine,35,support,trial_causal_fixed_window,0.0741265971130476,cross_session_iteration_a,-0.20695433530099105,/home/xinyuan/Work_host/SSM/results/cross_session_iteration_a/official_20261003,2,trial_position,0.0007693779461956357,0.00032371862729481556,0.00019129842620273287,0.0006497612150669602,m2
0.2500177116542685,ridge,Q1,affine,3529,support,trial_causal_fixed_window,0.36257750255219695,cross_session_iteration_a,0.2927466418492012,/home/xinyuan/Work_host/SSM/results/cross_session_iteration_a/official_20261003,2,query_quartile,0.7071242974579373,0.3004310421237596,0.2943648227929093,0.9998349109688534,m2
0.2500177116542685,ridge,Q2,affine,3529,support,trial_causal_fixed_window,0.4478419100907648,cross_session_iteration_a,0.35917769074135,/home/xinyuan/Work_host/SSM/results/cross_session_iteration_a/official_20261003,2,query_quartile,0.5505478440756026,0.23390748009823717,0.2530956259225901,0.859660608254631,m2
0.2500177116542685,ridge,Q3,affine,3529,support,trial_causal_fixed_window,0.4796345806896743,cross_session_iteration_a,0.28278287078681674,/home/xinyuan/Work_host/SSM/results/cross_session_iteration_a/official_20261003,2,query_quartile,0.5181525303369033,0.22014390571473563,0.21270935872902333,0.7224852505446784,m2
0.2499468650371945,ridge,Q4,affine,3528,support,trial_causal_fixed_window,0.29307735316053923,cross_session_iteration_a,0.29036258723997443,/home/xinyuan/Work_host/SSM/results/cross_session_iteration_a/official_20261003,2,query_quartile,0.5778745080120549,0.24551757206326746,0.23983019255547727,0.8146034466558709,m2
0.16436415161176055,ridge,"[0,10)",affine,2320,support,trial_causal_fixed_window,0.29724218256720436,cross_session_iteration_a,0.3141452116935394,/home/xinyuan/Work_host/SSM/results/cross_session_iteration_a/official_20261003,2,trial_position,0.2808730975851355,0.11933262329604809,0.12216793955578938,0.41495369524823955,m2
0.24654622741764082,ridge,"[10,25)",affine,3480,support,trial_causal_fixed_window,0.400698892082621,cross_session_iteration_a,0.31875336732199433,/home/xinyuan/Work_host/SSM/results/cross_session_iteration_a/official_20261003,2,trial_position,1.8902067790668182,0.803079167984917,0.824531006353259,2.800589002131704,m2
0.41091037902940136,ridge,"[25,50)",affine,5800,support,trial_causal_fixed_window,0.5894458065667786,cross_session_iteration_a,-0.009675731681218824,/home/xinyuan/Work_host/SSM/results/cross_session_iteration_a/official_20261003,2,trial_position,0.12186813105579185,0.051777275574305025,0.03658386286855986,0.12426017119517169,m2
0.1756996103436061,ridge,"[50,128)",affine,2480,support,trial_causal_fixed_window,0.10452436285543444,cross_session_iteration_a,-0.08407529009297887,/home/xinyuan/Work_host/SSM/results/cross_session_iteration_a/official_20261003,2,trial_position,0.05991938046488979,0.025457535515596808,0.016525892796189084,0.056131586633851475,m2
0.002479631597591215,ridge,"[128,1000000000)",affine,35,support,trial_causal_fixed_window,0.07893611406782208,cross_session_iteration_a,-0.30486533341687894,/home/xinyuan/Work_host/SSM/results/cross_session_iteration_a/official_20261003,2,trial_position,0.0008317917098626602,0.00035339762913295697,0.00019129842620273287,0.0006497612150669602,m2
0.2500177116542685,zero,Q1,affine_lora,3529,support,trial_causal_fixed_window,0.37037147786798025,cross_session_iteration_a,0.36034284103444925,/home/xinyuan/Work_host/SSM/results/cross_session_iteration_a/official_20261003,0,query_quartile,0.6395404333322561,0.2784903665043797,0.2943648227929093,0.9998349109688534,m2
0.2500177116542685,zero,Q2,affine_lora,3529,support,trial_causal_fixed_window,0.5077663648595813,cross_session_iteration_a,0.3565082822151785,/home/xinyuan/Work_host/SSM/results/cross_session_iteration_a/official_20261003,0,query_quartile,0.552841205414319,0.24073685085454244,0.2530956259225901,0.859660608254631,m2
0.2500177116542685,zero,Q3,affine_lora,3529,support,trial_causal_fixed_window,0.5386920190285728,cross_session_iteration_a,0.18923722659011055,/home/xinyuan/Work_host/SSM/results/cross_session_iteration_a/official_20261003,0,query_quartile,0.5857344525585513,0.25506034312380654,0.21270935872902333,0.7224852505446784,m2
0.2499468650371945,zero,Q4,affine_lora,3528,support,trial_causal_fixed_window,0.3425755661924866,cross_session_iteration_a,0.3634737887967444,/home/xinyuan/Work_host/SSM/results/cross_session_iteration_a/official_20261003,0,query_quartile,0.5183383295776806,0.22571243951727113,0.23983019255547727,0.8146034466558709,m2
0.16436415161176055,zero,"[0,10)",affine_lora,2320,support,trial_causal_fixed_window,0.39627949969154386,cross_session_iteration_a,0.3767965566085745,/home/xinyuan/Work_host/SSM/results/cross_session_iteration_a/official_20261003,0,trial_position,0.2552159503082141,0.11113477715360162,0.12216793955578938,0.41495369524823955,m2
0.24654622741764082,zero,"[10,25)",affine_lora,3480,support,trial_causal_fixed_window,0.4476161898087668,cross_session_iteration_a,0.3208726905226382,/home/xinyuan/Work_host/SSM/results/cross_session_iteration_a/official_20261003,0,trial_position,1.884326443093423,0.8205372708285874,0.824531006353259,2.800589002131704,m2
0.41091037902940136,zero,"[25,50)",affine_lora,5800,support,trial_causal_fixed_window,0.4304309779652521,cross_session_iteration_a,0.17413328930093463,/home/xinyuan/Work_host/SSM/results/cross_session_iteration_a/official_20261003,0,trial_position,0.09968233302636839,0.043407059212631056,0.03658386286855986,0.12426017119517169,m2
0.1756996103436061,zero,"[50,128)",affine_lora,2480,support,trial_causal_fixed_window,0.08752709620120554,cross_session_iteration_a,-0.026176958233079084,/home/xinyuan/Work_host/SSM/results/cross_session_iteration_a/official_20261003,0,trial_position,0.0567192040502994,0.024698597775128187,0.016525892796189084,0.056131586633851475,m2
0.002479631597591215,zero,"[128,1000000000)",affine_lora,35,support,trial_causal_fixed_window,0.12338660026614533,cross_session_iteration_a,0.1991730333705677,/home/xinyuan/Work_host/SSM/results/cross_session_iteration_a/official_20261003,0,trial_position,0.0005104904045021559,0.00022229503005154885,0.00019129842620273287,0.0006497612150669602,m2
0.2500177116542685,ridge,Q1,affine_lora,3529,support,trial_causal_fixed_window,0.3515903282454889,cross_session_iteration_a,0.36395516587682897,/home/xinyuan/Work_host/SSM/results/cross_session_iteration_a/official_20261003,0,query_quartile,0.6359287676725323,0.28031805690352135,0.2943648227929093,0.9998349109688534,m2
0.2500177116542685,ridge,Q2,affine_lora,3529,support,trial_causal_fixed_window,0.4815432539426168,cross_session_iteration_a,0.36874972077713164,/home/xinyuan/Work_host/SSM/results/cross_session_iteration_a/official_20261003,0,query_quartile,0.5423242531932517,0.23905709034548528,0.2530956259225901,0.859660608254631,m2
0.2500177116542685,ridge,Q3,affine_lora,3529,support,trial_causal_fixed_window,0.5118694242664787,cross_session_iteration_a,0.20437401424215518,/home/xinyuan/Work_host/SSM/results/cross_session_iteration_a/official_20261003,0,query_quartile,0.574798901100538,0.25337194864842677,0.21270935872902333,0.7224852505446784,m2
0.2499468650371945,ridge,Q4,affine_lora,3528,support,trial_causal_fixed_window,0.3236903999406375,cross_session_iteration_a,0.3669036544353287,/home/xinyuan/Work_host/SSM/results/cross_session_iteration_a/official_20261003,0,query_quartile,0.51554530896912,0.22725290410256652,0.23983019255547727,0.8146034466558709,m2
0.16436415161176055,ridge,"[0,10)",affine_lora,2320,support,trial_causal_fixed_window,0.37192714466465226,cross_session_iteration_a,0.37400025687382477,/home/xinyuan/Work_host/SSM/results/cross_session_iteration_a/official_20261003,0,trial_position,0.2563610984965281,0.11300423671539932,0.12216793955578938,0.41495369524823955,m2
0.24654622741764082,ridge,"[10,25)",affine_lora,3480,support,trial_causal_fixed_window,0.42517229743757085,cross_session_iteration_a,0.33115433070708156,/home/xinyuan/Work_host/SSM/results/cross_session_iteration_a/official_20261003,0,trial_position,1.8557987043211033,0.8180379835674383,0.824531006353259,2.800589002131704,m2
0.41091037902940136,ridge,"[25,50)",affine_lora,5800,support,trial_causal_fixed_window,0.4057997756281758,cross_session_iteration_a,0.181072735088748,/home/xinyuan/Work_host/SSM/results/cross_session_iteration_a/official_20261003,0,trial_position,0.0988447400624218,0.04357086340163775,0.03658386286855986,0.12426017119517169,m2
0.1756996103436061,ridge,"[50,128)",affine_lora,2480,support,trial_causal_fixed_window,0.08102969339209817,cross_session_iteration_a,-0.033167774797748795,/home/xinyuan/Work_host/SSM/results/cross_session_iteration_a/official_20261003,0,trial_position,0.05710560285610815,0.025172208657136114,0.016525892796189084,0.056131586633851475,m2
0.002479631597591215,ridge,"[128,1000000000)",affine_lora,35,support,trial_causal_fixed_window,0.11146687358511918,cross_session_iteration_a,0.2358897264476515,/home/xinyuan/Work_host/SSM/results/cross_session_iteration_a/official_20261003,0,trial_position,0.0004870851992806199,0.0002147076583884277,0.00019129842620273287,0.0006497612150669602,m2
0.2500177116542685,zero,Q1,affine_lora,3529,support,trial_causal_fixed_window,0.40308806014497733,cross_session_iteration_a,0.3210455053794521,/home/xinyuan/Work_host/SSM/results/cross_session_iteration_a/official_20261003,1,query_quartile,0.6788305979483196,0.28314223294442503,0.2943648227929093,0.9998349109688534,m2
0.2500177116542685,zero,Q2,affine_lora,3529,support,trial_causal_fixed_window,0.5213559888876671,cross_session_iteration_a,0.29248055114105964,/home/xinyuan/Work_host/SSM/results/cross_session_iteration_a/official_20261003,1,query_quartile,0.6078491675195846,0.25353567017320555,0.2530956259225901,0.859660608254631,m2
0.2500177116542685,zero,Q3,affine_lora,3529,support,trial_causal_fixed_window,0.5897666411719715,cross_session_iteration_a,0.25524687030478665,/home/xinyuan/Work_host/SSM/results/cross_session_iteration_a/official_20261003,1,query_quartile,0.5380458760811335,0.2244205126294995,0.21270935872902333,0.7224852505446784,m2
0.2499468650371945,zero,Q4,affine_lora,3528,support,trial_causal_fixed_window,0.3487133518447848,cross_session_iteration_a,0.2966382388105073,/home/xinyuan/Work_host/SSM/results/cross_session_iteration_a/official_20261003,1,query_quartile,0.5727640966969695,0.2389015842528699,0.23983019255547727,0.8146034466558709,m2
0.16436415161176055,zero,"[0,10)",affine_lora,2320,support,trial_causal_fixed_window,0.4391511271375713,cross_session_iteration_a,0.3589402585828869,/home/xinyuan/Work_host/SSM/results/cross_session_iteration_a/official_20261003,1,trial_position,0.26252850950206663,0.10950141112767862,0.12216793955578938,0.41495369524823955,m2
0.24654622741764082,zero,"[10,25)",affine_lora,3480,support,trial_causal_fixed_window,0.4718520239343895,cross_session_iteration_a,0.28925920740038213,/home/xinyuan/Work_host/SSM/results/cross_session_iteration_a/official_20261003,1,trial_position,1.9720421355331785,0.822544557365203,0.824531006353259,2.800589002131704,m2
0.41091037902940136,zero,"[25,50)",affine_lora,5800,support,trial_causal_fixed_window,0.3750689218785012,cross_session_iteration_a,0.14391171168643302,/home/xinyuan/Work_host/SSM/results/cross_session_iteration_a/official_20261003,1,trial_position,0.10333008553330861,0.04309928167154719,0.03658386286855986,0.12426017119517169,m2
0.1756996103436061,zero,"[50,128)",affine_lora,2480,support,trial_causal_fixed_window,0.09094518445189528,cross_session_iteration_a,-0.06884243244182664,/home/xinyuan/Work_host/SSM/results/cross_session_iteration_a/official_20261003,1,trial_position,0.059077424743264016,0.024641367093602158,0.016525892796189084,0.056131586633851475,m2
0.002479631597591215,zero,"[128,1000000000)",affine_lora,35,support,trial_causal_fixed_window,0.06920822626313518,cross_session_iteration_a,0.1974591378151489,/home/xinyuan/Work_host/SSM/results/cross_session_iteration_a/official_20261003,1,trial_position,0.0005115829341893649,0.00021338274196895486,0.00019129842620273287,0.0006497612150669602,m2
0.2500177116542685,ridge,Q1,affine_lora,3529,support,trial_causal_fixed_window,0.39730344629249786,cross_session_iteration_a,0.32504840735649565,/home/xinyuan/Work_host/SSM/results/cross_session_iteration_a/official_20261003,1,query_quartile,0.6748284264270549,0.2844858246198657,0.2943648227929093,0.9998349109688534,m2
0.2500177116542685,ridge,Q2,affine_lora,3529,support,trial_causal_fixed_window,0.5155204594395224,cross_session_iteration_a,0.30291097378533227,/home/xinyuan/Work_host/SSM/results/cross_session_iteration_a/official_20261003,1,query_quartile,0.5988881082420996,0.2524718441846814,0.2530956259225901,0.859660608254631,m2
0.2500177116542685,ridge,Q3,affine_lora,3529,support,trial_causal_fixed_window,0.58214464704547,cross_session_iteration_a,0.2663565097992159,/home/xinyuan/Work_host/SSM/results/cross_session_iteration_a/official_20261003,1,query_quartile,0.5300197322807416,0.22343916571657055,0.21270935872902333,0.7224852505446784,m2
0.2499468650371945,ridge,Q4,affine_lora,3528,support,trial_causal_fixed_window,0.34068730012873355,cross_session_iteration_a,0.30204366128073346,/home/xinyuan/Work_host/SSM/results/cross_session_iteration_a/official_20261003,1,query_quartile,0.5683623334945049,0.2396031654788823,0.23983019255547727,0.8146034466558709,m2
0.16436415161176055,ridge,"[0,10)",affine_lora,2320,support,trial_causal_fixed_window,0.4314559930107647,cross_session_iteration_a,0.3585511916641373,/home/xinyuan/Work_host/SSM/results/cross_session_iteration_a/official_20261003,1,trial_position,0.262687841233069,0.11074069230674294,0.12216793955578938,0.41495369524823955,m2
0.24654622741764082,ridge,"[10,25)",affine_lora,3480,support,trial_causal_fixed_window,0.4652836828919644,cross_session_iteration_a,0.29835838232493717,/home/xinyuan/Work_host/SSM/results/cross_session_iteration_a/official_20261003,1,trial_position,1.946795299363585,0.82070589266351,0.824531006353259,2.800589002131704,m2
0.41091037902940136,ridge,"[25,50)",affine_lora,5800,support,trial_causal_fixed_window,0.36428204265243713,cross_session_iteration_a,0.15190402785252266,/home/xinyuan/Work_host/SSM/results/cross_session_iteration_a/official_20261003,1,trial_position,0.10236541083290107,0.04315394428112027,0.03658386286855986,0.12426017119517169,m2
0.1756996103436061,ridge,"[50,128)",affine_lora,2480,support,trial_causal_fixed_window,0.08650188612355904,cross_session_iteration_a,-0.08119128185038749,/home/xinyuan/Work_host/SSM/results/cross_session_iteration_a/official_20261003,1,trial_position,0.05975997457423722,0.025192871225100628,0.016525892796189084,0.056131586633851475,m2
0.002479631597591215,ridge,"[128,1000000000)",affine_lora,35,support,trial_causal_fixed_window,0.06787857024616291,cross_session_iteration_a,0.23120038254568476,/home/xinyuan/Work_host/SSM/results/cross_session_iteration_a/official_20261003,1,trial_position,0.0004900744406087937,0.0002065995235261218,0.00019129842620273287,0.0006497612150669602,m2
0.2500177116542685,zero,Q1,affine_lora,3529,support,trial_causal_fixed_window,0.29857102316387424,cross_session_iteration_a,0.3573217823008912,/home/xinyuan/Work_host/SSM/results/cross_session_iteration_a/official_20261003,2,query_quartile,0.6425609407783175,0.2934175340821776,0.2943648227929093,0.9998349109688534,m2
0.2500177116542685,zero,Q2,affine_lora,3529,support,trial_causal_fixed_window,0.411614942111287,cross_session_iteration_a,0.3685637235046314,/home/xinyuan/Work_host/SSM/results/cross_session_iteration_a/official_20261003,2,query_quartile,0.5424840484998437,0.24771865466478055,0.2530956259225901,0.859660608254631,m2
0.2500177116542685,zero,Q3,affine_lora,3529,support,trial_causal_fixed_window,0.426353117526834,cross_session_iteration_a,0.29840508154919065,/home/xinyuan/Work_host/SSM/results/cross_session_iteration_a/official_20261003,2,query_quartile,0.5068662856192672,0.2314542422321114,0.21270935872902333,0.7224852505446784,m2
0.2499468650371945,zero,Q4,affine_lora,3528,support,trial_causal_fixed_window,0.28093976317699776,cross_session_iteration_a,0.38843874667979295,/home/xinyuan/Work_host/SSM/results/cross_session_iteration_a/official_20261003,2,query_quartile,0.49800877466019355,0.2274095690209305,0.23983019255547727,0.8146034466558709,m2
0.16436415161176055,zero,"[0,10)",affine_lora,2320,support,trial_causal_fixed_window,0.3660319409490916,cross_session_iteration_a,0.37699859527700874,/home/xinyuan/Work_host/SSM/results/cross_session_iteration_a/official_20261003,2,trial_position,0.25513321088931284,0.11650343625140626,0.12216793955578938,0.41495369524823955,m2
0.24654622741764082,zero,"[10,25)",affine_lora,3480,support,trial_causal_fixed_window,0.35500642122418213,cross_session_iteration_a,0.3583087683521856,/home/xinyuan/Work_host/SSM/results/cross_session_iteration_a/official_20261003,2,trial_position,1.780455209533096,0.8130229274318758,0.824531006353259,2.800589002131704,m2
0.41091037902940136,zero,"[25,50)",affine_lora,5800,support,trial_causal_fixed_window,0.3478206662781481,cross_session_iteration_a,0.1566980940795294,/home/xinyuan/Work_host/SSM/results/cross_session_iteration_a/official_20261003,2,trial_position,0.10178676575615929,0.046479672066896176,0.03658386286855986,0.12426017119517169,m2
0.1756996103436061,zero,"[50,128)",affine_lora,2480,support,trial_causal_fixed_window,0.07569210101513574,cross_session_iteration_a,0.059337163724025754,/home/xinyuan/Work_host/SSM/results/cross_session_iteration_a/official_20261003,2,trial_position,0.05199263823379668,0.023741797443381337,0.016525892796189084,0.056131586633851475,m2
0.002479631597591215,zero,"[128,1000000000)",affine_lora,35,support,trial_causal_fixed_window,0.17908543739091012,cross_session_iteration_a,0.1337020557636882,/home/xinyuan/Work_host/SSM/results/cross_session_iteration_a/official_20261003,2,trial_position,0.0005522251452569,0.0002521668064404694,0.00019129842620273287,0.0006497612150669602,m2
0.2500177116542685,ridge,Q1,affine_lora,3529,support,trial_causal_fixed_window,0.29489340584441837,cross_session_iteration_a,0.3601638648238893,/home/xinyuan/Work_host/SSM/results/cross_session_iteration_a/official_20261003,2,query_quartile,0.6397193768829588,0.2942237736791221,0.2943648227929093,0.9998349109688534,m2
0.2500177116542685,ridge,Q2,affine_lora,3529,support,trial_causal_fixed_window,0.4082144510898068,cross_session_iteration_a,0.3735939597007434,/home/xinyuan/Work_host/SSM/results/cross_session_iteration_a/official_20261003,2,query_quartile,0.5381624360139046,0.24751506441445428,0.2530956259225901,0.859660608254631,m2
0.2500177116542685,ridge,Q3,affine_lora,3529,support,trial_causal_fixed_window,0.4216736090470874,cross_session_iteration_a,0.30541923169302587,/home/xinyuan/Work_host/SSM/results/cross_session_iteration_a/official_20261003,2,query_quartile,0.5017989224775388,0.23079052774490325,0.21270935872902333,0.7224852505446784,m2
0.2499468650371945,ridge,Q4,affine_lora,3528,support,trial_causal_fixed_window,0.2762054180322633,cross_session_iteration_a,0.3926485821408252,/home/xinyuan/Work_host/SSM/results/cross_session_iteration_a/official_20261003,2,query_quartile,0.49458060620104494,0.22747063416152036,0.23983019255547727,0.8146034466558709,m2
0.16436415161176055,ridge,"[0,10)",affine_lora,2320,support,trial_causal_fixed_window,0.353316231271059,cross_session_iteration_a,0.3739761452332838,/home/xinyuan/Work_host/SSM/results/cross_session_iteration_a/official_20261003,2,trial_position,0.2563709727604132,0.1179117559872768,0.12216793955578938,0.41495369524823955,m2
0.24654622741764082,ridge,"[10,25)",affine_lora,3480,support,trial_causal_fixed_window,0.3522756400136471,cross_session_iteration_a,0.36394051077495526,/home/xinyuan/Work_host/SSM/results/cross_session_iteration_a/official_20261003,2,trial_position,1.7648292127283398,0.8116913909942229,0.824531006353259,2.800589002131704,m2
0.41091037902940136,ridge,"[25,50)",affine_lora,5800,support,trial_causal_fixed_window,0.3402656276118453,cross_session_iteration_a,0.16781696184971573,/home/xinyuan/Work_host/SSM/results/cross_session_iteration_a/official_20261003,2,trial_position,0.10044471544030906,0.046197167525191735,0.03658386286855986,0.12426017119517169,m2
0.1756996103436061,ridge,"[50,128)",affine_lora,2480,support,trial_causal_fixed_window,0.07177252309599212,cross_session_iteration_a,0.05756604346361893,/home/xinyuan/Work_host/SSM/results/cross_session_iteration_a/official_20261003,2,trial_position,0.05209053219900576,0.023957806360693282,0.016525892796189084,0.056131586633851475,m2
0.002479631597591215,ridge,"[128,1000000000)",affine_lora,35,support,trial_causal_fixed_window,0.16636225005211916,cross_session_iteration_a,0.1749861252532947,/home/xinyuan/Work_host/SSM/results/cross_session_iteration_a/official_20261003,2,trial_position,0.0005259084473790219,0.0002418791326151962,0.00019129842620273287,0.0006497612150669602,m2
0.2500177116542685,zero,Q1,offset_rotated,3529,support,trial_causal_fixed_window,0.4336764314569527,cross_session_iteration_a,0.35245176650424637,/home/xinyuan/Work_host/SSM/results/cross_session_iteration_a/official_20261003,0,query_quartile,0.6474300678869048,0.280914142110613,0.2943648227929093,0.9998349109688534,m2
0.2500177116542685,zero,Q2,offset_rotated,3529,support,trial_causal_fixed_window,0.4924697270929302,cross_session_iteration_a,0.3605366133829214,/home/xinyuan/Work_host/SSM/results/cross_session_iteration_a/official_20261003,0,query_quartile,0.5493803567397635,0.23837124542218793,0.2530956259225901,0.859660608254631,m2
0.2500177116542685,zero,Q3,offset_rotated,3529,support,trial_causal_fixed_window,0.5574433801583053,cross_session_iteration_a,0.25569630571343216,/home/xinyuan/Work_host/SSM/results/cross_session_iteration_a/official_20261003,0,query_quartile,0.5377211820871848,0.23331243334702945,0.21270935872902333,0.7224852505446784,m2
0.2499468650371945,zero,Q4,offset_rotated,3528,support,trial_causal_fixed_window,0.40101110179704347,cross_session_iteration_a,0.29979412683115725,/home/xinyuan/Work_host/SSM/results/cross_session_iteration_a/official_20261003,0,query_quartile,0.5701941825344943,0.24740217912016982,0.23983019255547727,0.8146034466558709,m2
0.16436415161176055,zero,"[0,10)",offset_rotated,2320,support,trial_causal_fixed_window,0.6006246130431705,cross_session_iteration_a,0.34543209715275736,/home/xinyuan/Work_host/SSM/results/cross_session_iteration_a/official_20261003,0,trial_position,0.2680604081025401,0.11630902441976151,0.12216793955578938,0.41495369524823955,m2
0.24654622741764082,zero,"[10,25)",offset_rotated,3480,support,trial_causal_fixed_window,0.4412606118028675,cross_session_iteration_a,0.3296129543187307,/home/xinyuan/Work_host/SSM/results/cross_session_iteration_a/official_20261003,0,trial_position,1.8600754522103387,0.8070701776704531,0.824531006353259,2.800589002131704,m2
0.41091037902940136,zero,"[25,50)",offset_rotated,5800,support,trial_causal_fixed_window,0.7140411474236241,cross_session_iteration_a,0.018066541876011977,/home/xinyuan/Work_host/SSM/results/cross_session_iteration_a/official_20261003,0,trial_position,0.11851963121215524,0.051424612752221904,0.03658386286855986,0.12426017119517169,m2
0.1756996103436061,zero,"[50,128)",offset_rotated,2480,support,trial_causal_fixed_window,0.14405343403806817,cross_session_iteration_a,-0.03751908773153567,/home/xinyuan/Work_host/SSM/results/cross_session_iteration_a/official_20261003,0,trial_position,0.05734611011384576,0.024881966601566236,0.016525892796189084,0.056131586633851475,m2
0.002479631597591215,zero,"[128,1000000000)",offset_rotated,35,support,trial_causal_fixed_window,0.049912937467822036,cross_session_iteration_a,-0.13606242437809635,/home/xinyuan/Work_host/SSM/results/cross_session_iteration_a/official_20261003,0,trial_position,0.0007241876094674954,0.0003142185559973617,0.00019129842620273287,0.0006497612150669602,m2
0.2500177116542685,ridge,Q1,offset_rotated,3529,support,trial_causal_fixed_window,0.40870410671231716,cross_session_iteration_a,0.360132285589183,/home/xinyuan/Work_host/SSM/results/cross_session_iteration_a/official_20261003,0,query_quartile,0.6397509503550372,0.28149550457636663,0.2943648227929093,0.9998349109688534,m2
0.2500177116542685,ridge,Q2,offset_rotated,3529,support,trial_causal_fixed_window,0.46957237328192797,cross_session_iteration_a,0.36918897251548033,/home/xinyuan/Work_host/SSM/results/cross_session_iteration_a/official_20261003,0,query_quartile,0.5419468800992436,0.2384609360602931,0.2530956259225901,0.859660608254631,m2
0.2500177116542685,ridge,Q3,offset_rotated,3529,support,trial_causal_fixed_window,0.5300729243048076,cross_session_iteration_a,0.2713279552054274,/home/xinyuan/Work_host/SSM/results/cross_session_iteration_a/official_20261003,0,query_quartile,0.5264281183722921,0.23163255751657336,0.21270935872902333,0.7224852505446784,m2
0.2499468650371945,ridge,Q4,offset_rotated,3528,support,trial_causal_fixed_window,0.3714567185984008,cross_session_iteration_a,0.30671266022736143,/home/xinyuan/Work_host/SSM/results/cross_session_iteration_a/official_20261003,0,query_quartile,0.5645602573628399,0.2484110018467669,0.23983019255547727,0.8146034466558709,m2
0.16436415161176055,ridge,"[0,10)",offset_rotated,2320,support,trial_causal_fixed_window,0.5657438322822208,cross_session_iteration_a,0.34721550833477954,/home/xinyuan/Work_host/SSM/results/cross_session_iteration_a/official_20261003,0,trial_position,0.2673300607586083,0.1176273521749567,0.12216793955578938,0.41495369524823955,m2
0.24654622741764082,ridge,"[10,25)",offset_rotated,3480,support,trial_causal_fixed_window,0.41749782164917837,cross_session_iteration_a,0.3393547975692516,/home/xinyuan/Work_host/SSM/results/cross_session_iteration_a/official_20261003,0,trial_position,1.8330454497568154,0.8065545717506958,0.824531006353259,2.800589002131704,m2
0.41091037902940136,ridge,"[25,50)",offset_rotated,5800,support,trial_causal_fixed_window,0.6574123395205888,cross_session_iteration_a,0.054133474202131215,/home/xinyuan/Work_host/SSM/results/cross_session_iteration_a/official_20261003,0,trial_position,0.11416634282700108,0.050234098537704636,0.03658386286855986,0.12426017119517169,m2
0.1756996103436061,ridge,"[50,128)",offset_rotated,2480,support,trial_causal_fixed_window,0.1297551832285059,cross_session_iteration_a,-0.039109444591439946,/home/xinyuan/Work_host/SSM/results/cross_session_iteration_a/official_20261003,0,trial_position,0.05743401286251498,0.025271422295827604,0.016525892796189084,0.056131586633851475,m2
0.002479631597591215,ridge,"[128,1000000000)",offset_rotated,35,support,trial_causal_fixed_window,0.04378394441301575,cross_session_iteration_a,-0.11433909437695622,/home/xinyuan/Work_host/SSM/results/cross_session_iteration_a/official_20261003,0,trial_position,0.0007103399844729347,0.0003125552408152086,0.00019129842620273287,0.0006497612150669602,m2
0.2500177116542685,zero,Q1,offset_rotated,3529,support,trial_causal_fixed_window,0.49935821055704344,cross_session_iteration_a,0.35469544161908484,/home/xinyuan/Work_host/SSM/results/cross_session_iteration_a/official_20261003,1,query_quartile,0.6451868022013911,0.2723981993821212,0.2943648227929093,0.9998349109688534,m2
0.2500177116542685,zero,Q2,offset_rotated,3529,support,trial_causal_fixed_window,0.5594453688167671,cross_session_iteration_a,0.35979689517330726,/home/xinyuan/Work_host/SSM/results/cross_session_iteration_a/official_20261003,1,query_quartile,0.5500158687368375,0.23221698237519314,0.2530956259225901,0.859660608254631,m2
0.2500177116542685,zero,Q3,offset_rotated,3529,support,trial_causal_fixed_window,0.6380235583257317,cross_session_iteration_a,0.1869920614232422,/home/xinyuan/Work_host/SSM/results/cross_session_iteration_a/official_20261003,1,query_quartile,0.5873564690509813,0.24798220301317708,0.21270935872902333,0.7224852505446784,m2
0.2499468650371945,zero,Q4,offset_rotated,3528,support,trial_causal_fixed_window,0.41440495860907217,cross_session_iteration_a,0.28040440558624424,/home/xinyuan/Work_host/SSM/results/cross_session_iteration_a/official_20261003,1,query_quartile,0.5859836905612985,0.24740261522950854,0.23983019255547727,0.8146034466558709,m2
0.16436415161176055,zero,"[0,10)",offset_rotated,2320,support,trial_causal_fixed_window,0.5465574015355544,cross_session_iteration_a,0.3009222019220166,/home/xinyuan/Work_host/SSM/results/cross_session_iteration_a/official_20261003,1,trial_position,0.2862882201114313,0.12087103362403236,0.12216793955578938,0.41495369524823955,m2
0.24654622741764082,zero,"[10,25)",offset_rotated,3480,support,trial_causal_fixed_window,0.5209924284907815,cross_session_iteration_a,0.31038944982834527,/home/xinyuan/Work_host/SSM/results/cross_session_iteration_a/official_20261003,1,trial_position,1.9134135485210804,0.8078441832847731,0.824531006353259,2.800589002131704,m2
0.41091037902940136,zero,"[25,50)",offset_rotated,5800,support,trial_causal_fixed_window,0.5848065979240301,cross_session_iteration_a,0.04500670985671562,/home/xinyuan/Work_host/SSM/results/cross_session_iteration_a/official_20261003,1,trial_position,0.11526794572629075,0.0486661859095449,0.03658386286855986,0.12426017119517169,m2
0.1756996103436061,zero,"[50,128)",offset_rotated,2480,support,trial_causal_fixed_window,0.09038424984976551,cross_session_iteration_a,0.046039851583725255,/home/xinyuan/Work_host/SSM/results/cross_session_iteration_a/official_20261003,1,trial_position,0.052727611821495296,0.02226162480213207,0.016525892796189084,0.056131586633851475,m2
0.002479631597591215,zero,"[128,1000000000)",offset_rotated,35,support,trial_causal_fixed_window,0.07965420428949092,cross_session_iteration_a,-0.32637693891259234,/home/xinyuan/Work_host/SSM/results/cross_session_iteration_a/official_20261003,1,trial_position,0.0008455043702107713,0.0003569723795175175,0.00019129842620273287,0.0006497612150669602,m2
0.2500177116542685,ridge,Q1,offset_rotated,3529,support,trial_causal_fixed_window,0.4656323982246661,cross_session_iteration_a,0.3612361661803475,/home/xinyuan/Work_host/SSM/results/cross_session_iteration_a/official_20261003,1,query_quartile,0.6386472712017199,0.27464997374643485,0.2943648227929093,0.9998349109688534,m2
0.2500177116542685,ridge,Q2,offset_rotated,3529,support,trial_causal_fixed_window,0.5230656669039008,cross_session_iteration_a,0.37629145501139993,/home/xinyuan/Work_host/SSM/results/cross_session_iteration_a/official_20261003,1,query_quartile,0.5358449445560868,0.2304398790862519,0.2530956259225901,0.859660608254631,m2
0.2500177116542685,ridge,Q3,offset_rotated,3529,support,trial_causal_fixed_window,0.5929348748388122,cross_session_iteration_a,0.20913909949138942,/home/xinyuan/Work_host/SSM/results/cross_session_iteration_a/official_20261003,1,query_quartile,0.5713563718041861,0.2457115525141155,0.21270935872902333,0.7224852505446784,m2
0.2499468650371945,ridge,Q4,offset_rotated,3528,support,trial_causal_fixed_window,0.37854414111023904,cross_session_iteration_a,0.28840964169063477,/home/xinyuan/Work_host/SSM/results/cross_session_iteration_a/official_20261003,1,query_quartile,0.5794648377046646,0.24919859465319777,0.23983019255547727,0.8146034466558709,m2
0.16436415161176055,ridge,"[0,10)",offset_rotated,2320,support,trial_causal_fixed_window,0.5069835132307555,cross_session_iteration_a,0.3029988598886112,/home/xinyuan/Work_host/SSM/results/cross_session_iteration_a/official_20261003,1,trial_position,0.2854377815555636,0.12275239047520262,0.12216793955578938,0.41495369524823955,m2
0.24654622741764082,ridge,"[10,25)",offset_rotated,3480,support,trial_causal_fixed_window,0.48456074149883377,cross_session_iteration_a,0.32461201713797116,/home/xinyuan/Work_host/SSM/results/cross_session_iteration_a/official_20261003,1,trial_position,1.873951198389956,0.8058918759199349,0.824531006353259,2.800589002131704,m2
0.41091037902940136,ridge,"[25,50)",offset_rotated,5800,support,trial_causal_fixed_window,0.5402916146649897,cross_session_iteration_a,0.07071997393373497,/home/xinyuan/Work_host/SSM/results/cross_session_iteration_a/official_20261003,1,trial_position,0.11216434786998439,0.04823622770643138,0.03658386286855986,0.12426017119517169,m2
0.1756996103436061,ridge,"[50,128)",offset_rotated,2480,support,trial_causal_fixed_window,0.08173708280746664,cross_session_iteration_a,0.04208137298118475,/home/xinyuan/Work_host/SSM/results/cross_session_iteration_a/official_20261003,1,trial_position,0.0529464062056265,0.02276957834170455,0.016525892796189084,0.056131586633851475,m2
0.002479631597591215,ridge,"[128,1000000000)",offset_rotated,35,support,trial_causal_fixed_window,0.06900980537564479,cross_session_iteration_a,-0.2764704021489628,/home/xinyuan/Work_host/SSM/results/cross_session_iteration_a/official_20261003,1,trial_position,0.0008136912455266773,0.0003499275567264084,0.00019129842620273287,0.0006497612150669602,m2
0.2500177116542685,zero,Q1,offset_rotated,3529,support,trial_causal_fixed_window,0.4256146247725285,cross_session_iteration_a,0.33750020479084675,/home/xinyuan/Work_host/SSM/results/cross_session_iteration_a/official_20261003,2,query_quartile,0.6623789012160672,0.2872185869524059,0.2943648227929093,0.9998349109688534,m2
0.2500177116542685,zero,Q2,offset_rotated,3529,support,trial_causal_fixed_window,0.48641691804573944,cross_session_iteration_a,0.3956616938656522,/home/xinyuan/Work_host/SSM/results/cross_session_iteration_a/official_20261003,2,query_quartile,0.5192034464584703,0.22513531146424087,0.2530956259225901,0.859660608254631,m2
0.2500177116542685,zero,Q3,offset_rotated,3529,support,trial_causal_fixed_window,0.4916310297992447,cross_session_iteration_a,0.22563326009825824,/home/xinyuan/Work_host/SSM/results/cross_session_iteration_a/official_20261003,2,query_quartile,0.5594401881184894,0.24258263664616103,0.21270935872902333,0.7224852505446784,m2
0.2499468650371945,zero,Q4,offset_rotated,3528,support,trial_causal_fixed_window,0.3505882422765221,cross_session_iteration_a,0.30597440681356225,/home/xinyuan/Work_host/SSM/results/cross_session_iteration_a/official_20261003,2,query_quartile,0.5651614345564551,0.24506346493719225,0.23983019255547727,0.8146034466558709,m2
0.16436415161176055,zero,"[0,10)",offset_rotated,2320,support,trial_causal_fixed_window,0.46500859443130604,cross_session_iteration_a,0.3292887031215077,/home/xinyuan/Work_host/SSM/results/cross_session_iteration_a/official_20261003,2,trial_position,0.2746714942455568,0.11910216087571399,0.12216793955578938,0.41495369524823955,m2
0.24654622741764082,zero,"[10,25)",offset_rotated,3480,support,trial_causal_fixed_window,0.4349705154374156,cross_session_iteration_a,0.32728312406387683,/home/xinyuan/Work_host/SSM/results/cross_session_iteration_a/official_20261003,2,trial_position,1.8665398671968585,0.8093629524768575,0.824531006353259,2.800589002131704,m2
0.41091037902940136,zero,"[25,50)",offset_rotated,5800,support,trial_causal_fixed_window,0.5271239431671407,cross_session_iteration_a,0.08812090136102513,/home/xinyuan/Work_host/SSM/results/cross_session_iteration_a/official_20261003,2,trial_position,0.11006405127211503,0.04772561629393157,0.03658386286855986,0.12426017119517169,m2
0.1756996103436061,zero,"[50,128)",offset_rotated,2480,support,trial_causal_fixed_window,0.11830474949703546,cross_session_iteration_a,0.019950221863952344,/home/xinyuan/Work_host/SSM/results/cross_session_iteration_a/official_20261003,2,trial_position,0.054169646764689224,0.02348886622279327,0.016525892796189084,0.056131586633851475,m2
0.002479631597591215,zero,"[128,1000000000)",offset_rotated,35,support,trial_causal_fixed_window,0.07627095666795919,cross_session_iteration_a,-0.15915939971226734,/home/xinyuan/Work_host/SSM/results/cross_session_iteration_a/official_20261003,2,trial_position,0.0007389108702621999,0.00032040413070351213,0.00019129842620273287,0.0006497612150669602,m2
0.2500177116542685,ridge,Q1,offset_rotated,3529,support,trial_causal_fixed_window,0.40714085629410984,cross_session_iteration_a,0.3419960381061754,/home/xinyuan/Work_host/SSM/results/cross_session_iteration_a/official_20261003,2,query_quartile,0.6578838883073949,0.2888600154238914,0.2943648227929093,0.9998349109688534,m2
0.2500177116542685,ridge,Q2,offset_rotated,3529,support,trial_causal_fixed_window,0.46526442214260616,cross_session_iteration_a,0.407101501893975,/home/xinyuan/Work_host/SSM/results/cross_session_iteration_a/official_20261003,2,query_quartile,0.5093751967929459,0.22365364134500293,0.2530956259225901,0.859660608254631,m2
0.2500177116542685,ridge,Q3,offset_rotated,3529,support,trial_causal_fixed_window,0.4704125411247119,cross_session_iteration_a,0.2375484716221684,/home/xinyuan/Work_host/SSM/results/cross_session_iteration_a/official_20261003,2,query_quartile,0.5508320599113641,0.24185629128467898,0.21270935872902333,0.7224852505446784,m2
0.2499468650371945,ridge,Q4,offset_rotated,3528,support,trial_causal_fixed_window,0.3291038970701678,cross_session_iteration_a,0.3130165293917716,/home/xinyuan/Work_host/SSM/results/cross_session_iteration_a/official_20261003,2,query_quartile,0.5594268677945142,0.2456300519464268,0.23983019255547727,0.8146034466558709,m2
0.16436415161176055,ridge,"[0,10)",offset_rotated,2320,support,trial_causal_fixed_window,0.4388544405336234,cross_session_iteration_a,0.32997973101429756,/home/xinyuan/Work_host/SSM/results/cross_session_iteration_a/official_20261003,2,trial_position,0.27438850264431003,0.12047698463917975,0.12216793955578938,0.41495369524823955,m2
0.24654622741764082,ridge,"[10,25)",offset_rotated,3480,support,trial_causal_fixed_window,0.4155334000094642,cross_session_iteration_a,0.3366998703839099,/home/xinyuan/Work_host/SSM/results/cross_session_iteration_a/official_20261003,2,trial_position,1.8404118881697793,0.808077862752943,0.824531006353259,2.800589002131704,m2
0.41091037902940136,ridge,"[25,50)",offset_rotated,5800,support,trial_causal_fixed_window,0.49468681153386324,cross_session_iteration_a,0.1071909612065105,/home/xinyuan/Work_host/SSM/results/cross_session_iteration_a/official_20261003,2,trial_position,0.10776228994462264,0.047315669662627395,0.03658386286855986,0.12426017119517169,m2
0.1756996103436061,ridge,"[50,128)",offset_rotated,2480,support,trial_causal_fixed_window,0.11010070270977176,cross_session_iteration_a,0.018750233441480746,/home/xinyuan/Work_host/SSM/results/cross_session_iteration_a/official_20261003,2,trial_position,0.05423597293547887,0.023813630728941024,0.016525892796189084,0.056131586633851475,m2
0.002479631597591215,ridge,"[128,1000000000)",offset_rotated,35,support,trial_causal_fixed_window,0.06829804770288286,cross_session_iteration_a,-0.12848776494563263,/home/xinyuan/Work_host/SSM/results/cross_session_iteration_a/official_20261003,2,trial_position,0.0007193591120282554,0.0003158522163088866,0.00019129842620273287,0.0006497612150669602,m2
0.2500177116542685,zero,Q1,offset_original,3529,support,trial_causal_fixed_window,0.4754303532917079,cross_session_iteration_a,0.3799256811580787,/home/xinyuan/Work_host/SSM/results/cross_session_iteration_a/official_20261003,0,query_quartile,0.6199611667157516,0.280601099881492,0.2943648227929093,0.9998349109688534,m2
0.2500177116542685,zero,Q2,offset_original,3529,support,trial_causal_fixed_window,0.554235076609962,cross_session_iteration_a,0.40851868191565277,/home/xinyuan/Work_host/SSM/results/cross_session_iteration_a/official_20261003,0,query_quartile,0.5081576589601817,0.22999762835598306,0.2530956259225901,0.859660608254631,m2
0.2500177116542685,zero,Q3,offset_original,3529,support,trial_causal_fixed_window,0.6409269369869672,cross_session_iteration_a,0.2522627231718594,/home/xinyuan/Work_host/SSM/results/cross_session_iteration_a/official_20261003,0,query_quartile,0.5402017690803989,0.24450113765171796,0.21270935872902333,0.7224852505446784,m2
0.2499468650371945,zero,Q4,offset_original,3528,support,trial_causal_fixed_window,0.42284094984347487,cross_session_iteration_a,0.3355426527787472,/home/xinyuan/Work_host/SSM/results/cross_session_iteration_a/official_20261003,0,query_quartile,0.541083313416457,0.24490013411080688,0.23983019255547727,0.8146034466558709,m2
0.16436415161176055,zero,"[0,10)",offset_original,2320,support,trial_causal_fixed_window,0.5484500219380428,cross_session_iteration_a,0.3408458977419686,/home/xinyuan/Work_host/SSM/results/cross_session_iteration_a/official_20261003,0,trial_position,0.2699385608203072,0.12217709936231193,0.12216793955578938,0.41495369524823955,m2
0.24654622741764082,zero,"[10,25)",offset_original,3480,support,trial_causal_fixed_window,0.5208053186233682,cross_session_iteration_a,0.35860766740958727,/home/xinyuan/Work_host/SSM/results/cross_session_iteration_a/official_20261003,0,trial_position,1.7796258754895113,0.8054778344993917,0.824531006353259,2.800589002131704,m2
0.41091037902940136,zero,"[25,50)",offset_original,5800,support,trial_causal_fixed_window,0.5209738370917623,cross_session_iteration_a,0.12597419292049128,/home/xinyuan/Work_host/SSM/results/cross_session_iteration_a/official_20261003,0,trial_position,0.10549514884937303,0.04774824035529978,0.03658386286855986,0.12426017119517169,m2
0.1756996103436061,zero,"[50,128)",offset_original,2480,support,trial_causal_fixed_window,0.1176740536762866,cross_session_iteration_a,0.030318760149109725,/home/xinyuan/Work_host/SSM/results/cross_session_iteration_a/official_20261003,0,trial_position,0.05359655336790141,0.02425837718926938,0.016525892796189084,0.056131586633851475,m2
0.002479631597591215,zero,"[128,1000000000)",offset_original,35,support,trial_causal_fixed_window,0.06570335761547787,cross_session_iteration_a,-0.1730565194159117,/home/xinyuan/Work_host/SSM/results/cross_session_iteration_a/official_20261003,0,trial_position,0.0007477696456962832,0.00033844859372711986,0.00019129842620273287,0.0006497612150669602,m2
0.2500177116542685,ridge,Q1,offset_original,3529,support,trial_causal_fixed_window,0.44526010235826424,cross_session_iteration_a,0.3883239162800495,/home/xinyuan/Work_host/SSM/results/cross_session_iteration_a/official_20261003,0,query_quartile,0.6115644641167886,0.28211592370999555,0.2943648227929093,0.9998349109688534,m2
0.2500177116542685,ridge,Q2,offset_original,3529,support,trial_causal_fixed_window,0.5232833324807461,cross_session_iteration_a,0.4218965441591628,/home/xinyuan/Work_host/SSM/results/cross_session_iteration_a/official_20261003,0,query_quartile,0.4966643743006239,0.22911227998183653,0.2530956259225901,0.859660608254631,m2
0.2500177116542685,ridge,Q3,offset_original,3529,support,trial_causal_fixed_window,0.6033841867544,cross_session_iteration_a,0.2716953699039738,/home/xinyuan/Work_host/SSM/results/cross_session_iteration_a/official_20261003,0,query_quartile,0.5261626801277487,0.24271990809724325,0.21270935872902333,0.7224852505446784,m2
0.2499468650371945,ridge,Q4,offset_original,3528,support,trial_causal_fixed_window,0.3883081764589631,cross_session_iteration_a,0.34499545827149625,/home/xinyuan/Work_host/SSM/results/cross_session_iteration_a/official_20261003,0,query_quartile,0.5333856706129155,0.24605188821092464,0.23983019255547727,0.8146034466558709,m2
0.16436415161176055,ridge,"[0,10)",offset_original,2320,support,trial_causal_fixed_window,0.5073891078605108,cross_session_iteration_a,0.34530381952240363,/home/xinyuan/Work_host/SSM/results/cross_session_iteration_a/official_20261003,0,trial_position,0.2681129407027386,0.12368104159582403,0.12216793955578938,0.41495369524823955,m2
0.24654622741764082,ridge,"[10,25)",offset_original,3480,support,trial_causal_fixed_window,0.4892456844298643,cross_session_iteration_a,0.3723956782411566,/home/xinyuan/Work_host/SSM/results/cross_session_iteration_a/official_20261003,0,trial_position,1.7413692584384624,0.8032971594810336,0.824531006353259,2.800589002131704,m2
0.41091037902940136,ridge,"[25,50)",offset_original,5800,support,trial_causal_fixed_window,0.4820242291887662,cross_session_iteration_a,0.14204731720506658,/home/xinyuan/Work_host/SSM/results/cross_session_iteration_a/official_20261003,0,trial_position,0.1035551184462187,0.04777018549883234,0.03658386286855986,0.12426017119517169,m2
0.1756996103436061,ridge,"[50,128)",offset_original,2480,support,trial_causal_fixed_window,0.1064434465154274,cross_session_iteration_a,0.022735134122873757,/home/xinyuan/Work_host/SSM/results/cross_session_iteration_a/official_20261003,0,trial_position,0.054015718141162225,0.024917559983247586,0.016525892796189084,0.056131586633851475,m2
0.002479631597591215,ridge,"[128,1000000000)",offset_original,35,support,trial_causal_fixed_window,0.05581323541455563,cross_session_iteration_a,-0.13600880487102662,/home/xinyuan/Work_host/SSM/results/cross_session_iteration_a/official_20261003,0,trial_position,0.0007241534294947998,0.0003340534410623848,0.00019129842620273287,0.0006497612150669602,m2
0.2500177116542685,zero,Q1,offset_original,3529,support,trial_causal_fixed_window,0.575447809819489,cross_session_iteration_a,0.3606958619999251,/home/xinyuan/Work_host/SSM/results/cross_session_iteration_a/official_20261003,1,query_quartile,0.639187476786595,0.2758801724533378,0.2943648227929093,0.9998349109688534,m2
0.2500177116542685,zero,Q2,offset_original,3529,support,trial_causal_fixed_window,0.6231016048652783,cross_session_iteration_a,0.39459358853386617,/home/xinyuan/Work_host/SSM/results/cross_session_iteration_a/official_20261003,1,query_quartile,0.5201210847478437,0.2244898402550516,0.2530956259225901,0.859660608254631,m2
0.2500177116542685,zero,Q3,offset_original,3529,support,trial_causal_fixed_window,0.7316881004408676,cross_session_iteration_a,0.19744022142838658,/home/xinyuan/Work_host/SSM/results/cross_session_iteration_a/official_20261003,1,query_quartile,0.5798082101994819,0.25025144394857896,0.21270935872902333,0.7224852505446784,m2
0.2499468650371945,zero,Q4,offset_original,3528,support,trial_causal_fixed_window,0.48175927902548676,cross_session_iteration_a,0.29047154079921456,/home/xinyuan/Work_host/SSM/results/cross_session_iteration_a/official_20261003,1,query_quartile,0.5777857845551035,0.2493785433430318,0.23983019255547727,0.8146034466558709,m2
0.16436415161176055,zero,"[0,10)",offset_original,2320,support,trial_causal_fixed_window,0.6263493053037609,cross_session_iteration_a,0.2958584852966063,/home/xinyuan/Work_host/SSM/results/cross_session_iteration_a/official_20261003,1,trial_position,0.28836192696326246,0.1244601013454493,0.12216793955578938,0.41495369524823955,m2
0.24654622741764082,zero,"[10,25)",offset_original,3480,support,trial_causal_fixed_window,0.6004443864052733,cross_session_iteration_a,0.32997217012893076,/home/xinyuan/Work_host/SSM/results/cross_session_iteration_a/official_20261003,1,trial_position,1.8590787615449933,0.8023983384621381,0.824531006353259,2.800589002131704,m2
0.41091037902940136,zero,"[25,50)",offset_original,5800,support,trial_causal_fixed_window,0.611385038852096,cross_session_iteration_a,0.054590886183289,/home/xinyuan/Work_host/SSM/results/cross_session_iteration_a/official_20261003,1,trial_position,0.11411113307844804,0.049251589268915784,0.03658386286855986,0.12426017119517169,m2
0.1756996103436061,zero,"[50,128)",offset_original,2480,support,trial_causal_fixed_window,0.12296791492649056,cross_session_iteration_a,0.018456376520927242,/home/xinyuan/Work_host/SSM/results/cross_session_iteration_a/official_20261003,1,trial_position,0.05425221509576589,0.023415838075927328,0.016525892796189084,0.056131586633851475,m2
0.002479631597591215,zero,"[128,1000000000)",offset_original,35,support,trial_causal_fixed_window,0.2041658361492441,cross_session_iteration_a,-0.7232921844197289,/home/xinyuan/Work_host/SSM/results/cross_session_iteration_a/official_20261003,1,trial_position,0.001098519606554292,0.0004741328475694669,0.00019129842620273287,0.0006497612150669602,m2
0.2500177116542685,ridge,Q1,offset_original,3529,support,trial_causal_fixed_window,0.5278043252763573,cross_session_iteration_a,0.37407930561144254,/home/xinyuan/Work_host/SSM/results/cross_session_iteration_a/official_20261003,1,query_quartile,0.6258064754066845,0.2775941342651599,0.2943648227929093,0.9998349109688534,m2
0.2500177116542685,ridge,Q2,offset_original,3529,support,trial_causal_fixed_window,0.5716139296399084,cross_session_iteration_a,0.41247238560062216,/home/xinyuan/Work_host/SSM/results/cross_session_iteration_a/official_20261003,1,query_quartile,0.5047609247821974,0.22390096209013896,0.2530956259225901,0.859660608254631,m2
0.2500177116542685,ridge,Q3,offset_original,3529,support,trial_causal_fixed_window,0.6709452118614042,cross_session_iteration_a,0.22873604001293857,/home/xinyuan/Work_host/SSM/results/cross_session_iteration_a/official_20261003,1,query_quartile,0.5571985890289168,0.24716116884973768,0.21270935872902333,0.7224852505446784,m2
0.2499468650371945,ridge,Q4,offset_original,3528,support,trial_causal_fixed_window,0.4307827557487824,cross_session_iteration_a,0.30417376531156903,/home/xinyuan/Work_host/SSM/results/cross_session_iteration_a/official_20261003,1,query_quartile,0.5666277394656387,0.25134373479496347,0.23983019255547727,0.8146034466558709,m2
0.16436415161176055,ridge,"[0,10)",offset_original,2320,support,trial_causal_fixed_window,0.5689526136773492,cross_session_iteration_a,0.30542519005250846,/home/xinyuan/Work_host/SSM/results/cross_session_iteration_a/official_20261003,1,trial_position,0.28444414430097675,0.1261732325999202,0.12216793955578938,0.41495369524823955,m2
0.24654622741764082,ridge,"[10,25)",offset_original,3480,support,trial_causal_fixed_window,0.5492087598977899,cross_session_iteration_a,0.34969779367403164,/home/xinyuan/Work_host/SSM/results/cross_session_iteration_a/official_20261003,1,trial_position,1.8043474710581706,0.8003692736103852,0.824531006353259,2.800589002131704,m2
0.41091037902940136,ridge,"[25,50)",offset_original,5800,support,trial_causal_fixed_window,0.5520419200668799,cross_session_iteration_a,0.08602233059332076,/home/xinyuan/Work_host/SSM/results/cross_session_iteration_a/official_20261003,1,trial_position,0.1103173493254639,0.04893437553602895,0.03658386286855986,0.12426017119517169,m2
0.1756996103436061,ridge,"[50,128)",offset_original,2480,support,trial_causal_fixed_window,0.10975903321366226,cross_session_iteration_a,0.01872917622413206,/home/xinyuan/Work_host/SSM/results/cross_session_iteration_a/official_20261003,1,trial_position,0.054237136817203116,0.02405841363339736,0.016525892796189084,0.056131586633851475,m2
0.002479631597591215,ridge,"[128,1000000000)",offset_original,35,support,trial_causal_fixed_window,0.16861992885857371,cross_session_iteration_a,-0.6434551768622865,/home/xinyuan/Work_host/SSM/results/cross_session_iteration_a/official_20261003,1,trial_position,0.001047627181622878,0.0004647046202682132,0.00019129842620273287,0.0006497612150669602,m2
0.2500177116542685,zero,Q1,offset_original,3529,support,trial_causal_fixed_window,0.5255481633493224,cross_session_iteration_a,0.36438907507706264,/home/xinyuan/Work_host/SSM/results/cross_session_iteration_a/official_20261003,2,query_quartile,0.6354949376527242,0.28054711386512143,0.2943648227929093,0.9998349109688534,m2
0.2500177116542685,zero,Q2,offset_original,3529,support,trial_causal_fixed_window,0.5998606991812039,cross_session_iteration_a,0.42084536328615174,/home/xinyuan/Work_host/SSM/results/cross_session_iteration_a/official_20261003,2,query_quartile,0.4975674723279683,0.21965732540745564,0.2530956259225901,0.859660608254631,m2
0.2500177116542685,zero,Q3,offset_original,3529,support,trial_causal_fixed_window,0.6655363776405558,cross_session_iteration_a,0.21794418541507143,/home/xinyuan/Work_host/SSM/results/cross_session_iteration_a/official_20261003,2,query_quartile,0.5649951495670725,0.2494241089383056,0.21270935872902333,0.7224852505446784,m2
0.2499468650371945,zero,Q4,offset_original,3528,support,trial_causal_fixed_window,0.45124526853411473,cross_session_iteration_a,0.3035433896052867,/home/xinyuan/Work_host/SSM/results/cross_session_iteration_a/official_20261003,2,query_quartile,0.5671410692937743,0.2503714517891174,0.23983019255547727,0.8146034466558709,m2
0.16436415161176055,zero,"[0,10)",offset_original,2320,support,trial_causal_fixed_window,0.5679999151560713,cross_session_iteration_a,0.3369182942383603,/home/xinyuan/Work_host/SSM/results/cross_session_iteration_a/official_20261003,2,trial_position,0.2715470035708035,0.11987778913219511,0.12216793955578938,0.41495369524823955,m2
0.24654622741764082,zero,"[10,25)",offset_original,3480,support,trial_causal_fixed_window,0.5637880973741372,cross_session_iteration_a,0.34070887865486676,/home/xinyuan/Work_host/SSM/results/cross_session_iteration_a/official_20261003,2,trial_position,1.829288376877975,0.8075620184414044,0.824531006353259,2.800589002131704,m2
0.41091037902940136,zero,"[25,50)",offset_original,5800,support,trial_causal_fixed_window,0.530915568996317,cross_session_iteration_a,0.10118833205197864,/home/xinyuan/Work_host/SSM/results/cross_session_iteration_a/official_20261003,2,trial_position,0.10848680889019117,0.0478928459115628,0.03658386286855986,0.12426017119517169,m2
0.1756996103436061,zero,"[50,128)",offset_original,2480,support,trial_causal_fixed_window,0.11115837894498916,cross_session_iteration_a,0.0056588889951803,/home/xinyuan/Work_host/SSM/results/cross_session_iteration_a/official_20261003,2,trial_position,0.05495956220630112,0.024262579672498022,0.016525892796189084,0.056131586633851475,m2
0.002479631597591215,zero,"[128,1000000000)",offset_original,35,support,trial_causal_fixed_window,0.1009464691228435,cross_session_iteration_a,-0.43834253781546084,/home/xinyuan/Work_host/SSM/results/cross_session_iteration_a/official_20261003,2,trial_position,0.0009168772962684673,0.0004047668423397262,0.00019129842620273287,0.0006497612150669602,m2
0.2500177116542685,ridge,Q1,offset_original,3529,support,trial_causal_fixed_window,0.4916644320888416,cross_session_iteration_a,0.37195840362809385,/home/xinyuan/Work_host/SSM/results/cross_session_iteration_a/official_20261003,2,query_quartile,0.6279269903645405,0.28260561959508346,0.2943648227929093,0.9998349109688534,m2
0.2500177116542685,ridge,Q2,offset_original,3529,support,trial_causal_fixed_window,0.5622714734101576,cross_session_iteration_a,0.43305620172033155,/home/xinyuan/Work_host/SSM/results/cross_session_iteration_a/official_20261003,2,query_quartile,0.4870768095074581,0.2192144081294214,0.2530956259225901,0.859660608254631,m2
0.2500177116542685,ridge,Q3,offset_original,3529,support,trial_causal_fixed_window,0.6207616160641816,cross_session_iteration_a,0.2419063219619646,/home/xinyuan/Work_host/SSM/results/cross_session_iteration_a/official_20261003,2,query_quartile,0.5476837369162453,0.24649123893131294,0.21270935872902333,0.7224852505446784,m2
0.2499468650371945,ridge,Q4,offset_original,3528,support,trial_causal_fixed_window,0.4128636619263896,cross_session_iteration_a,0.3132556428158829,/home/xinyuan/Work_host/SSM/results/cross_session_iteration_a/official_20261003,2,query_quartile,0.5592321520850084,0.2516887333441823,0.23983019255547727,0.8146034466558709,m2
0.16436415161176055,ridge,"[0,10)",offset_original,2320,support,trial_causal_fixed_window,0.5232254887174665,cross_session_iteration_a,0.345242685002459,/home/xinyuan/Work_host/SSM/results/cross_session_iteration_a/official_20261003,2,trial_position,0.268137976675774,0.12067851867848035,0.12216793955578938,0.41495369524823955,m2
0.24654622741764082,ridge,"[10,25)",offset_original,3480,support,trial_causal_fixed_window,0.5267054903084576,cross_session_iteration_a,0.35446955551553894,/home/xinyuan/Work_host/SSM/results/cross_session_iteration_a/official_20261003,2,trial_position,1.7911076014599123,0.8061081642281108,0.824531006353259,2.800589002131704,m2
0.41091037902940136,ridge,"[25,50)",offset_original,5800,support,trial_causal_fixed_window,0.490708622776258,cross_session_iteration_a,0.1135763074205175,/home/xinyuan/Work_host/SSM/results/cross_session_iteration_a/official_20261003,2,trial_position,0.10699157694754044,0.04815276514417876,0.03658386286855986,0.12426017119517169,m2
0.1756996103436061,ridge,"[50,128)",offset_original,2480,support,trial_causal_fixed_window,0.10100084168122274,cross_session_iteration_a,0.00867887831029257,/home/xinyuan/Work_host/SSM/results/cross_session_iteration_a/official_20261003,2,trial_position,0.05479264032326789,0.024660045364219958,0.016525892796189084,0.056131586633851475,m2
0.002479631597591215,ridge,"[128,1000000000)",offset_original,35,support,trial_causal_fixed_window,0.08581536186417393,cross_session_iteration_a,-0.39601191192164165,/home/xinyuan/Work_host/SSM/results/cross_session_iteration_a/official_20261003,2,trial_position,0.0008898934667574358,0.0004005065850101476,0.00019129842620273287,0.0006497612150669602,m2
0.2500177116542685,zero,Q1,full,3529,support,trial_causal_fixed_window,0.38510740954620976,cross_session_iteration_a,0.36033545201617534,/home/xinyuan/Work_host/SSM/results/cross_session_iteration_a/official_20261003,0,query_quartile,0.6395478210021704,0.2894760772813377,0.2943648227929093,0.9998349109688534,m2
0.2500177116542685,zero,Q2,full,3529,support,trial_causal_fixed_window,0.4682309008352758,cross_session_iteration_a,0.38791186724862214,/home/xinyuan/Work_host/SSM/results/cross_session_iteration_a/official_20261003,0,query_quartile,0.5258615329113304,0.23801868873822085,0.2530956259225901,0.859660608254631,m2
0.2500177116542685,zero,Q3,full,3529,support,trial_causal_fixed_window,0.528599006348019,cross_session_iteration_a,0.28335550194178927,/home/xinyuan/Work_host/SSM/results/cross_session_iteration_a/official_20261003,0,query_quartile,0.5177388337451554,0.2343421425686534,0.21270935872902333,0.7224852505446784,m2
0.2499468650371945,zero,Q4,full,3528,support,trial_causal_fixed_window,0.31541185522386334,cross_session_iteration_a,0.35384342059419993,/home/xinyuan/Work_host/SSM/results/cross_session_iteration_a/official_20261003,0,query_quartile,0.5261805658901314,0.2381630914117879,0.23983019255547727,0.8146034466558709,m2
0.16436415161176055,zero,"[0,10)",full,2320,support,trial_causal_fixed_window,0.3803075871269355,cross_session_iteration_a,0.3932346436654637,/home/xinyuan/Work_host/SSM/results/cross_session_iteration_a/official_20261003,0,trial_position,0.24848418068472994,0.11247044166043473,0.12216793955578938,0.41495369524823955,m2
0.24654622741764082,zero,"[10,25)",full,3480,support,trial_causal_fixed_window,0.43341817525165083,cross_session_iteration_a,0.35247992228466984,/home/xinyuan/Work_host/SSM/results/cross_session_iteration_a/official_20261003,0,trial_position,1.7966280958600995,0.8132008841935461,0.824531006353259,2.800589002131704,m2
0.41091037902940136,zero,"[25,50)",full,5800,support,trial_causal_fixed_window,0.4336352701029901,cross_session_iteration_a,0.10307040510994492,/home/xinyuan/Work_host/SSM/results/cross_session_iteration_a/official_20261003,0,trial_position,0.10825964216835376,0.04900114661272528,0.03658386286855986,0.12426017119517169,m2
0.1756996103436061,zero,"[50,128)",full,2480,support,trial_causal_fixed_window,0.07226878014883796,cross_session_iteration_a,0.00022450132648621501,/home/xinyuan/Work_host/SSM/results/cross_session_iteration_a/official_20261003,0,trial_position,0.05525993354147495,0.02501209177344582,0.016525892796189084,0.056131586633851475,m2
0.002479631597591215,zero,"[128,1000000000)",full,35,support,trial_causal_fixed_window,0.06653219822845025,cross_session_iteration_a,-0.09325727671998973,/home/xinyuan/Work_host/SSM/results/cross_session_iteration_a/official_20261003,0,trial_position,0.0006969012941293247,0.00031543575984783166,0.00019129842620273287,0.0006497612150669602,m2
0.2500177116542685,ridge,Q1,full,3529,support,trial_causal_fixed_window,0.3707865368537677,cross_session_iteration_a,0.36373120820368976,/home/xinyuan/Work_host/SSM/results/cross_session_iteration_a/official_20261003,0,query_quartile,0.6361526844775269,0.290701968260938,0.2943648227929093,0.9998349109688534,m2
0.2500177116542685,ridge,Q2,full,3529,support,trial_causal_fixed_window,0.4514855066458827,cross_session_iteration_a,0.39484948901668215,/home/xinyuan/Work_host/SSM/results/cross_session_iteration_a/official_20261003,0,query_quartile,0.519901233695412,0.23757867509538944,0.2530956259225901,0.859660608254631,m2
0.2500177116542685,ridge,Q3,full,3529,support,trial_causal_fixed_window,0.5080388896810094,cross_session_iteration_a,0.29582454937085867,/home/xinyuan/Work_host/SSM/results/cross_session_iteration_a/official_20261003,0,query_quartile,0.5087305875487057,0.2324740376383283,0.21270935872902333,0.7224852505446784,m2
0.2499468650371945,ridge,Q4,full,3528,support,trial_causal_fixed_window,0.3014177525025403,cross_session_iteration_a,0.35707574789683927,/home/xinyuan/Work_host/SSM/results/cross_session_iteration_a/official_20261003,0,query_quartile,0.5235484054147108,0.23924531900534415,0.23983019255547727,0.8146034466558709,m2
0.16436415161176055,ridge,"[0,10)",full,2320,support,trial_causal_fixed_window,0.3631379412507331,cross_session_iteration_a,0.38840573165516534,/home/xinyuan/Work_host/SSM/results/cross_session_iteration_a/official_20261003,0,trial_position,0.250461729719049,0.114453211595209,0.12216793955578938,0.41495369524823955,m2
0.24654622741764082,ridge,"[10,25)",full,3480,support,trial_causal_fixed_window,0.41716664479725263,cross_session_iteration_a,0.36004823986692314,/home/xinyuan/Work_host/SSM/results/cross_session_iteration_a/official_20261003,0,trial_position,1.7756288211277318,0.8114070816609364,0.824531006353259,2.800589002131704,m2
0.41091037902940136,ridge,"[25,50)",full,5800,support,trial_causal_fixed_window,0.4139024163763939,cross_session_iteration_a,0.12310536446796572,/home/xinyuan/Work_host/SSM/results/cross_session_iteration_a/official_20261003,0,trial_position,0.10584141721144094,0.04836623197175228,0.03658386286855986,0.12426017119517169,m2
0.1756996103436061,ridge,"[50,128)",full,2480,support,trial_causal_fixed_window,0.06795094162994415,cross_session_iteration_a,-0.00827628368038602,/home/xinyuan/Work_host/SSM/results/cross_session_iteration_a/official_20261003,0,trial_position,0.055729791839816314,0.025466779554522624,0.016525892796189084,0.056131586633851475,m2
0.002479631597591215,ridge,"[128,1000000000)",full,35,support,trial_causal_fixed_window,0.06123841819018711,cross_session_iteration_a,-0.05286212158193915,/home/xinyuan/Work_host/SSM/results/cross_session_iteration_a/official_20261003,0,trial_position,0.0006711512383174642,0.00030669521757955437,0.00019129842620273287,0.0006497612150669602,m2
0.2500177116542685,zero,Q1,full,3529,support,trial_causal_fixed_window,0.40531841457783263,cross_session_iteration_a,0.3554718209677239,/home/xinyuan/Work_host/SSM/results/cross_session_iteration_a/official_20261003,1,query_quartile,0.6444105645276632,0.2888483423798103,0.2943648227929093,0.9998349109688534,m2
0.2500177116542685,zero,Q2,full,3529,support,trial_causal_fixed_window,0.49544956720438676,cross_session_iteration_a,0.38538368974798487,/home/xinyuan/Work_host/SSM/results/cross_session_iteration_a/official_20261003,1,query_quartile,0.5280335588416176,0.23668391951970527,0.2530956259225901,0.859660608254631,m2
0.2500177116542685,zero,Q3,full,3529,support,trial_causal_fixed_window,0.5582352660182007,cross_session_iteration_a,0.2691390261705644,/home/xinyuan/Work_host/SSM/results/cross_session_iteration_a/official_20261003,1,query_quartile,0.5280095071483611,0.23667313867266304,0.21270935872902333,0.7224852505446784,m2
0.2499468650371945,zero,Q4,full,3528,support,trial_causal_fixed_window,0.33068190851593754,cross_session_iteration_a,0.3485250423430849,/home/xinyuan/Work_host/SSM/results/cross_session_iteration_a/official_20261003,1,query_quartile,0.5305114469288463,0.23779459942782147,0.23983019255547727,0.8146034466558709,m2
0.16436415161176055,zero,"[0,10)",full,2320,support,trial_causal_fixed_window,0.4006234870830087,cross_session_iteration_a,0.3921804082929998,/home/xinyuan/Work_host/SSM/results/cross_session_iteration_a/official_20261003,1,trial_position,0.24891591398993715,0.11157320054280752,0.12216793955578938,0.41495369524823955,m2
0.24654622741764082,zero,"[10,25)",full,3480,support,trial_causal_fixed_window,0.4575045657456394,cross_session_iteration_a,0.34529037020270603,/home/xinyuan/Work_host/SSM/results/cross_session_iteration_a/official_20261003,1,trial_position,1.816576436786733,0.814255881972812,0.824531006353259,2.800589002131704,m2
0.41091037902940136,zero,"[25,50)",full,5800,support,trial_causal_fixed_window,0.4448387639893033,cross_session_iteration_a,0.09634147436091056,/home/xinyuan/Work_host/SSM/results/cross_session_iteration_a/official_20261003,1,trial_position,0.10907182591077491,0.04888997457352225,0.03658386286855986,0.12426017119517169,m2
0.1756996103436061,zero,"[50,128)",full,2480,support,trial_causal_fixed_window,0.07720581529023086,cross_session_iteration_a,-0.007716514833254751,/home/xinyuan/Work_host/SSM/results/cross_session_iteration_a/official_20261003,1,trial_position,0.055698852104513634,0.024966259072179323,0.016525892796189084,0.056131586633851475,m2
0.002479631597591215,zero,"[128,1000000000)",full,35,support,trial_causal_fixed_window,0.06160077137215488,cross_session_iteration_a,-0.10133214938983626,/home/xinyuan/Work_host/SSM/results/cross_session_iteration_a/official_20261003,1,trial_position,0.0007020486545296405,0.0003146838386789942,0.00019129842620273287,0.0006497612150669602,m2
0.2500177116542685,ridge,Q1,full,3529,support,trial_causal_fixed_window,0.3857428642465828,cross_session_iteration_a,0.3593242731997903,/home/xinyuan/Work_host/SSM/results/cross_session_iteration_a/official_20261003,1,query_quartile,0.6405588152970723,0.29010762490733033,0.2943648227929093,0.9998349109688534,m2
0.2500177116542685,ridge,Q2,full,3529,support,trial_causal_fixed_window,0.47208286896217033,cross_session_iteration_a,0.3929662452517729,/home/xinyuan/Work_host/SSM/results/cross_session_iteration_a/official_20261003,1,query_quartile,0.5215191795435193,0.2361948456689696,0.2530956259225901,0.859660608254631,m2
0.2500177116542685,ridge,Q3,full,3529,support,trial_causal_fixed_window,0.5303852846299998,cross_session_iteration_a,0.28308680175277867,/home/xinyuan/Work_host/SSM/results/cross_session_iteration_a/official_20261003,1,query_quartile,0.5179329558278092,0.23457065313628464,0.21270935872902333,0.7224852505446784,m2
0.2499468650371945,ridge,Q4,full,3528,support,trial_causal_fixed_window,0.3125740873654004,cross_session_iteration_a,0.3516175866240038,/home/xinyuan/Work_host/SSM/results/cross_session_iteration_a/official_20261003,1,query_quartile,0.5279931150699173,0.23912687628741558,0.23983019255547727,0.8146034466558709,m2
0.16436415161176055,ridge,"[0,10)",full,2320,support,trial_causal_fixed_window,0.37790185829788814,cross_session_iteration_a,0.387485842903876,/home/xinyuan/Work_host/SSM/results/cross_session_iteration_a/official_20261003,1,trial_position,0.2508384450346136,0.11360415903524962,0.12216793955578938,0.41495369524823955,m2
0.24654622741764082,ridge,"[10,25)",full,3480,support,trial_causal_fixed_window,0.4353258261520292,cross_session_iteration_a,0.3535797027771985,/home/xinyuan/Work_host/SSM/results/cross_session_iteration_a/official_20261003,1,trial_position,1.7935766128248127,0.8123067528071205,0.824531006353259,2.800589002131704,m2
0.41091037902940136,ridge,"[25,50)",full,5800,support,trial_causal_fixed_window,0.4197961356994977,cross_session_iteration_a,0.11530909871199857,/home/xinyuan/Work_host/SSM/results/cross_session_iteration_a/official_20261003,1,trial_position,0.10678242857487337,0.0483615180931142,0.03658386286855986,0.12426017119517169,m2
0.1756996103436061,ridge,"[50,128)",full,2480,support,trial_causal_fixed_window,0.07196981084838007,cross_session_iteration_a,-0.015497584731418934,/home/xinyuan/Work_host/SSM/results/cross_session_iteration_a/official_20261003,1,trial_position,0.05612893006303994,0.02542066427050324,0.016525892796189084,0.056131586633851475,m2
0.002479631597591215,ridge,"[128,1000000000)",full,35,support,trial_causal_fixed_window,0.05639763891327627,cross_session_iteration_a,-0.06305580145164158,/home/xinyuan/Work_host/SSM/results/cross_session_iteration_a/official_20261003,1,trial_position,0.0006776492409783284,0.00030690579401253704,0.00019129842620273287,0.0006497612150669602,m2
0.2500177116542685,zero,Q1,full,3529,support,trial_causal_fixed_window,0.3892975373509461,cross_session_iteration_a,0.3543829743529323,/home/xinyuan/Work_host/SSM/results/cross_session_iteration_a/official_20261003,2,query_quartile,0.645499212448031,0.2897739594255399,0.2943648227929093,0.9998349109688534,m2
0.2500177116542685,zero,Q2,full,3529,support,trial_causal_fixed_window,0.4772310320640856,cross_session_iteration_a,0.38456522188706643,/home/xinyuan/Work_host/SSM/results/cross_session_iteration_a/official_20261003,2,query_quartile,0.5287367268021637,0.23735758598078566,0.2530956259225901,0.859660608254631,m2
0.2500177116542685,zero,Q3,full,3529,support,trial_causal_fixed_window,0.5363291446804508,cross_session_iteration_a,0.27490221148792604,/home/xinyuan/Work_host/SSM/results/cross_session_iteration_a/official_20261003,2,query_quartile,0.5238459018280763,0.23516202370856568,0.21270935872902333,0.7224852505446784,m2
0.2499468650371945,zero,Q4,full,3528,support,trial_causal_fixed_window,0.3205958846310271,cross_session_iteration_a,0.3497501507737273,/home/xinyuan/Work_host/SSM/results/cross_session_iteration_a/official_20261003,2,query_quartile,0.5295138121947003,0.2377064308851088,0.23983019255547727,0.8146034466558709,m2
0.16436415161176055,zero,"[0,10)",full,2320,support,trial_causal_fixed_window,0.3861600890731529,cross_session_iteration_a,0.3941464139982368,/home/xinyuan/Work_host/SSM/results/cross_session_iteration_a/official_20261003,2,trial_position,0.24811079004575143,0.1113805324952965,0.12216793955578938,0.41495369524823955,m2
0.24654622741764082,zero,"[10,25)",full,3480,support,trial_causal_fixed_window,0.4394884504343934,cross_session_iteration_a,0.34598219760601956,/home/xinyuan/Work_host/SSM/results/cross_session_iteration_a/official_20261003,2,trial_position,1.8146568722928187,0.814625791546402,0.824531006353259,2.800589002131704,m2
0.41091037902940136,zero,"[25,50)",full,5800,support,trial_causal_fixed_window,0.4395470057482855,cross_session_iteration_a,0.10223561842451157,/home/xinyuan/Work_host/SSM/results/cross_session_iteration_a/official_20261003,2,trial_position,0.10836040114471801,0.048644555840062706,0.03658386286855986,0.12426017119517169,m2
0.1756996103436061,zero,"[50,128)",full,2480,support,trial_causal_fixed_window,0.07447101297718468,cross_session_iteration_a,-0.008955274722306283,/home/xinyuan/Work_host/SSM/results/cross_session_iteration_a/official_20261003,2,trial_position,0.05576732126507383,0.02503475942015589,0.016525892796189084,0.056131586633851475,m2
0.002479631597591215,zero,"[128,1000000000)",full,35,support,trial_causal_fixed_window,0.05817698918874158,cross_session_iteration_a,-0.09853958750859082,/home/xinyuan/Work_host/SSM/results/cross_session_iteration_a/official_20261003,2,trial_position,0.000700268524609248,0.00031436069808286546,0.00019129842620273287,0.0006497612150669602,m2
0.2500177116542685,ridge,Q1,full,3529,support,trial_causal_fixed_window,0.3774309300631247,cross_session_iteration_a,0.3577107412722552,/home/xinyuan/Work_host/SSM/results/cross_session_iteration_a/official_20261003,2,query_quartile,0.6421720527847915,0.2908777853069611,0.2943648227929093,0.9998349109688534,m2
0.2500177116542685,ridge,Q2,full,3529,support,trial_causal_fixed_window,0.46343020425487486,cross_session_iteration_a,0.3913420266871217,/home/xinyuan/Work_host/SSM/results/cross_session_iteration_a/official_20261003,2,query_quartile,0.522914589809605,0.23685901173822962,0.2530956259225901,0.859660608254631,m2
0.2500177116542685,ridge,Q3,full,3529,support,trial_causal_fixed_window,0.5189849620835126,cross_session_iteration_a,0.28628026592632994,/home/xinyuan/Work_host/SSM/results/cross_session_iteration_a/official_20261003,2,query_quartile,0.5156258420199151,0.23355750584813054,0.21270935872902333,0.7224852505446784,m2
0.2499468650371945,ridge,Q4,full,3528,support,trial_causal_fixed_window,0.308246278593352,cross_session_iteration_a,0.3528475528710735,/home/xinyuan/Work_host/SSM/results/cross_session_iteration_a/official_20261003,2,query_quartile,0.526991524501105,0.23870569710667877,0.23983019255547727,0.8146034466558709,m2
0.16436415161176055,ridge,"[0,10)",full,2320,support,trial_causal_fixed_window,0.37051923901781925,cross_session_iteration_a,0.38911226879153427,/home/xinyuan/Work_host/SSM/results/cross_session_iteration_a/official_20261003,2,trial_position,0.250172386730658,0.11331790208185433,0.12216793955578938,0.41495369524823955,m2
0.24654622741764082,ridge,"[10,25)",full,3480,support,trial_causal_fixed_window,0.4259720479096392,cross_session_iteration_a,0.353487131891433,/home/xinyuan/Work_host/SSM/results/cross_session_iteration_a/official_20261003,2,trial_position,1.7938334627047605,0.8125334987381366,0.824531006353259,2.800589002131704,m2
0.41091037902940136,ridge,"[25,50)",full,5800,support,trial_causal_fixed_window,0.4223092902466141,cross_session_iteration_a,0.11535364871362153,/home/xinyuan/Work_host/SSM/results/cross_session_iteration_a/official_20261003,2,trial_position,0.10677705137775358,0.04836565542159659,0.03658386286855986,0.12426017119517169,m2
0.1756996103436061,ridge,"[50,128)",full,2480,support,trial_causal_fixed_window,0.07041191363912055,cross_session_iteration_a,-0.017585537758764147,/home/xinyuan/Work_host/SSM/results/cross_session_iteration_a/official_20261003,2,trial_position,0.05624433611738105,0.025476393522479965,0.016525892796189084,0.056131586633851475,m2
0.002479631597591215,ridge,"[128,1000000000)",full,35,support,trial_causal_fixed_window,0.05379565594118561,cross_session_iteration_a,-0.06167992801341993,/home/xinyuan/Work_host/SSM/results/cross_session_iteration_a/official_20261003,2,trial_position,0.0006767721848634755,0.00030655023593250834,0.00019129842620273287,0.0006497612150669602,m2
