best_checkpoint_sha256,best_prefix_val_r2,best_step,completed_steps,convergence_satisfied,final_budget,fit_seconds,initial_trainable_params,last_checkpoint_sha256,lr,method,normalizer,path,peak_cuda_allocated_mb,peak_trainable_params,seed,selection_admissible,target_data_sha256,task
accc3c69d774cc58139d55544d0b55dc415f2b68bc2d2b8c918c5ad4d373bee0,0.6877590417861938,0,0,True,0,5.140406114980578,0,0516078a0f3f981b6f35992a012d1b9df42b76949a08c8109e8cb2b2dc54f32b,0.0,none,"{'x_mean': {'shape': [64], 'dtype': 'float32', 'sha256': 'e7fec0c26c9bd1c104034e25d4e65e85c036501dd694badcc834a80154ec6fa1'}, 'x_std': {'shape': [64], 'dtype': 'float32', 'sha256': '078efcee06284aeb03c5e11289360c4035c30d83c8875451ab6aea928bf08da1'}, 'y_mean': {'shape': [16], 'dtype': 'float32', 'sha256': '9e185fdc99a99f0021ecfb4b5c3e19fe8da42c875fc4802192bdc9e1e49598a1'}, 'y_std': {'shape': [16], 'dtype': 'float32', 'sha256': '0643ee5b0d83b51124ac645da9ae48fa50c7f3818df2d2a3e15ff1aa492477c7'}}",/home/xinyuan/Work_host/SSM/results/cross_session_iteration_a/official_20261003/m1/none/seed0/lr0,648.87451171875,0,0,True,96e7f078c6acb89b802b6241a36b9c9e2d04df82c180a63354fd3f7e74357254,m1
294924b31aa5fed66b1f93f81bb6fc2f0856b01ef7f736f5e295a96aecbc8335,0.7572222352027893,100,2000,True,2000,124.09566359501332,21264,78236ca83e1a1df6c0d4f2ed472fbba4fa4e5c93e4618f9148410f71c5dc6b09,0.0003,io,"{'x_mean': {'shape': [64], 'dtype': 'float32', 'sha256': 'e7fec0c26c9bd1c104034e25d4e65e85c036501dd694badcc834a80154ec6fa1'}, 'x_std': {'shape': [64], 'dtype': 'float32', 'sha256': '078efcee06284aeb03c5e11289360c4035c30d83c8875451ab6aea928bf08da1'}, 'y_mean': {'shape': [16], 'dtype': 'float32', 'sha256': '9e185fdc99a99f0021ecfb4b5c3e19fe8da42c875fc4802192bdc9e1e49598a1'}, 'y_std': {'shape': [16], 'dtype': 'float32', 'sha256': '0643ee5b0d83b51124ac645da9ae48fa50c7f3818df2d2a3e15ff1aa492477c7'}}",/home/xinyuan/Work_host/SSM/results/cross_session_iteration_a/official_20261003/m1/io/seed0/lr0p0003,648.87451171875,21264,0,True,96e7f078c6acb89b802b6241a36b9c9e2d04df82c180a63354fd3f7e74357254,m1
ca175e4e162dea4a0671e91a6733fd9d5b9aac38d24d869f76c957c4830b0e2e,0.7543522119522095,100,2000,True,2000,46.58789355773479,21264,a1c0bdb40ca6e189292b216ecaf3ef64e6acec9a7e09fc484a41610c2b234112,0.001,io,"{'x_mean': {'shape': [64], 'dtype': 'float32', 'sha256': 'e7fec0c26c9bd1c104034e25d4e65e85c036501dd694badcc834a80154ec6fa1'}, 'x_std': {'shape': [64], 'dtype': 'float32', 'sha256': '078efcee06284aeb03c5e11289360c4035c30d83c8875451ab6aea928bf08da1'}, 'y_mean': {'shape': [16], 'dtype': 'float32', 'sha256': '9e185fdc99a99f0021ecfb4b5c3e19fe8da42c875fc4802192bdc9e1e49598a1'}, 'y_std': {'shape': [16], 'dtype': 'float32', 'sha256': '0643ee5b0d83b51124ac645da9ae48fa50c7f3818df2d2a3e15ff1aa492477c7'}}",/home/xinyuan/Work_host/SSM/results/cross_session_iteration_a/official_20261003/m1/io/seed0/lr0p001,648.87451171875,21264,0,True,96e7f078c6acb89b802b6241a36b9c9e2d04df82c180a63354fd3f7e74357254,m1
9ce26b1a208bc30718606eedabb326a20b8fcdc763cd6327a24a1995dc7a58d5,0.7585892677307129,100,2000,True,2000,46.72443587426096,21264,8211daa236d6613fee7a4fcd899c94336cc37cd78114d5fc029c47cc25485ec1,0.0003,io,"{'x_mean': {'shape': [64], 'dtype': 'float32', 'sha256': 'e7fec0c26c9bd1c104034e25d4e65e85c036501dd694badcc834a80154ec6fa1'}, 'x_std': {'shape': [64], 'dtype': 'float32', 'sha256': '078efcee06284aeb03c5e11289360c4035c30d83c8875451ab6aea928bf08da1'}, 'y_mean': {'shape': [16], 'dtype': 'float32', 'sha256': '9e185fdc99a99f0021ecfb4b5c3e19fe8da42c875fc4802192bdc9e1e49598a1'}, 'y_std': {'shape': [16], 'dtype': 'float32', 'sha256': '0643ee5b0d83b51124ac645da9ae48fa50c7f3818df2d2a3e15ff1aa492477c7'}}",/home/xinyuan/Work_host/SSM/results/cross_session_iteration_a/official_20261003/m1/io/seed1/lr0p0003,648.87451171875,21264,1,True,96e7f078c6acb89b802b6241a36b9c9e2d04df82c180a63354fd3f7e74357254,m1
6c8ee9589159fa7ecd0104b92c2e9cac5cb8a057dc151e226ed2fceaf1bab3f0,0.7547928094863892,100,2000,True,2000,46.77834828477353,21264,928a0b4227ed196046261cb82f2a94ecad1c36af1b9074406185e1484ecc3ac5,0.001,io,"{'x_mean': {'shape': [64], 'dtype': 'float32', 'sha256': 'e7fec0c26c9bd1c104034e25d4e65e85c036501dd694badcc834a80154ec6fa1'}, 'x_std': {'shape': [64], 'dtype': 'float32', 'sha256': '078efcee06284aeb03c5e11289360c4035c30d83c8875451ab6aea928bf08da1'}, 'y_mean': {'shape': [16], 'dtype': 'float32', 'sha256': '9e185fdc99a99f0021ecfb4b5c3e19fe8da42c875fc4802192bdc9e1e49598a1'}, 'y_std': {'shape': [16], 'dtype': 'float32', 'sha256': '0643ee5b0d83b51124ac645da9ae48fa50c7f3818df2d2a3e15ff1aa492477c7'}}",/home/xinyuan/Work_host/SSM/results/cross_session_iteration_a/official_20261003/m1/io/seed1/lr0p001,648.87451171875,21264,1,True,96e7f078c6acb89b802b6241a36b9c9e2d04df82c180a63354fd3f7e74357254,m1
a6c1d8c1ab8e71c8ffa0b7c08b551baf1db15d374e5ebe2f46fcc311872cd5d3,0.7574357986450195,100,2000,True,2000,46.657524831127375,21264,cdddc4134b8d8eae5c4a7995ca596c1cc829dc380e586a9dcc4d3214d5923723,0.0003,io,"{'x_mean': {'shape': [64], 'dtype': 'float32', 'sha256': 'e7fec0c26c9bd1c104034e25d4e65e85c036501dd694badcc834a80154ec6fa1'}, 'x_std': {'shape': [64], 'dtype': 'float32', 'sha256': '078efcee06284aeb03c5e11289360c4035c30d83c8875451ab6aea928bf08da1'}, 'y_mean': {'shape': [16], 'dtype': 'float32', 'sha256': '9e185fdc99a99f0021ecfb4b5c3e19fe8da42c875fc4802192bdc9e1e49598a1'}, 'y_std': {'shape': [16], 'dtype': 'float32', 'sha256': '0643ee5b0d83b51124ac645da9ae48fa50c7f3818df2d2a3e15ff1aa492477c7'}}",/home/xinyuan/Work_host/SSM/results/cross_session_iteration_a/official_20261003/m1/io/seed2/lr0p0003,648.87451171875,21264,2,True,96e7f078c6acb89b802b6241a36b9c9e2d04df82c180a63354fd3f7e74357254,m1
73d14c12d959f4f023c0f5703918abc7a6f4260b3271630dbafc363176c320f5,0.751882791519165,100,2000,True,2000,46.756011047400534,21264,de6effb72d44fba58744d3a96d6214f4a648ce32b4dc7f8dd0e50e000a84f340,0.001,io,"{'x_mean': {'shape': [64], 'dtype': 'float32', 'sha256': 'e7fec0c26c9bd1c104034e25d4e65e85c036501dd694badcc834a80154ec6fa1'}, 'x_std': {'shape': [64], 'dtype': 'float32', 'sha256': '078efcee06284aeb03c5e11289360c4035c30d83c8875451ab6aea928bf08da1'}, 'y_mean': {'shape': [16], 'dtype': 'float32', 'sha256': '9e185fdc99a99f0021ecfb4b5c3e19fe8da42c875fc4802192bdc9e1e49598a1'}, 'y_std': {'shape': [16], 'dtype': 'float32', 'sha256': '0643ee5b0d83b51124ac645da9ae48fa50c7f3818df2d2a3e15ff1aa492477c7'}}",/home/xinyuan/Work_host/SSM/results/cross_session_iteration_a/official_20261003/m1/io/seed2/lr0p001,648.87451171875,21264,2,True,96e7f078c6acb89b802b6241a36b9c9e2d04df82c180a63354fd3f7e74357254,m1
6d17f5807f334a556b70c2fdfe01f8a9b0b3516a4fcc1871c82906f7d9a20356,0.7635124921798706,200,2000,True,2000,53.08701750962064,36928,955dbdfc6a7525ef4d412709073d15bee09bcf0276a5040e608006ea8d80689e,0.0003,lora,"{'x_mean': {'shape': [64], 'dtype': 'float32', 'sha256': 'e7fec0c26c9bd1c104034e25d4e65e85c036501dd694badcc834a80154ec6fa1'}, 'x_std': {'shape': [64], 'dtype': 'float32', 'sha256': '078efcee06284aeb03c5e11289360c4035c30d83c8875451ab6aea928bf08da1'}, 'y_mean': {'shape': [16], 'dtype': 'float32', 'sha256': '9e185fdc99a99f0021ecfb4b5c3e19fe8da42c875fc4802192bdc9e1e49598a1'}, 'y_std': {'shape': [16], 'dtype': 'float32', 'sha256': '0643ee5b0d83b51124ac645da9ae48fa50c7f3818df2d2a3e15ff1aa492477c7'}}",/home/xinyuan/Work_host/SSM/results/cross_session_iteration_a/official_20261003/m1/lora/seed0/lr0p0003,649.06005859375,36928,0,True,96e7f078c6acb89b802b6241a36b9c9e2d04df82c180a63354fd3f7e74357254,m1
1ac16602c06bf8ae2f3ad683b8863c79df04a4a7955e33741ec5e51a3adeae58,0.7556835412979126,100,2000,True,2000,53.3321014046669,36928,ffb0d2dfb81c472caea6cded9e3fa017a54ed12990798b4379b48ca12cc492c1,0.001,lora,"{'x_mean': {'shape': [64], 'dtype': 'float32', 'sha256': 'e7fec0c26c9bd1c104034e25d4e65e85c036501dd694badcc834a80154ec6fa1'}, 'x_std': {'shape': [64], 'dtype': 'float32', 'sha256': '078efcee06284aeb03c5e11289360c4035c30d83c8875451ab6aea928bf08da1'}, 'y_mean': {'shape': [16], 'dtype': 'float32', 'sha256': '9e185fdc99a99f0021ecfb4b5c3e19fe8da42c875fc4802192bdc9e1e49598a1'}, 'y_std': {'shape': [16], 'dtype': 'float32', 'sha256': '0643ee5b0d83b51124ac645da9ae48fa50c7f3818df2d2a3e15ff1aa492477c7'}}",/home/xinyuan/Work_host/SSM/results/cross_session_iteration_a/official_20261003/m1/lora/seed0/lr0p001,649.06005859375,36928,0,True,96e7f078c6acb89b802b6241a36b9c9e2d04df82c180a63354fd3f7e74357254,m1
62c6920096c10cf7d1208b18a6b6717509a456e3062050065c82a5725f04a4fa,0.7146674394607544,100,2000,True,2000,53.12669364083558,36928,251bfc79057fac1ad4d5d7e526afd729954e6dcb65b1cd7fee54256c0c4ceb1e,0.003,lora,"{'x_mean': {'shape': [64], 'dtype': 'float32', 'sha256': 'e7fec0c26c9bd1c104034e25d4e65e85c036501dd694badcc834a80154ec6fa1'}, 'x_std': {'shape': [64], 'dtype': 'float32', 'sha256': '078efcee06284aeb03c5e11289360c4035c30d83c8875451ab6aea928bf08da1'}, 'y_mean': {'shape': [16], 'dtype': 'float32', 'sha256': '9e185fdc99a99f0021ecfb4b5c3e19fe8da42c875fc4802192bdc9e1e49598a1'}, 'y_std': {'shape': [16], 'dtype': 'float32', 'sha256': '0643ee5b0d83b51124ac645da9ae48fa50c7f3818df2d2a3e15ff1aa492477c7'}}",/home/xinyuan/Work_host/SSM/results/cross_session_iteration_a/official_20261003/m1/lora/seed0/lr0p003,649.06005859375,36928,0,True,96e7f078c6acb89b802b6241a36b9c9e2d04df82c180a63354fd3f7e74357254,m1
91bb87d3fee9f0e3518bd8436a99d759ec39ef0f1d56682a34f6429f3f5bc62e,0.767484724521637,200,2000,True,2000,53.38790981983766,36928,c9b56cae18b1a95c000b6abf0d31d50f857292ad35ef715a6d34c969d5b6b753,0.0003,lora,"{'x_mean': {'shape': [64], 'dtype': 'float32', 'sha256': 'e7fec0c26c9bd1c104034e25d4e65e85c036501dd694badcc834a80154ec6fa1'}, 'x_std': {'shape': [64], 'dtype': 'float32', 'sha256': '078efcee06284aeb03c5e11289360c4035c30d83c8875451ab6aea928bf08da1'}, 'y_mean': {'shape': [16], 'dtype': 'float32', 'sha256': '9e185fdc99a99f0021ecfb4b5c3e19fe8da42c875fc4802192bdc9e1e49598a1'}, 'y_std': {'shape': [16], 'dtype': 'float32', 'sha256': '0643ee5b0d83b51124ac645da9ae48fa50c7f3818df2d2a3e15ff1aa492477c7'}}",/home/xinyuan/Work_host/SSM/results/cross_session_iteration_a/official_20261003/m1/lora/seed1/lr0p0003,649.06005859375,36928,1,True,96e7f078c6acb89b802b6241a36b9c9e2d04df82c180a63354fd3f7e74357254,m1
4415ebc523d09c130b9e810308b836da36a1eb1dcdc7f50e91e729ae7d4afb61,0.7583059072494507,100,2000,True,2000,53.37295484310016,36928,a22e000e6cb6b5be4bcfe77b474b215d4fdbc3f283f3a0b0d19cc16aa91b943a,0.001,lora,"{'x_mean': {'shape': [64], 'dtype': 'float32', 'sha256': 'e7fec0c26c9bd1c104034e25d4e65e85c036501dd694badcc834a80154ec6fa1'}, 'x_std': {'shape': [64], 'dtype': 'float32', 'sha256': '078efcee06284aeb03c5e11289360c4035c30d83c8875451ab6aea928bf08da1'}, 'y_mean': {'shape': [16], 'dtype': 'float32', 'sha256': '9e185fdc99a99f0021ecfb4b5c3e19fe8da42c875fc4802192bdc9e1e49598a1'}, 'y_std': {'shape': [16], 'dtype': 'float32', 'sha256': '0643ee5b0d83b51124ac645da9ae48fa50c7f3818df2d2a3e15ff1aa492477c7'}}",/home/xinyuan/Work_host/SSM/results/cross_session_iteration_a/official_20261003/m1/lora/seed1/lr0p001,649.06005859375,36928,1,True,96e7f078c6acb89b802b6241a36b9c9e2d04df82c180a63354fd3f7e74357254,m1
f7d015122fbba39477181f177d0de872a21923de7cea5a7b1801fc851a09b581,0.7227623462677002,100,2000,True,2000,53.014537452720106,36928,6857962045d485146d0b85799fe226f6ec9cc4ebee0fcdea05179121a8df31f0,0.003,lora,"{'x_mean': {'shape': [64], 'dtype': 'float32', 'sha256': 'e7fec0c26c9bd1c104034e25d4e65e85c036501dd694badcc834a80154ec6fa1'}, 'x_std': {'shape': [64], 'dtype': 'float32', 'sha256': '078efcee06284aeb03c5e11289360c4035c30d83c8875451ab6aea928bf08da1'}, 'y_mean': {'shape': [16], 'dtype': 'float32', 'sha256': '9e185fdc99a99f0021ecfb4b5c3e19fe8da42c875fc4802192bdc9e1e49598a1'}, 'y_std': {'shape': [16], 'dtype': 'float32', 'sha256': '0643ee5b0d83b51124ac645da9ae48fa50c7f3818df2d2a3e15ff1aa492477c7'}}",/home/xinyuan/Work_host/SSM/results/cross_session_iteration_a/official_20261003/m1/lora/seed1/lr0p003,649.06005859375,36928,1,True,96e7f078c6acb89b802b6241a36b9c9e2d04df82c180a63354fd3f7e74357254,m1
fe8a7aa85a141d4e85149629f79b4f75c498da06e9954cc5ed7b11b786a668de,0.7678095698356628,200,2000,True,2000,53.014684602152556,36928,f8afd6a42a91aeda8eb8502bed9f09f544262ffbd8770b4c6c0211987c686cfd,0.0003,lora,"{'x_mean': {'shape': [64], 'dtype': 'float32', 'sha256': 'e7fec0c26c9bd1c104034e25d4e65e85c036501dd694badcc834a80154ec6fa1'}, 'x_std': {'shape': [64], 'dtype': 'float32', 'sha256': '078efcee06284aeb03c5e11289360c4035c30d83c8875451ab6aea928bf08da1'}, 'y_mean': {'shape': [16], 'dtype': 'float32', 'sha256': '9e185fdc99a99f0021ecfb4b5c3e19fe8da42c875fc4802192bdc9e1e49598a1'}, 'y_std': {'shape': [16], 'dtype': 'float32', 'sha256': '0643ee5b0d83b51124ac645da9ae48fa50c7f3818df2d2a3e15ff1aa492477c7'}}",/home/xinyuan/Work_host/SSM/results/cross_session_iteration_a/official_20261003/m1/lora/seed2/lr0p0003,649.06005859375,36928,2,True,96e7f078c6acb89b802b6241a36b9c9e2d04df82c180a63354fd3f7e74357254,m1
086e5e11542ed44f59e269bdaac22bf0891cfe4558400abe29a9bc9d48ebf81b,0.7591390013694763,100,2000,True,2000,53.12571276212111,36928,014009833590ea54d1163f82e9f8a501cebf6169382384521b8016319ac4db2a,0.001,lora,"{'x_mean': {'shape': [64], 'dtype': 'float32', 'sha256': 'e7fec0c26c9bd1c104034e25d4e65e85c036501dd694badcc834a80154ec6fa1'}, 'x_std': {'shape': [64], 'dtype': 'float32', 'sha256': '078efcee06284aeb03c5e11289360c4035c30d83c8875451ab6aea928bf08da1'}, 'y_mean': {'shape': [16], 'dtype': 'float32', 'sha256': '9e185fdc99a99f0021ecfb4b5c3e19fe8da42c875fc4802192bdc9e1e49598a1'}, 'y_std': {'shape': [16], 'dtype': 'float32', 'sha256': '0643ee5b0d83b51124ac645da9ae48fa50c7f3818df2d2a3e15ff1aa492477c7'}}",/home/xinyuan/Work_host/SSM/results/cross_session_iteration_a/official_20261003/m1/lora/seed2/lr0p001,649.06005859375,36928,2,True,96e7f078c6acb89b802b6241a36b9c9e2d04df82c180a63354fd3f7e74357254,m1
0a6ed4bca0024d3136135249d9ad56714159c5f75c9b93cca1229bf1324a6b82,0.72336745262146,100,2000,True,2000,53.154115681070834,36928,237f5ace2e5c1838883fe8618c2757c3f676654b4fabf2e5a4a51f66b17a4584,0.003,lora,"{'x_mean': {'shape': [64], 'dtype': 'float32', 'sha256': 'e7fec0c26c9bd1c104034e25d4e65e85c036501dd694badcc834a80154ec6fa1'}, 'x_std': {'shape': [64], 'dtype': 'float32', 'sha256': '078efcee06284aeb03c5e11289360c4035c30d83c8875451ab6aea928bf08da1'}, 'y_mean': {'shape': [16], 'dtype': 'float32', 'sha256': '9e185fdc99a99f0021ecfb4b5c3e19fe8da42c875fc4802192bdc9e1e49598a1'}, 'y_std': {'shape': [16], 'dtype': 'float32', 'sha256': '0643ee5b0d83b51124ac645da9ae48fa50c7f3818df2d2a3e15ff1aa492477c7'}}",/home/xinyuan/Work_host/SSM/results/cross_session_iteration_a/official_20261003/m1/lora/seed2/lr0p003,649.06005859375,36928,2,True,96e7f078c6acb89b802b6241a36b9c9e2d04df82c180a63354fd3f7e74357254,m1
db7574fe86bb7471271572d007d49ea80140653951d7af32b516f26bb8d35c7c,0.7526922225952148,5000,8000,True,8000,98.96501639671624,128,332c1933252791fbfc2ce3495ca1f86c7cc31119a2500a1c3d87adf3b5d9139c,0.0003,affine,"{'x_mean': {'shape': [64], 'dtype': 'float32', 'sha256': 'e7fec0c26c9bd1c104034e25d4e65e85c036501dd694badcc834a80154ec6fa1'}, 'x_std': {'shape': [64], 'dtype': 'float32', 'sha256': '078efcee06284aeb03c5e11289360c4035c30d83c8875451ab6aea928bf08da1'}, 'y_mean': {'shape': [16], 'dtype': 'float32', 'sha256': '9e185fdc99a99f0021ecfb4b5c3e19fe8da42c875fc4802192bdc9e1e49598a1'}, 'y_std': {'shape': [16], 'dtype': 'float32', 'sha256': '0643ee5b0d83b51124ac645da9ae48fa50c7f3818df2d2a3e15ff1aa492477c7'}}",/home/xinyuan/Work_host/SSM/results/cross_session_iteration_a/official_20261003/m1/affine/seed0/lr0p0003,656.87548828125,128,0,True,96e7f078c6acb89b802b6241a36b9c9e2d04df82c180a63354fd3f7e74357254,m1
911f7efd96357b3654fbe7feab005e255698faf67180554fa5f63a9bf3828343,0.7529537081718445,1300,2000,True,2000,46.651633916888386,128,68c40de9c6d5d1d1fd56f1e82cce3a55c1ac73658df6250fff0c9829b30ad2df,0.001,affine,"{'x_mean': {'shape': [64], 'dtype': 'float32', 'sha256': 'e7fec0c26c9bd1c104034e25d4e65e85c036501dd694badcc834a80154ec6fa1'}, 'x_std': {'shape': [64], 'dtype': 'float32', 'sha256': '078efcee06284aeb03c5e11289360c4035c30d83c8875451ab6aea928bf08da1'}, 'y_mean': {'shape': [16], 'dtype': 'float32', 'sha256': '9e185fdc99a99f0021ecfb4b5c3e19fe8da42c875fc4802192bdc9e1e49598a1'}, 'y_std': {'shape': [16], 'dtype': 'float32', 'sha256': '0643ee5b0d83b51124ac645da9ae48fa50c7f3818df2d2a3e15ff1aa492477c7'}}",/home/xinyuan/Work_host/SSM/results/cross_session_iteration_a/official_20261003/m1/affine/seed0/lr0p001,656.87548828125,128,0,True,96e7f078c6acb89b802b6241a36b9c9e2d04df82c180a63354fd3f7e74357254,m1
0549db477d37c1bf3b32a172583e355a11240a6ce6b6a15c0d1ca1518783b91b,0.7534673810005188,400,2000,True,2000,46.614210373256356,128,d5b4d31cc36a4ef74d6135d0de2813daf4e3e1b8b1bf3d65c3a9a3d3adc6227b,0.003,affine,"{'x_mean': {'shape': [64], 'dtype': 'float32', 'sha256': 'e7fec0c26c9bd1c104034e25d4e65e85c036501dd694badcc834a80154ec6fa1'}, 'x_std': {'shape': [64], 'dtype': 'float32', 'sha256': '078efcee06284aeb03c5e11289360c4035c30d83c8875451ab6aea928bf08da1'}, 'y_mean': {'shape': [16], 'dtype': 'float32', 'sha256': '9e185fdc99a99f0021ecfb4b5c3e19fe8da42c875fc4802192bdc9e1e49598a1'}, 'y_std': {'shape': [16], 'dtype': 'float32', 'sha256': '0643ee5b0d83b51124ac645da9ae48fa50c7f3818df2d2a3e15ff1aa492477c7'}}",/home/xinyuan/Work_host/SSM/results/cross_session_iteration_a/official_20261003/m1/affine/seed0/lr0p003,656.87548828125,128,0,True,96e7f078c6acb89b802b6241a36b9c9e2d04df82c180a63354fd3f7e74357254,m1
96e24ed8e691a32c751d254d7158050c3e981a435c73dd11c639ef1796b8c47d,0.7526378631591797,4200,8000,True,8000,99.17451587086543,128,81857d645411d42c7593594bbe0d72e05297e40f9dbf1e4851247b4b507298e8,0.0003,affine,"{'x_mean': {'shape': [64], 'dtype': 'float32', 'sha256': 'e7fec0c26c9bd1c104034e25d4e65e85c036501dd694badcc834a80154ec6fa1'}, 'x_std': {'shape': [64], 'dtype': 'float32', 'sha256': '078efcee06284aeb03c5e11289360c4035c30d83c8875451ab6aea928bf08da1'}, 'y_mean': {'shape': [16], 'dtype': 'float32', 'sha256': '9e185fdc99a99f0021ecfb4b5c3e19fe8da42c875fc4802192bdc9e1e49598a1'}, 'y_std': {'shape': [16], 'dtype': 'float32', 'sha256': '0643ee5b0d83b51124ac645da9ae48fa50c7f3818df2d2a3e15ff1aa492477c7'}}",/home/xinyuan/Work_host/SSM/results/cross_session_iteration_a/official_20261003/m1/affine/seed1/lr0p0003,656.87548828125,128,1,True,96e7f078c6acb89b802b6241a36b9c9e2d04df82c180a63354fd3f7e74357254,m1
e9f8929a0b9b49d629dadbd960545a765508a31fe4b72d9a84e95aaeb2682654,0.7519111633300781,1500,2000,True,2000,46.680254098027945,128,44eb3adde460467e4efd9692b3e65122e5cfb677296a87dc5c61662d994a01ae,0.001,affine,"{'x_mean': {'shape': [64], 'dtype': 'float32', 'sha256': 'e7fec0c26c9bd1c104034e25d4e65e85c036501dd694badcc834a80154ec6fa1'}, 'x_std': {'shape': [64], 'dtype': 'float32', 'sha256': '078efcee06284aeb03c5e11289360c4035c30d83c8875451ab6aea928bf08da1'}, 'y_mean': {'shape': [16], 'dtype': 'float32', 'sha256': '9e185fdc99a99f0021ecfb4b5c3e19fe8da42c875fc4802192bdc9e1e49598a1'}, 'y_std': {'shape': [16], 'dtype': 'float32', 'sha256': '0643ee5b0d83b51124ac645da9ae48fa50c7f3818df2d2a3e15ff1aa492477c7'}}",/home/xinyuan/Work_host/SSM/results/cross_session_iteration_a/official_20261003/m1/affine/seed1/lr0p001,656.87548828125,128,1,True,96e7f078c6acb89b802b6241a36b9c9e2d04df82c180a63354fd3f7e74357254,m1
ea55c325b2c93044910a60cbf3a73e6c36527d9f89bc532955f35fc582237f35,0.7525444030761719,600,2000,True,2000,46.632977556437254,128,344b54abd299cfb1273f3de201bdf06d790b3c5d11744e042837940c2c4eedca,0.003,affine,"{'x_mean': {'shape': [64], 'dtype': 'float32', 'sha256': 'e7fec0c26c9bd1c104034e25d4e65e85c036501dd694badcc834a80154ec6fa1'}, 'x_std': {'shape': [64], 'dtype': 'float32', 'sha256': '078efcee06284aeb03c5e11289360c4035c30d83c8875451ab6aea928bf08da1'}, 'y_mean': {'shape': [16], 'dtype': 'float32', 'sha256': '9e185fdc99a99f0021ecfb4b5c3e19fe8da42c875fc4802192bdc9e1e49598a1'}, 'y_std': {'shape': [16], 'dtype': 'float32', 'sha256': '0643ee5b0d83b51124ac645da9ae48fa50c7f3818df2d2a3e15ff1aa492477c7'}}",/home/xinyuan/Work_host/SSM/results/cross_session_iteration_a/official_20261003/m1/affine/seed1/lr0p003,656.87548828125,128,1,True,96e7f078c6acb89b802b6241a36b9c9e2d04df82c180a63354fd3f7e74357254,m1
4c60264f5a95690c6513aeba79e8b81a197804b3b0323fb8dbc4c74bafa5ba63,0.7533681988716125,4300,8000,True,8000,98.69382699206471,128,1885d288f7ddbb7d4028cbb3b24f8431a83ff16211b94688d788f74413635674,0.0003,affine,"{'x_mean': {'shape': [64], 'dtype': 'float32', 'sha256': 'e7fec0c26c9bd1c104034e25d4e65e85c036501dd694badcc834a80154ec6fa1'}, 'x_std': {'shape': [64], 'dtype': 'float32', 'sha256': '078efcee06284aeb03c5e11289360c4035c30d83c8875451ab6aea928bf08da1'}, 'y_mean': {'shape': [16], 'dtype': 'float32', 'sha256': '9e185fdc99a99f0021ecfb4b5c3e19fe8da42c875fc4802192bdc9e1e49598a1'}, 'y_std': {'shape': [16], 'dtype': 'float32', 'sha256': '0643ee5b0d83b51124ac645da9ae48fa50c7f3818df2d2a3e15ff1aa492477c7'}}",/home/xinyuan/Work_host/SSM/results/cross_session_iteration_a/official_20261003/m1/affine/seed2/lr0p0003,656.87548828125,128,2,True,96e7f078c6acb89b802b6241a36b9c9e2d04df82c180a63354fd3f7e74357254,m1
eb222b957672ee5e39e7372bcc8cfd561065ce8bcf266dc8734e72355be1480f,0.7523828148841858,1200,2000,True,2000,46.80431749392301,128,a4b9eed07d09c7d877a5747d1ff8242e864d321b21a24af6fea632c226c65ad7,0.001,affine,"{'x_mean': {'shape': [64], 'dtype': 'float32', 'sha256': 'e7fec0c26c9bd1c104034e25d4e65e85c036501dd694badcc834a80154ec6fa1'}, 'x_std': {'shape': [64], 'dtype': 'float32', 'sha256': '078efcee06284aeb03c5e11289360c4035c30d83c8875451ab6aea928bf08da1'}, 'y_mean': {'shape': [16], 'dtype': 'float32', 'sha256': '9e185fdc99a99f0021ecfb4b5c3e19fe8da42c875fc4802192bdc9e1e49598a1'}, 'y_std': {'shape': [16], 'dtype': 'float32', 'sha256': '0643ee5b0d83b51124ac645da9ae48fa50c7f3818df2d2a3e15ff1aa492477c7'}}",/home/xinyuan/Work_host/SSM/results/cross_session_iteration_a/official_20261003/m1/affine/seed2/lr0p001,656.87548828125,128,2,True,96e7f078c6acb89b802b6241a36b9c9e2d04df82c180a63354fd3f7e74357254,m1
9c7260ee38a34b7120e67d0165631e9b1ab3820669605bd483d258aa4a0b8997,0.7527002096176147,500,2000,True,2000,46.77007715776563,128,8a34228dad32423be74faa229448019497c31b6e529f7efa56e3adfd67b287a4,0.003,affine,"{'x_mean': {'shape': [64], 'dtype': 'float32', 'sha256': 'e7fec0c26c9bd1c104034e25d4e65e85c036501dd694badcc834a80154ec6fa1'}, 'x_std': {'shape': [64], 'dtype': 'float32', 'sha256': '078efcee06284aeb03c5e11289360c4035c30d83c8875451ab6aea928bf08da1'}, 'y_mean': {'shape': [16], 'dtype': 'float32', 'sha256': '9e185fdc99a99f0021ecfb4b5c3e19fe8da42c875fc4802192bdc9e1e49598a1'}, 'y_std': {'shape': [16], 'dtype': 'float32', 'sha256': '0643ee5b0d83b51124ac645da9ae48fa50c7f3818df2d2a3e15ff1aa492477c7'}}",/home/xinyuan/Work_host/SSM/results/cross_session_iteration_a/official_20261003/m1/affine/seed2/lr0p003,656.87548828125,128,2,True,96e7f078c6acb89b802b6241a36b9c9e2d04df82c180a63354fd3f7e74357254,m1
e9b956a0e142d2f973e9e321e7ab02ff2d87708839893f0158f3db061cd9f229,0.7640295028686523,200,2000,True,2000,53.27234728401527,37056,5874612498facdf1d9b7cc7fba714056934b5239cfa207c4764b7bb26e3ec057,0.0003,affine_lora,"{'x_mean': {'shape': [64], 'dtype': 'float32', 'sha256': 'e7fec0c26c9bd1c104034e25d4e65e85c036501dd694badcc834a80154ec6fa1'}, 'x_std': {'shape': [64], 'dtype': 'float32', 'sha256': '078efcee06284aeb03c5e11289360c4035c30d83c8875451ab6aea928bf08da1'}, 'y_mean': {'shape': [16], 'dtype': 'float32', 'sha256': '9e185fdc99a99f0021ecfb4b5c3e19fe8da42c875fc4802192bdc9e1e49598a1'}, 'y_std': {'shape': [16], 'dtype': 'float32', 'sha256': '0643ee5b0d83b51124ac645da9ae48fa50c7f3818df2d2a3e15ff1aa492477c7'}}",/home/xinyuan/Work_host/SSM/results/cross_session_iteration_a/official_20261003/m1/affine_lora/seed0/lr0p0003,657.06103515625,37056,0,True,96e7f078c6acb89b802b6241a36b9c9e2d04df82c180a63354fd3f7e74357254,m1
999a3808351f8bb2a3b23be9b92f8b4bf504e9b34133bd152310dac146ce5dac,0.7546308636665344,100,2000,True,2000,53.4392472980544,37056,559fe1289557bf8c06e65abd594acb25202845cae2a7dcbcf64eee68fc1a67bf,0.001,affine_lora,"{'x_mean': {'shape': [64], 'dtype': 'float32', 'sha256': 'e7fec0c26c9bd1c104034e25d4e65e85c036501dd694badcc834a80154ec6fa1'}, 'x_std': {'shape': [64], 'dtype': 'float32', 'sha256': '078efcee06284aeb03c5e11289360c4035c30d83c8875451ab6aea928bf08da1'}, 'y_mean': {'shape': [16], 'dtype': 'float32', 'sha256': '9e185fdc99a99f0021ecfb4b5c3e19fe8da42c875fc4802192bdc9e1e49598a1'}, 'y_std': {'shape': [16], 'dtype': 'float32', 'sha256': '0643ee5b0d83b51124ac645da9ae48fa50c7f3818df2d2a3e15ff1aa492477c7'}}",/home/xinyuan/Work_host/SSM/results/cross_session_iteration_a/official_20261003/m1/affine_lora/seed0/lr0p001,657.06103515625,37056,0,True,96e7f078c6acb89b802b6241a36b9c9e2d04df82c180a63354fd3f7e74357254,m1
af24a3be8201c9b81220e8ebfcef139e69d873154fae187947ed84fd7c88dde0,0.7155885696411133,100,2000,True,2000,53.4544122251682,37056,85bc673b8bd934f7b2bd7b1bbc5a1f235b1cec5271fc51e2351eaf436c43708e,0.003,affine_lora,"{'x_mean': {'shape': [64], 'dtype': 'float32', 'sha256': 'e7fec0c26c9bd1c104034e25d4e65e85c036501dd694badcc834a80154ec6fa1'}, 'x_std': {'shape': [64], 'dtype': 'float32', 'sha256': '078efcee06284aeb03c5e11289360c4035c30d83c8875451ab6aea928bf08da1'}, 'y_mean': {'shape': [16], 'dtype': 'float32', 'sha256': '9e185fdc99a99f0021ecfb4b5c3e19fe8da42c875fc4802192bdc9e1e49598a1'}, 'y_std': {'shape': [16], 'dtype': 'float32', 'sha256': '0643ee5b0d83b51124ac645da9ae48fa50c7f3818df2d2a3e15ff1aa492477c7'}}",/home/xinyuan/Work_host/SSM/results/cross_session_iteration_a/official_20261003/m1/affine_lora/seed0/lr0p003,657.06103515625,37056,0,True,96e7f078c6acb89b802b6241a36b9c9e2d04df82c180a63354fd3f7e74357254,m1
f237abe3cac55356b627c947fb3009be0beb866827e82454e3b5e2c5f48e0d5a,0.7682720422744751,200,2000,True,2000,53.28470362909138,37056,be83f398903ea410d30f33b1110d3fdd70dc526b374f695e7e66907fe7b8a163,0.0003,affine_lora,"{'x_mean': {'shape': [64], 'dtype': 'float32', 'sha256': 'e7fec0c26c9bd1c104034e25d4e65e85c036501dd694badcc834a80154ec6fa1'}, 'x_std': {'shape': [64], 'dtype': 'float32', 'sha256': '078efcee06284aeb03c5e11289360c4035c30d83c8875451ab6aea928bf08da1'}, 'y_mean': {'shape': [16], 'dtype': 'float32', 'sha256': '9e185fdc99a99f0021ecfb4b5c3e19fe8da42c875fc4802192bdc9e1e49598a1'}, 'y_std': {'shape': [16], 'dtype': 'float32', 'sha256': '0643ee5b0d83b51124ac645da9ae48fa50c7f3818df2d2a3e15ff1aa492477c7'}}",/home/xinyuan/Work_host/SSM/results/cross_session_iteration_a/official_20261003/m1/affine_lora/seed1/lr0p0003,657.06103515625,37056,1,True,96e7f078c6acb89b802b6241a36b9c9e2d04df82c180a63354fd3f7e74357254,m1
1595678021b217476b937e5cbf00038bc879402b5f0622241cdefd9ef6886a74,0.7589629888534546,100,2000,True,2000,53.209205236751586,37056,d5061ff4a2e7901bb7117613fc91a932da610f725de87e9644594304416fa04d,0.001,affine_lora,"{'x_mean': {'shape': [64], 'dtype': 'float32', 'sha256': 'e7fec0c26c9bd1c104034e25d4e65e85c036501dd694badcc834a80154ec6fa1'}, 'x_std': {'shape': [64], 'dtype': 'float32', 'sha256': '078efcee06284aeb03c5e11289360c4035c30d83c8875451ab6aea928bf08da1'}, 'y_mean': {'shape': [16], 'dtype': 'float32', 'sha256': '9e185fdc99a99f0021ecfb4b5c3e19fe8da42c875fc4802192bdc9e1e49598a1'}, 'y_std': {'shape': [16], 'dtype': 'float32', 'sha256': '0643ee5b0d83b51124ac645da9ae48fa50c7f3818df2d2a3e15ff1aa492477c7'}}",/home/xinyuan/Work_host/SSM/results/cross_session_iteration_a/official_20261003/m1/affine_lora/seed1/lr0p001,657.06103515625,37056,1,True,96e7f078c6acb89b802b6241a36b9c9e2d04df82c180a63354fd3f7e74357254,m1
31ffc5be7423df39cf17dc4f9d455f11e5e56544bcea7518b2d63bca09063d79,0.7266583442687988,100,2000,True,2000,53.293088532052934,37056,c0da2429d4e1f4cfbfdc995227577f21acb2fe7292c1eab8ff2382db581cb8a9,0.003,affine_lora,"{'x_mean': {'shape': [64], 'dtype': 'float32', 'sha256': 'e7fec0c26c9bd1c104034e25d4e65e85c036501dd694badcc834a80154ec6fa1'}, 'x_std': {'shape': [64], 'dtype': 'float32', 'sha256': '078efcee06284aeb03c5e11289360c4035c30d83c8875451ab6aea928bf08da1'}, 'y_mean': {'shape': [16], 'dtype': 'float32', 'sha256': '9e185fdc99a99f0021ecfb4b5c3e19fe8da42c875fc4802192bdc9e1e49598a1'}, 'y_std': {'shape': [16], 'dtype': 'float32', 'sha256': '0643ee5b0d83b51124ac645da9ae48fa50c7f3818df2d2a3e15ff1aa492477c7'}}",/home/xinyuan/Work_host/SSM/results/cross_session_iteration_a/official_20261003/m1/affine_lora/seed1/lr0p003,657.06103515625,37056,1,True,96e7f078c6acb89b802b6241a36b9c9e2d04df82c180a63354fd3f7e74357254,m1
54d1e873f98843c780ddabff7babd31a56ecd0a34f7232bcc919d8c7596d2096,0.7679705619812012,200,2000,True,2000,53.33632347127423,37056,b3c12085253a9bbfde3613e7976073cc1da713b5e48331c44d92015bb85bd92e,0.0003,affine_lora,"{'x_mean': {'shape': [64], 'dtype': 'float32', 'sha256': 'e7fec0c26c9bd1c104034e25d4e65e85c036501dd694badcc834a80154ec6fa1'}, 'x_std': {'shape': [64], 'dtype': 'float32', 'sha256': '078efcee06284aeb03c5e11289360c4035c30d83c8875451ab6aea928bf08da1'}, 'y_mean': {'shape': [16], 'dtype': 'float32', 'sha256': '9e185fdc99a99f0021ecfb4b5c3e19fe8da42c875fc4802192bdc9e1e49598a1'}, 'y_std': {'shape': [16], 'dtype': 'float32', 'sha256': '0643ee5b0d83b51124ac645da9ae48fa50c7f3818df2d2a3e15ff1aa492477c7'}}",/home/xinyuan/Work_host/SSM/results/cross_session_iteration_a/official_20261003/m1/affine_lora/seed2/lr0p0003,657.06103515625,37056,2,True,96e7f078c6acb89b802b6241a36b9c9e2d04df82c180a63354fd3f7e74357254,m1
a1cf832207d1ed4e0ff708def85241ab53bfdbdc4f7e7f155ded8e5077777a78,0.7585698366165161,100,2000,True,2000,53.30923983640969,37056,467daf5e43438013b8f303109b735866b6a3fb2efc494dc3628ac19bde21504f,0.001,affine_lora,"{'x_mean': {'shape': [64], 'dtype': 'float32', 'sha256': 'e7fec0c26c9bd1c104034e25d4e65e85c036501dd694badcc834a80154ec6fa1'}, 'x_std': {'shape': [64], 'dtype': 'float32', 'sha256': '078efcee06284aeb03c5e11289360c4035c30d83c8875451ab6aea928bf08da1'}, 'y_mean': {'shape': [16], 'dtype': 'float32', 'sha256': '9e185fdc99a99f0021ecfb4b5c3e19fe8da42c875fc4802192bdc9e1e49598a1'}, 'y_std': {'shape': [16], 'dtype': 'float32', 'sha256': '0643ee5b0d83b51124ac645da9ae48fa50c7f3818df2d2a3e15ff1aa492477c7'}}",/home/xinyuan/Work_host/SSM/results/cross_session_iteration_a/official_20261003/m1/affine_lora/seed2/lr0p001,657.06103515625,37056,2,True,96e7f078c6acb89b802b6241a36b9c9e2d04df82c180a63354fd3f7e74357254,m1
f4a56ad05a00762ca642f10daa1d797606107849c5c25e477e5c23b1078a0c17,0.7218425273895264,100,2000,True,2000,53.31967264506966,37056,bb6bcb90faf0b5ae53c2d1ace4569195bd58cf593e416c57c832924dda90d455,0.003,affine_lora,"{'x_mean': {'shape': [64], 'dtype': 'float32', 'sha256': 'e7fec0c26c9bd1c104034e25d4e65e85c036501dd694badcc834a80154ec6fa1'}, 'x_std': {'shape': [64], 'dtype': 'float32', 'sha256': '078efcee06284aeb03c5e11289360c4035c30d83c8875451ab6aea928bf08da1'}, 'y_mean': {'shape': [16], 'dtype': 'float32', 'sha256': '9e185fdc99a99f0021ecfb4b5c3e19fe8da42c875fc4802192bdc9e1e49598a1'}, 'y_std': {'shape': [16], 'dtype': 'float32', 'sha256': '0643ee5b0d83b51124ac645da9ae48fa50c7f3818df2d2a3e15ff1aa492477c7'}}",/home/xinyuan/Work_host/SSM/results/cross_session_iteration_a/official_20261003/m1/affine_lora/seed2/lr0p003,657.06103515625,37056,2,True,96e7f078c6acb89b802b6241a36b9c9e2d04df82c180a63354fd3f7e74357254,m1
abf697c2b58dc5d260cde479b97d6c6f47109db7bdaab585ab57e8c5674e9081,0.7513875365257263,900,2000,True,2000,56.86960720224306,8832,2e9eb2e49993c476f12ce606d4875838f22872871f1cc41434f3ea05b00471d2,0.0003,offset_rotated,"{'x_mean': {'shape': [64], 'dtype': 'float32', 'sha256': 'e7fec0c26c9bd1c104034e25d4e65e85c036501dd694badcc834a80154ec6fa1'}, 'x_std': {'shape': [64], 'dtype': 'float32', 'sha256': '078efcee06284aeb03c5e11289360c4035c30d83c8875451ab6aea928bf08da1'}, 'y_mean': {'shape': [16], 'dtype': 'float32', 'sha256': '9e185fdc99a99f0021ecfb4b5c3e19fe8da42c875fc4802192bdc9e1e49598a1'}, 'y_std': {'shape': [16], 'dtype': 'float32', 'sha256': '0643ee5b0d83b51124ac645da9ae48fa50c7f3818df2d2a3e15ff1aa492477c7'}}",/home/xinyuan/Work_host/SSM/results/cross_session_iteration_a/official_20261003/m1/offset_rotated/seed0/lr0p0003,664.28759765625,8832,0,True,96e7f078c6acb89b802b6241a36b9c9e2d04df82c180a63354fd3f7e74357254,m1
ddc6ea4ca70824f61df163dd2c6b89a419cd44c6960fee07fb10ef906d81fe92,0.7498137950897217,300,2000,True,2000,56.79159245826304,8832,52386731a9530b40ff35b8ca27d31534bff47df78941008d634de7b1b4bf0d75,0.001,offset_rotated,"{'x_mean': {'shape': [64], 'dtype': 'float32', 'sha256': 'e7fec0c26c9bd1c104034e25d4e65e85c036501dd694badcc834a80154ec6fa1'}, 'x_std': {'shape': [64], 'dtype': 'float32', 'sha256': '078efcee06284aeb03c5e11289360c4035c30d83c8875451ab6aea928bf08da1'}, 'y_mean': {'shape': [16], 'dtype': 'float32', 'sha256': '9e185fdc99a99f0021ecfb4b5c3e19fe8da42c875fc4802192bdc9e1e49598a1'}, 'y_std': {'shape': [16], 'dtype': 'float32', 'sha256': '0643ee5b0d83b51124ac645da9ae48fa50c7f3818df2d2a3e15ff1aa492477c7'}}",/home/xinyuan/Work_host/SSM/results/cross_session_iteration_a/official_20261003/m1/offset_rotated/seed0/lr0p001,664.28759765625,8832,0,True,96e7f078c6acb89b802b6241a36b9c9e2d04df82c180a63354fd3f7e74357254,m1
dfe34ece4b020ad2d5bc09532651c0cfcae7c6dd43e41fd8d988350227ce6fae,0.74724942445755,100,2000,True,2000,56.945815798360854,8832,e70228cb4ad6b25af5c5d6085cc2ffc1451f38a34e15507a8948b402d05283da,0.003,offset_rotated,"{'x_mean': {'shape': [64], 'dtype': 'float32', 'sha256': 'e7fec0c26c9bd1c104034e25d4e65e85c036501dd694badcc834a80154ec6fa1'}, 'x_std': {'shape': [64], 'dtype': 'float32', 'sha256': '078efcee06284aeb03c5e11289360c4035c30d83c8875451ab6aea928bf08da1'}, 'y_mean': {'shape': [16], 'dtype': 'float32', 'sha256': '9e185fdc99a99f0021ecfb4b5c3e19fe8da42c875fc4802192bdc9e1e49598a1'}, 'y_std': {'shape': [16], 'dtype': 'float32', 'sha256': '0643ee5b0d83b51124ac645da9ae48fa50c7f3818df2d2a3e15ff1aa492477c7'}}",/home/xinyuan/Work_host/SSM/results/cross_session_iteration_a/official_20261003/m1/offset_rotated/seed0/lr0p003,664.28759765625,8832,0,True,96e7f078c6acb89b802b6241a36b9c9e2d04df82c180a63354fd3f7e74357254,m1
0d652006325152aff417a5b96e42c5cf1b5a340aee3142dfd9b8048bcf0b226b,0.7537760138511658,800,2000,True,2000,57.03897458687425,8832,0fd96cf4542ebbd80dfa097063fe43f5285cbdb623f10472d742ac910fb93723,0.0003,offset_rotated,"{'x_mean': {'shape': [64], 'dtype': 'float32', 'sha256': 'e7fec0c26c9bd1c104034e25d4e65e85c036501dd694badcc834a80154ec6fa1'}, 'x_std': {'shape': [64], 'dtype': 'float32', 'sha256': '078efcee06284aeb03c5e11289360c4035c30d83c8875451ab6aea928bf08da1'}, 'y_mean': {'shape': [16], 'dtype': 'float32', 'sha256': '9e185fdc99a99f0021ecfb4b5c3e19fe8da42c875fc4802192bdc9e1e49598a1'}, 'y_std': {'shape': [16], 'dtype': 'float32', 'sha256': '0643ee5b0d83b51124ac645da9ae48fa50c7f3818df2d2a3e15ff1aa492477c7'}}",/home/xinyuan/Work_host/SSM/results/cross_session_iteration_a/official_20261003/m1/offset_rotated/seed1/lr0p0003,664.28759765625,8832,1,True,96e7f078c6acb89b802b6241a36b9c9e2d04df82c180a63354fd3f7e74357254,m1
5043bd0bc0a8a3ac31b61ab5477b1fb263479e013492462a6daaa8d40e014fcc,0.7547376155853271,200,2000,True,2000,56.894345541950315,8832,3886c05cece3585791edcd59fd5601a9dd8a1209bda3770f5860c1cac4edcca0,0.001,offset_rotated,"{'x_mean': {'shape': [64], 'dtype': 'float32', 'sha256': 'e7fec0c26c9bd1c104034e25d4e65e85c036501dd694badcc834a80154ec6fa1'}, 'x_std': {'shape': [64], 'dtype': 'float32', 'sha256': '078efcee06284aeb03c5e11289360c4035c30d83c8875451ab6aea928bf08da1'}, 'y_mean': {'shape': [16], 'dtype': 'float32', 'sha256': '9e185fdc99a99f0021ecfb4b5c3e19fe8da42c875fc4802192bdc9e1e49598a1'}, 'y_std': {'shape': [16], 'dtype': 'float32', 'sha256': '0643ee5b0d83b51124ac645da9ae48fa50c7f3818df2d2a3e15ff1aa492477c7'}}",/home/xinyuan/Work_host/SSM/results/cross_session_iteration_a/official_20261003/m1/offset_rotated/seed1/lr0p001,664.28759765625,8832,1,True,96e7f078c6acb89b802b6241a36b9c9e2d04df82c180a63354fd3f7e74357254,m1
befb985f830ab266d5f057a0a3cd18e28b2caf7b55c0e82c15b54235122a3ae0,0.7539151906967163,100,2000,True,2000,56.76128846406937,8832,8b80e9631b869ed64113ea21e0780a3e27b1ffbbcec8cfe4a4d07d8a9c79d538,0.003,offset_rotated,"{'x_mean': {'shape': [64], 'dtype': 'float32', 'sha256': 'e7fec0c26c9bd1c104034e25d4e65e85c036501dd694badcc834a80154ec6fa1'}, 'x_std': {'shape': [64], 'dtype': 'float32', 'sha256': '078efcee06284aeb03c5e11289360c4035c30d83c8875451ab6aea928bf08da1'}, 'y_mean': {'shape': [16], 'dtype': 'float32', 'sha256': '9e185fdc99a99f0021ecfb4b5c3e19fe8da42c875fc4802192bdc9e1e49598a1'}, 'y_std': {'shape': [16], 'dtype': 'float32', 'sha256': '0643ee5b0d83b51124ac645da9ae48fa50c7f3818df2d2a3e15ff1aa492477c7'}}",/home/xinyuan/Work_host/SSM/results/cross_session_iteration_a/official_20261003/m1/offset_rotated/seed1/lr0p003,664.28759765625,8832,1,True,96e7f078c6acb89b802b6241a36b9c9e2d04df82c180a63354fd3f7e74357254,m1
fb3572e6961682bb9287512ca6f218ee9cb9513301c99ede41b624874b9be0ad,0.7547372579574585,800,2000,True,2000,56.95037632295862,8832,fa505bdcd446a2c0e9026e350310f0812d1239c701b537ac8f01e44f55a0f833,0.0003,offset_rotated,"{'x_mean': {'shape': [64], 'dtype': 'float32', 'sha256': 'e7fec0c26c9bd1c104034e25d4e65e85c036501dd694badcc834a80154ec6fa1'}, 'x_std': {'shape': [64], 'dtype': 'float32', 'sha256': '078efcee06284aeb03c5e11289360c4035c30d83c8875451ab6aea928bf08da1'}, 'y_mean': {'shape': [16], 'dtype': 'float32', 'sha256': '9e185fdc99a99f0021ecfb4b5c3e19fe8da42c875fc4802192bdc9e1e49598a1'}, 'y_std': {'shape': [16], 'dtype': 'float32', 'sha256': '0643ee5b0d83b51124ac645da9ae48fa50c7f3818df2d2a3e15ff1aa492477c7'}}",/home/xinyuan/Work_host/SSM/results/cross_session_iteration_a/official_20261003/m1/offset_rotated/seed2/lr0p0003,664.28759765625,8832,2,True,96e7f078c6acb89b802b6241a36b9c9e2d04df82c180a63354fd3f7e74357254,m1
e6511bceebfef1a8dd32126b616825966ba6a4dce18c9d3ffddbb0a0a47c4ed4,0.7546191215515137,200,2000,True,2000,56.71611199295148,8832,575720e53b4c1a5a6fcc61febce2aa5a949a4af810155184f98a9d0c8355125b,0.001,offset_rotated,"{'x_mean': {'shape': [64], 'dtype': 'float32', 'sha256': 'e7fec0c26c9bd1c104034e25d4e65e85c036501dd694badcc834a80154ec6fa1'}, 'x_std': {'shape': [64], 'dtype': 'float32', 'sha256': '078efcee06284aeb03c5e11289360c4035c30d83c8875451ab6aea928bf08da1'}, 'y_mean': {'shape': [16], 'dtype': 'float32', 'sha256': '9e185fdc99a99f0021ecfb4b5c3e19fe8da42c875fc4802192bdc9e1e49598a1'}, 'y_std': {'shape': [16], 'dtype': 'float32', 'sha256': '0643ee5b0d83b51124ac645da9ae48fa50c7f3818df2d2a3e15ff1aa492477c7'}}",/home/xinyuan/Work_host/SSM/results/cross_session_iteration_a/official_20261003/m1/offset_rotated/seed2/lr0p001,664.28759765625,8832,2,True,96e7f078c6acb89b802b6241a36b9c9e2d04df82c180a63354fd3f7e74357254,m1
5653172b5e07ce907abad07a9ced28ab9d0b0d8d77eddb417e8e66f2c900df4b,0.7565556764602661,100,2000,True,2000,56.99232350708917,8832,db78f00495b4f440168203363e2a5ddca7f0afebe5d21c945d610c96c6c7aed1,0.003,offset_rotated,"{'x_mean': {'shape': [64], 'dtype': 'float32', 'sha256': 'e7fec0c26c9bd1c104034e25d4e65e85c036501dd694badcc834a80154ec6fa1'}, 'x_std': {'shape': [64], 'dtype': 'float32', 'sha256': '078efcee06284aeb03c5e11289360c4035c30d83c8875451ab6aea928bf08da1'}, 'y_mean': {'shape': [16], 'dtype': 'float32', 'sha256': '9e185fdc99a99f0021ecfb4b5c3e19fe8da42c875fc4802192bdc9e1e49598a1'}, 'y_std': {'shape': [16], 'dtype': 'float32', 'sha256': '0643ee5b0d83b51124ac645da9ae48fa50c7f3818df2d2a3e15ff1aa492477c7'}}",/home/xinyuan/Work_host/SSM/results/cross_session_iteration_a/official_20261003/m1/offset_rotated/seed2/lr0p003,664.28759765625,8832,2,True,96e7f078c6acb89b802b6241a36b9c9e2d04df82c180a63354fd3f7e74357254,m1
42dce85b4156ebae55c7638a36ae957b19905df575f56ac7bf732a1d500999df,0.7564793825149536,700,2000,True,2000,53.6199438679032,8832,578e3328643b6b25004ed14443ab51578ea4b22df36a96fadb54785ee49c10f2,0.0003,offset_original,"{'x_mean': {'shape': [64], 'dtype': 'float32', 'sha256': 'e7fec0c26c9bd1c104034e25d4e65e85c036501dd694badcc834a80154ec6fa1'}, 'x_std': {'shape': [64], 'dtype': 'float32', 'sha256': '078efcee06284aeb03c5e11289360c4035c30d83c8875451ab6aea928bf08da1'}, 'y_mean': {'shape': [16], 'dtype': 'float32', 'sha256': '9e185fdc99a99f0021ecfb4b5c3e19fe8da42c875fc4802192bdc9e1e49598a1'}, 'y_std': {'shape': [16], 'dtype': 'float32', 'sha256': '0643ee5b0d83b51124ac645da9ae48fa50c7f3818df2d2a3e15ff1aa492477c7'}}",/home/xinyuan/Work_host/SSM/results/cross_session_iteration_a/official_20261003/m1/offset_original/seed0/lr0p0003,656.90869140625,8832,0,True,96e7f078c6acb89b802b6241a36b9c9e2d04df82c180a63354fd3f7e74357254,m1
7c078ec757f2c9d6f5d8ac72a06032ff9f5cca36815d93176ec8bc5a36852d50,0.7557954788208008,300,2000,True,2000,53.5811532093212,8832,57c891b7ae7dfb6d6cd81003bb366d43b951a880fd8caff3fce3d6006f2e6f8d,0.001,offset_original,"{'x_mean': {'shape': [64], 'dtype': 'float32', 'sha256': 'e7fec0c26c9bd1c104034e25d4e65e85c036501dd694badcc834a80154ec6fa1'}, 'x_std': {'shape': [64], 'dtype': 'float32', 'sha256': '078efcee06284aeb03c5e11289360c4035c30d83c8875451ab6aea928bf08da1'}, 'y_mean': {'shape': [16], 'dtype': 'float32', 'sha256': '9e185fdc99a99f0021ecfb4b5c3e19fe8da42c875fc4802192bdc9e1e49598a1'}, 'y_std': {'shape': [16], 'dtype': 'float32', 'sha256': '0643ee5b0d83b51124ac645da9ae48fa50c7f3818df2d2a3e15ff1aa492477c7'}}",/home/xinyuan/Work_host/SSM/results/cross_session_iteration_a/official_20261003/m1/offset_original/seed0/lr0p001,656.90869140625,8832,0,True,96e7f078c6acb89b802b6241a36b9c9e2d04df82c180a63354fd3f7e74357254,m1
5b88987424b4621f8f5ab11a7b8887f865eec13a7d511e3df027615522781fb8,0.7547178268432617,100,2000,True,2000,53.54004637990147,8832,2740212d754f2c9df476de9dfbd3a2b7826c76f7c4ef6def0950586cd273dd3e,0.003,offset_original,"{'x_mean': {'shape': [64], 'dtype': 'float32', 'sha256': 'e7fec0c26c9bd1c104034e25d4e65e85c036501dd694badcc834a80154ec6fa1'}, 'x_std': {'shape': [64], 'dtype': 'float32', 'sha256': '078efcee06284aeb03c5e11289360c4035c30d83c8875451ab6aea928bf08da1'}, 'y_mean': {'shape': [16], 'dtype': 'float32', 'sha256': '9e185fdc99a99f0021ecfb4b5c3e19fe8da42c875fc4802192bdc9e1e49598a1'}, 'y_std': {'shape': [16], 'dtype': 'float32', 'sha256': '0643ee5b0d83b51124ac645da9ae48fa50c7f3818df2d2a3e15ff1aa492477c7'}}",/home/xinyuan/Work_host/SSM/results/cross_session_iteration_a/official_20261003/m1/offset_original/seed0/lr0p003,656.90869140625,8832,0,True,96e7f078c6acb89b802b6241a36b9c9e2d04df82c180a63354fd3f7e74357254,m1
a97678e9d2caf29dc257acc900305924d2558c6b109e659eb3968627e14f3bc8,0.7577362060546875,700,2000,True,2000,53.67512697726488,8832,a02d62d73d89cd4340677ddd739f637eede37ae8728c310ff028bb3b6faf06d2,0.0003,offset_original,"{'x_mean': {'shape': [64], 'dtype': 'float32', 'sha256': 'e7fec0c26c9bd1c104034e25d4e65e85c036501dd694badcc834a80154ec6fa1'}, 'x_std': {'shape': [64], 'dtype': 'float32', 'sha256': '078efcee06284aeb03c5e11289360c4035c30d83c8875451ab6aea928bf08da1'}, 'y_mean': {'shape': [16], 'dtype': 'float32', 'sha256': '9e185fdc99a99f0021ecfb4b5c3e19fe8da42c875fc4802192bdc9e1e49598a1'}, 'y_std': {'shape': [16], 'dtype': 'float32', 'sha256': '0643ee5b0d83b51124ac645da9ae48fa50c7f3818df2d2a3e15ff1aa492477c7'}}",/home/xinyuan/Work_host/SSM/results/cross_session_iteration_a/official_20261003/m1/offset_original/seed1/lr0p0003,656.90869140625,8832,1,True,96e7f078c6acb89b802b6241a36b9c9e2d04df82c180a63354fd3f7e74357254,m1
3248e52f4873b5e345658be7a489e24915a912745e368dca4cdd98bd15bf07c6,0.7591326236724854,200,2000,True,2000,53.60376328928396,8832,540777eee23489dea2a9d170127f3328e1bd7c942c81caecc769f0ee465ba406,0.001,offset_original,"{'x_mean': {'shape': [64], 'dtype': 'float32', 'sha256': 'e7fec0c26c9bd1c104034e25d4e65e85c036501dd694badcc834a80154ec6fa1'}, 'x_std': {'shape': [64], 'dtype': 'float32', 'sha256': '078efcee06284aeb03c5e11289360c4035c30d83c8875451ab6aea928bf08da1'}, 'y_mean': {'shape': [16], 'dtype': 'float32', 'sha256': '9e185fdc99a99f0021ecfb4b5c3e19fe8da42c875fc4802192bdc9e1e49598a1'}, 'y_std': {'shape': [16], 'dtype': 'float32', 'sha256': '0643ee5b0d83b51124ac645da9ae48fa50c7f3818df2d2a3e15ff1aa492477c7'}}",/home/xinyuan/Work_host/SSM/results/cross_session_iteration_a/official_20261003/m1/offset_original/seed1/lr0p001,656.90869140625,8832,1,True,96e7f078c6acb89b802b6241a36b9c9e2d04df82c180a63354fd3f7e74357254,m1
f9b8896ab64224155fcb94286ea6a72acc97c6e2bf279e8e597b9d16c4e4436e,0.7569398880004883,100,2000,True,2000,53.38456726772711,8832,9171ab92e41bdac3287418592e8e338cae802b8debd70fe9776ab9fad67fe5c0,0.003,offset_original,"{'x_mean': {'shape': [64], 'dtype': 'float32', 'sha256': 'e7fec0c26c9bd1c104034e25d4e65e85c036501dd694badcc834a80154ec6fa1'}, 'x_std': {'shape': [64], 'dtype': 'float32', 'sha256': '078efcee06284aeb03c5e11289360c4035c30d83c8875451ab6aea928bf08da1'}, 'y_mean': {'shape': [16], 'dtype': 'float32', 'sha256': '9e185fdc99a99f0021ecfb4b5c3e19fe8da42c875fc4802192bdc9e1e49598a1'}, 'y_std': {'shape': [16], 'dtype': 'float32', 'sha256': '0643ee5b0d83b51124ac645da9ae48fa50c7f3818df2d2a3e15ff1aa492477c7'}}",/home/xinyuan/Work_host/SSM/results/cross_session_iteration_a/official_20261003/m1/offset_original/seed1/lr0p003,656.90869140625,8832,1,True,96e7f078c6acb89b802b6241a36b9c9e2d04df82c180a63354fd3f7e74357254,m1
48514984974e4a45caf34ad9fcc65fce74d5ab090f186b52c67b2eb1777b948a,0.759162187576294,700,2000,True,2000,65.1868015457876,8832,bcbc3903c47cea9f2726cb0fccb00e8cddaa4263bc44bf1d73c8826e1d8ffdfe,0.0003,offset_original,"{'x_mean': {'shape': [64], 'dtype': 'float32', 'sha256': 'e7fec0c26c9bd1c104034e25d4e65e85c036501dd694badcc834a80154ec6fa1'}, 'x_std': {'shape': [64], 'dtype': 'float32', 'sha256': '078efcee06284aeb03c5e11289360c4035c30d83c8875451ab6aea928bf08da1'}, 'y_mean': {'shape': [16], 'dtype': 'float32', 'sha256': '9e185fdc99a99f0021ecfb4b5c3e19fe8da42c875fc4802192bdc9e1e49598a1'}, 'y_std': {'shape': [16], 'dtype': 'float32', 'sha256': '0643ee5b0d83b51124ac645da9ae48fa50c7f3818df2d2a3e15ff1aa492477c7'}}",/home/xinyuan/Work_host/SSM/results/cross_session_iteration_a/official_20261003/m1/offset_original/seed2/lr0p0003,656.90869140625,8832,2,True,96e7f078c6acb89b802b6241a36b9c9e2d04df82c180a63354fd3f7e74357254,m1
db0d2dc474d8a33f9e623b85e9e8ff95662b56b763d45b89d82ca071f6acc5fb,0.75928795337677,200,2000,True,2000,77.01682317489758,8832,440c506542048dc649194082f628eff8b0a4e58ff732f9038aec8a27d32cfc2d,0.001,offset_original,"{'x_mean': {'shape': [64], 'dtype': 'float32', 'sha256': 'e7fec0c26c9bd1c104034e25d4e65e85c036501dd694badcc834a80154ec6fa1'}, 'x_std': {'shape': [64], 'dtype': 'float32', 'sha256': '078efcee06284aeb03c5e11289360c4035c30d83c8875451ab6aea928bf08da1'}, 'y_mean': {'shape': [16], 'dtype': 'float32', 'sha256': '9e185fdc99a99f0021ecfb4b5c3e19fe8da42c875fc4802192bdc9e1e49598a1'}, 'y_std': {'shape': [16], 'dtype': 'float32', 'sha256': '0643ee5b0d83b51124ac645da9ae48fa50c7f3818df2d2a3e15ff1aa492477c7'}}",/home/xinyuan/Work_host/SSM/results/cross_session_iteration_a/official_20261003/m1/offset_original/seed2/lr0p001,656.90869140625,8832,2,True,96e7f078c6acb89b802b6241a36b9c9e2d04df82c180a63354fd3f7e74357254,m1
f54b27ebb9f167d4155c21673f0db262f4f52b4f51da751c093ccd7c93bd3ae7,0.7603597640991211,100,2000,True,2000,60.79880400374532,8832,a451ae1e41b35e38b91ed9418ae8278c70962bbea0982e54eed24c96fc5905ae,0.003,offset_original,"{'x_mean': {'shape': [64], 'dtype': 'float32', 'sha256': 'e7fec0c26c9bd1c104034e25d4e65e85c036501dd694badcc834a80154ec6fa1'}, 'x_std': {'shape': [64], 'dtype': 'float32', 'sha256': '078efcee06284aeb03c5e11289360c4035c30d83c8875451ab6aea928bf08da1'}, 'y_mean': {'shape': [16], 'dtype': 'float32', 'sha256': '9e185fdc99a99f0021ecfb4b5c3e19fe8da42c875fc4802192bdc9e1e49598a1'}, 'y_std': {'shape': [16], 'dtype': 'float32', 'sha256': '0643ee5b0d83b51124ac645da9ae48fa50c7f3818df2d2a3e15ff1aa492477c7'}}",/home/xinyuan/Work_host/SSM/results/cross_session_iteration_a/official_20261003/m1/offset_original/seed2/lr0p003,656.90869140625,8832,2,True,96e7f078c6acb89b802b6241a36b9c9e2d04df82c180a63354fd3f7e74357254,m1
82f5f1ddb4f5a87202dfbe1ec0e6414b290d6c9d377c06369be0931639eaad16,0.7604715824127197,400,2000,True,2000,79.91357131209224,21264,01e9fbcf889769ce18c42d3a33de80c14abf8d57a30b93274527294efb992dd9,0.0001,full,"{'x_mean': {'shape': [64], 'dtype': 'float32', 'sha256': 'e7fec0c26c9bd1c104034e25d4e65e85c036501dd694badcc834a80154ec6fa1'}, 'x_std': {'shape': [64], 'dtype': 'float32', 'sha256': '078efcee06284aeb03c5e11289360c4035c30d83c8875451ab6aea928bf08da1'}, 'y_mean': {'shape': [16], 'dtype': 'float32', 'sha256': '9e185fdc99a99f0021ecfb4b5c3e19fe8da42c875fc4802192bdc9e1e49598a1'}, 'y_std': {'shape': [16], 'dtype': 'float32', 'sha256': '0643ee5b0d83b51124ac645da9ae48fa50c7f3818df2d2a3e15ff1aa492477c7'}}",/home/xinyuan/Work_host/SSM/results/cross_session_iteration_a/official_20261003/m1/full/seed0/lr0p0001,648.87451171875,2750544,0,True,96e7f078c6acb89b802b6241a36b9c9e2d04df82c180a63354fd3f7e74357254,m1
c662bfeca3a6bf06a62e4699886a14040d8cb329a2953c181a84b4d51e94585a,0.7594195604324341,300,2000,True,2000,73.65843520918861,21264,1172fbac710f59fbfe1ef14441615b9471307d263f9b74947493c62acb13ba92,0.0003,full,"{'x_mean': {'shape': [64], 'dtype': 'float32', 'sha256': 'e7fec0c26c9bd1c104034e25d4e65e85c036501dd694badcc834a80154ec6fa1'}, 'x_std': {'shape': [64], 'dtype': 'float32', 'sha256': '078efcee06284aeb03c5e11289360c4035c30d83c8875451ab6aea928bf08da1'}, 'y_mean': {'shape': [16], 'dtype': 'float32', 'sha256': '9e185fdc99a99f0021ecfb4b5c3e19fe8da42c875fc4802192bdc9e1e49598a1'}, 'y_std': {'shape': [16], 'dtype': 'float32', 'sha256': '0643ee5b0d83b51124ac645da9ae48fa50c7f3818df2d2a3e15ff1aa492477c7'}}",/home/xinyuan/Work_host/SSM/results/cross_session_iteration_a/official_20261003/m1/full/seed0/lr0p0003,648.87451171875,2750544,0,True,96e7f078c6acb89b802b6241a36b9c9e2d04df82c180a63354fd3f7e74357254,m1
4bd0f9eafd615c4eb3693077b71c6c150eb2d201b0219cf2bf5b565af2c88a8d,0.7610963582992554,400,2000,True,2000,64.24103927286342,21264,5e6ae4896f022aa429b9656fdae39d1a26aa0834fe8cccf50dec8f035c02450b,0.0001,full,"{'x_mean': {'shape': [64], 'dtype': 'float32', 'sha256': 'e7fec0c26c9bd1c104034e25d4e65e85c036501dd694badcc834a80154ec6fa1'}, 'x_std': {'shape': [64], 'dtype': 'float32', 'sha256': '078efcee06284aeb03c5e11289360c4035c30d83c8875451ab6aea928bf08da1'}, 'y_mean': {'shape': [16], 'dtype': 'float32', 'sha256': '9e185fdc99a99f0021ecfb4b5c3e19fe8da42c875fc4802192bdc9e1e49598a1'}, 'y_std': {'shape': [16], 'dtype': 'float32', 'sha256': '0643ee5b0d83b51124ac645da9ae48fa50c7f3818df2d2a3e15ff1aa492477c7'}}",/home/xinyuan/Work_host/SSM/results/cross_session_iteration_a/official_20261003/m1/full/seed1/lr0p0001,648.87451171875,2750544,1,True,96e7f078c6acb89b802b6241a36b9c9e2d04df82c180a63354fd3f7e74357254,m1
5e65ce74cf16e805bc3222d3437d3d0090383c461fa1966a05ab0561102fbc02,0.7585892677307129,100,2000,True,2000,49.805814215913415,21264,20d2ceb0bc045ecf1de6f6eb2895ed737e8e86bf7aef454b0b5f32b105c1d153,0.0003,full,"{'x_mean': {'shape': [64], 'dtype': 'float32', 'sha256': 'e7fec0c26c9bd1c104034e25d4e65e85c036501dd694badcc834a80154ec6fa1'}, 'x_std': {'shape': [64], 'dtype': 'float32', 'sha256': '078efcee06284aeb03c5e11289360c4035c30d83c8875451ab6aea928bf08da1'}, 'y_mean': {'shape': [16], 'dtype': 'float32', 'sha256': '9e185fdc99a99f0021ecfb4b5c3e19fe8da42c875fc4802192bdc9e1e49598a1'}, 'y_std': {'shape': [16], 'dtype': 'float32', 'sha256': '0643ee5b0d83b51124ac645da9ae48fa50c7f3818df2d2a3e15ff1aa492477c7'}}",/home/xinyuan/Work_host/SSM/results/cross_session_iteration_a/official_20261003/m1/full/seed1/lr0p0003,648.87451171875,2750544,1,True,96e7f078c6acb89b802b6241a36b9c9e2d04df82c180a63354fd3f7e74357254,m1
ec3c5d050c9e2ef8954acc053e6e8039b122e7d721a24532e3088d9f2a158b7f,0.759342610836029,400,2000,True,2000,49.79794050520286,21264,0dbdf7776ebf72fd09024368e522127633c5bdacd90aca179320e96c260b36e8,0.0001,full,"{'x_mean': {'shape': [64], 'dtype': 'float32', 'sha256': 'e7fec0c26c9bd1c104034e25d4e65e85c036501dd694badcc834a80154ec6fa1'}, 'x_std': {'shape': [64], 'dtype': 'float32', 'sha256': '078efcee06284aeb03c5e11289360c4035c30d83c8875451ab6aea928bf08da1'}, 'y_mean': {'shape': [16], 'dtype': 'float32', 'sha256': '9e185fdc99a99f0021ecfb4b5c3e19fe8da42c875fc4802192bdc9e1e49598a1'}, 'y_std': {'shape': [16], 'dtype': 'float32', 'sha256': '0643ee5b0d83b51124ac645da9ae48fa50c7f3818df2d2a3e15ff1aa492477c7'}}",/home/xinyuan/Work_host/SSM/results/cross_session_iteration_a/official_20261003/m1/full/seed2/lr0p0001,648.87451171875,2750544,2,True,96e7f078c6acb89b802b6241a36b9c9e2d04df82c180a63354fd3f7e74357254,m1
653b52b29eab096af8deac096e83a48ac54e188c1779a07ab414c2a100846048,0.7574357986450195,100,2000,True,2000,49.64601875701919,21264,4bcd11aa4dcf5b9d9532594e01c50e5ff25c4d880641d3de17ce84a938a3e789,0.0003,full,"{'x_mean': {'shape': [64], 'dtype': 'float32', 'sha256': 'e7fec0c26c9bd1c104034e25d4e65e85c036501dd694badcc834a80154ec6fa1'}, 'x_std': {'shape': [64], 'dtype': 'float32', 'sha256': '078efcee06284aeb03c5e11289360c4035c30d83c8875451ab6aea928bf08da1'}, 'y_mean': {'shape': [16], 'dtype': 'float32', 'sha256': '9e185fdc99a99f0021ecfb4b5c3e19fe8da42c875fc4802192bdc9e1e49598a1'}, 'y_std': {'shape': [16], 'dtype': 'float32', 'sha256': '0643ee5b0d83b51124ac645da9ae48fa50c7f3818df2d2a3e15ff1aa492477c7'}}",/home/xinyuan/Work_host/SSM/results/cross_session_iteration_a/official_20261003/m1/full/seed2/lr0p0003,648.87451171875,2750544,2,True,96e7f078c6acb89b802b6241a36b9c9e2d04df82c180a63354fd3f7e74357254,m1
f13f0bf3963c35d80c378935766ad82f8f1118bd62adcc47550c914d8a05abac,0.0469287633895874,0,0,True,0,6.696896611247212,0,55e5ba60004476414a9066a7ecf242c2901480a9e66fc586b1b662a92c7889d2,0.0,none,"{'x_mean': {'shape': [96], 'dtype': 'float32', 'sha256': 'd5c16683bb0d95f4e18d5081949fafb6fab2a051d5996f687d510edb220d6493'}, 'x_std': {'shape': [96], 'dtype': 'float32', 'sha256': 'c574d154059ef1d5bc605df4be831980550eb800f9005a66549c5febebfd7964'}, 'y_mean': {'shape': [2], 'dtype': 'float32', 'sha256': 'd0c73f97cdd5532a8eadcb7ef12d7189554868647870970fb82d39a4a3c7e2f8'}, 'y_std': {'shape': [2], 'dtype': 'float32', 'sha256': '388bd844439ab2dc12b2b87c0e759c359421cdb1be385b83381920357d8f06d3'}}",/home/xinyuan/Work_host/SSM/results/cross_session_iteration_a/official_20261003/m2/none/seed0/lr0,648.74853515625,0,0,True,45a41f15110a8c950f2439cddfa0c207179cfa97d1035c7b1776d2b3dba1c601,m2
2c6b8dec9b4766dd49f247e7c508f8f0c7942a359c1eb520456b57783c090f0d,0.26579493284225464,100,2000,True,2000,124.81100010499358,25858,ad8077d24dd3f110cf542efc8914c4e499cb7ae90ae99ad8227de9846c80b273,0.0003,io,"{'x_mean': {'shape': [96], 'dtype': 'float32', 'sha256': 'd5c16683bb0d95f4e18d5081949fafb6fab2a051d5996f687d510edb220d6493'}, 'x_std': {'shape': [96], 'dtype': 'float32', 'sha256': 'c574d154059ef1d5bc605df4be831980550eb800f9005a66549c5febebfd7964'}, 'y_mean': {'shape': [2], 'dtype': 'float32', 'sha256': 'd0c73f97cdd5532a8eadcb7ef12d7189554868647870970fb82d39a4a3c7e2f8'}, 'y_std': {'shape': [2], 'dtype': 'float32', 'sha256': '388bd844439ab2dc12b2b87c0e759c359421cdb1be385b83381920357d8f06d3'}}",/home/xinyuan/Work_host/SSM/results/cross_session_iteration_a/official_20261003/m2/io/seed0/lr0p0003,648.74853515625,25858,0,True,45a41f15110a8c950f2439cddfa0c207179cfa97d1035c7b1776d2b3dba1c601,m2
18ed19d39ee2682473851c1c827c34c1b958b500f6033f7f30bdf71af975484a,0.2543973922729492,700,2000,True,2000,47.72478793608025,25858,e2772fa75e0960805776aac36394c9c1e3b013bd886688f8d15114a0790768f5,0.001,io,"{'x_mean': {'shape': [96], 'dtype': 'float32', 'sha256': 'd5c16683bb0d95f4e18d5081949fafb6fab2a051d5996f687d510edb220d6493'}, 'x_std': {'shape': [96], 'dtype': 'float32', 'sha256': 'c574d154059ef1d5bc605df4be831980550eb800f9005a66549c5febebfd7964'}, 'y_mean': {'shape': [2], 'dtype': 'float32', 'sha256': 'd0c73f97cdd5532a8eadcb7ef12d7189554868647870970fb82d39a4a3c7e2f8'}, 'y_std': {'shape': [2], 'dtype': 'float32', 'sha256': '388bd844439ab2dc12b2b87c0e759c359421cdb1be385b83381920357d8f06d3'}}",/home/xinyuan/Work_host/SSM/results/cross_session_iteration_a/official_20261003/m2/io/seed0/lr0p001,648.74853515625,25858,0,True,45a41f15110a8c950f2439cddfa0c207179cfa97d1035c7b1776d2b3dba1c601,m2
2b2d5dbf5a15aa827a06b9990d67f54e8201baa2e2279865778b5f2ffd196132,0.260597288608551,100,2000,True,2000,47.14972919225693,25858,0ee92e1bedf7dddecc431cfddffe79702d1737d1af1d9096cac0364fbf23f313,0.0003,io,"{'x_mean': {'shape': [96], 'dtype': 'float32', 'sha256': 'd5c16683bb0d95f4e18d5081949fafb6fab2a051d5996f687d510edb220d6493'}, 'x_std': {'shape': [96], 'dtype': 'float32', 'sha256': 'c574d154059ef1d5bc605df4be831980550eb800f9005a66549c5febebfd7964'}, 'y_mean': {'shape': [2], 'dtype': 'float32', 'sha256': 'd0c73f97cdd5532a8eadcb7ef12d7189554868647870970fb82d39a4a3c7e2f8'}, 'y_std': {'shape': [2], 'dtype': 'float32', 'sha256': '388bd844439ab2dc12b2b87c0e759c359421cdb1be385b83381920357d8f06d3'}}",/home/xinyuan/Work_host/SSM/results/cross_session_iteration_a/official_20261003/m2/io/seed1/lr0p0003,648.74853515625,25858,1,True,45a41f15110a8c950f2439cddfa0c207179cfa97d1035c7b1776d2b3dba1c601,m2
2045ba051a64cd7a98c73d965256d2d090399e0ceb470ccbec7aa505ed5853da,0.25139838457107544,100,2000,True,2000,47.32360235741362,25858,b7f5b3c3fa0cf41e7ef02dcf325f3105f2330048f94b94c42cec6e4317b81142,0.001,io,"{'x_mean': {'shape': [96], 'dtype': 'float32', 'sha256': 'd5c16683bb0d95f4e18d5081949fafb6fab2a051d5996f687d510edb220d6493'}, 'x_std': {'shape': [96], 'dtype': 'float32', 'sha256': 'c574d154059ef1d5bc605df4be831980550eb800f9005a66549c5febebfd7964'}, 'y_mean': {'shape': [2], 'dtype': 'float32', 'sha256': 'd0c73f97cdd5532a8eadcb7ef12d7189554868647870970fb82d39a4a3c7e2f8'}, 'y_std': {'shape': [2], 'dtype': 'float32', 'sha256': '388bd844439ab2dc12b2b87c0e759c359421cdb1be385b83381920357d8f06d3'}}",/home/xinyuan/Work_host/SSM/results/cross_session_iteration_a/official_20261003/m2/io/seed1/lr0p001,648.74853515625,25858,1,True,45a41f15110a8c950f2439cddfa0c207179cfa97d1035c7b1776d2b3dba1c601,m2
134ddcbc55535b55ab43cb369ba80125db02615850bebe3fa090dd36d02d0407,0.26610589027404785,100,2000,True,2000,47.89679601415992,25858,465657e44a82446c14812c5c577c463ecd43485d5e4b510df35a20caa5feb1d2,0.0003,io,"{'x_mean': {'shape': [96], 'dtype': 'float32', 'sha256': 'd5c16683bb0d95f4e18d5081949fafb6fab2a051d5996f687d510edb220d6493'}, 'x_std': {'shape': [96], 'dtype': 'float32', 'sha256': 'c574d154059ef1d5bc605df4be831980550eb800f9005a66549c5febebfd7964'}, 'y_mean': {'shape': [2], 'dtype': 'float32', 'sha256': 'd0c73f97cdd5532a8eadcb7ef12d7189554868647870970fb82d39a4a3c7e2f8'}, 'y_std': {'shape': [2], 'dtype': 'float32', 'sha256': '388bd844439ab2dc12b2b87c0e759c359421cdb1be385b83381920357d8f06d3'}}",/home/xinyuan/Work_host/SSM/results/cross_session_iteration_a/official_20261003/m2/io/seed2/lr0p0003,648.74853515625,25858,2,True,45a41f15110a8c950f2439cddfa0c207179cfa97d1035c7b1776d2b3dba1c601,m2
33b06304940d3366d91d82b9eaff5ac5d9f1b72010dc491eaad8762e4dc724e2,0.26948606967926025,100,2000,True,2000,47.29337477684021,25858,6cdca25a5658e49f27466a4b94b7228fd933b50c16784a52fae793b9b9029e71,0.001,io,"{'x_mean': {'shape': [96], 'dtype': 'float32', 'sha256': 'd5c16683bb0d95f4e18d5081949fafb6fab2a051d5996f687d510edb220d6493'}, 'x_std': {'shape': [96], 'dtype': 'float32', 'sha256': 'c574d154059ef1d5bc605df4be831980550eb800f9005a66549c5febebfd7964'}, 'y_mean': {'shape': [2], 'dtype': 'float32', 'sha256': 'd0c73f97cdd5532a8eadcb7ef12d7189554868647870970fb82d39a4a3c7e2f8'}, 'y_std': {'shape': [2], 'dtype': 'float32', 'sha256': '388bd844439ab2dc12b2b87c0e759c359421cdb1be385b83381920357d8f06d3'}}",/home/xinyuan/Work_host/SSM/results/cross_session_iteration_a/official_20261003/m2/io/seed2/lr0p001,648.74853515625,25858,2,True,45a41f15110a8c950f2439cddfa0c207179cfa97d1035c7b1776d2b3dba1c601,m2
47481b08bd5ab5aa5854bca0ecf00353e33b17b3733dd75b8e79d8d262f9b7fe,0.35615551471710205,7700,8000,False,8000,121.15943493088707,37000,4b3cba97c8d714eb386cb20d73a0cd508e43a866826a6e1632e1f4a97dcdfd35,0.0003,lora,"{'x_mean': {'shape': [96], 'dtype': 'float32', 'sha256': 'd5c16683bb0d95f4e18d5081949fafb6fab2a051d5996f687d510edb220d6493'}, 'x_std': {'shape': [96], 'dtype': 'float32', 'sha256': 'c574d154059ef1d5bc605df4be831980550eb800f9005a66549c5febebfd7964'}, 'y_mean': {'shape': [2], 'dtype': 'float32', 'sha256': 'd0c73f97cdd5532a8eadcb7ef12d7189554868647870970fb82d39a4a3c7e2f8'}, 'y_std': {'shape': [2], 'dtype': 'float32', 'sha256': '388bd844439ab2dc12b2b87c0e759c359421cdb1be385b83381920357d8f06d3'}}",/home/xinyuan/Work_host/SSM/results/cross_session_iteration_a/official_20261003/m2/lora/seed0/lr0p0003,648.9345703125,37000,0,False,45a41f15110a8c950f2439cddfa0c207179cfa97d1035c7b1776d2b3dba1c601,m2
4b8cfac0a9d7dc32dca0bcbadd1ef18e71a7c650520c615f43060dbfc0950f9b,0.35719817876815796,2900,4000,True,4000,75.96334429178387,37000,c6791f11ce404db972bcd13b89f1631ddd057503ebb674d7facf34bdd192a705,0.001,lora,"{'x_mean': {'shape': [96], 'dtype': 'float32', 'sha256': 'd5c16683bb0d95f4e18d5081949fafb6fab2a051d5996f687d510edb220d6493'}, 'x_std': {'shape': [96], 'dtype': 'float32', 'sha256': 'c574d154059ef1d5bc605df4be831980550eb800f9005a66549c5febebfd7964'}, 'y_mean': {'shape': [2], 'dtype': 'float32', 'sha256': 'd0c73f97cdd5532a8eadcb7ef12d7189554868647870970fb82d39a4a3c7e2f8'}, 'y_std': {'shape': [2], 'dtype': 'float32', 'sha256': '388bd844439ab2dc12b2b87c0e759c359421cdb1be385b83381920357d8f06d3'}}",/home/xinyuan/Work_host/SSM/results/cross_session_iteration_a/official_20261003/m2/lora/seed0/lr0p001,648.9345703125,37000,0,True,45a41f15110a8c950f2439cddfa0c207179cfa97d1035c7b1776d2b3dba1c601,m2
236bb97581ae3ffd4c87ec7481161c276f3a461a46be49986dad627a6a2d7839,0.387409508228302,700,2000,True,2000,53.24055091571063,37000,f39c60d8b74d876bfc640fc498aac206b6f86a2f10220b385ef1f1fddb0eee39,0.003,lora,"{'x_mean': {'shape': [96], 'dtype': 'float32', 'sha256': 'd5c16683bb0d95f4e18d5081949fafb6fab2a051d5996f687d510edb220d6493'}, 'x_std': {'shape': [96], 'dtype': 'float32', 'sha256': 'c574d154059ef1d5bc605df4be831980550eb800f9005a66549c5febebfd7964'}, 'y_mean': {'shape': [2], 'dtype': 'float32', 'sha256': 'd0c73f97cdd5532a8eadcb7ef12d7189554868647870970fb82d39a4a3c7e2f8'}, 'y_std': {'shape': [2], 'dtype': 'float32', 'sha256': '388bd844439ab2dc12b2b87c0e759c359421cdb1be385b83381920357d8f06d3'}}",/home/xinyuan/Work_host/SSM/results/cross_session_iteration_a/official_20261003/m2/lora/seed0/lr0p003,648.9345703125,37000,0,True,45a41f15110a8c950f2439cddfa0c207179cfa97d1035c7b1776d2b3dba1c601,m2
a501ace7622bddab62322d0e9d6fa437904adf969645711b079489db1970536b,0.2981501817703247,1500,2000,True,2000,53.28387608285993,37000,5db52225fad12e70895025da323fc382f99096c191d24317f687641516ec5e55,0.0003,lora,"{'x_mean': {'shape': [96], 'dtype': 'float32', 'sha256': 'd5c16683bb0d95f4e18d5081949fafb6fab2a051d5996f687d510edb220d6493'}, 'x_std': {'shape': [96], 'dtype': 'float32', 'sha256': 'c574d154059ef1d5bc605df4be831980550eb800f9005a66549c5febebfd7964'}, 'y_mean': {'shape': [2], 'dtype': 'float32', 'sha256': 'd0c73f97cdd5532a8eadcb7ef12d7189554868647870970fb82d39a4a3c7e2f8'}, 'y_std': {'shape': [2], 'dtype': 'float32', 'sha256': '388bd844439ab2dc12b2b87c0e759c359421cdb1be385b83381920357d8f06d3'}}",/home/xinyuan/Work_host/SSM/results/cross_session_iteration_a/official_20261003/m2/lora/seed1/lr0p0003,648.9345703125,37000,1,True,45a41f15110a8c950f2439cddfa0c207179cfa97d1035c7b1776d2b3dba1c601,m2
838fac30a6ee3389b8015b8f133bcd09d7bc3ae68ff4ce1e395e92a5c32cdaa7,0.2889324426651001,200,2000,True,2000,53.443035695236176,37000,fb1229fa8f74b04ae1a23376f56ddea8922562de831d43dd5e2e6e28bfffe461,0.001,lora,"{'x_mean': {'shape': [96], 'dtype': 'float32', 'sha256': 'd5c16683bb0d95f4e18d5081949fafb6fab2a051d5996f687d510edb220d6493'}, 'x_std': {'shape': [96], 'dtype': 'float32', 'sha256': 'c574d154059ef1d5bc605df4be831980550eb800f9005a66549c5febebfd7964'}, 'y_mean': {'shape': [2], 'dtype': 'float32', 'sha256': 'd0c73f97cdd5532a8eadcb7ef12d7189554868647870970fb82d39a4a3c7e2f8'}, 'y_std': {'shape': [2], 'dtype': 'float32', 'sha256': '388bd844439ab2dc12b2b87c0e759c359421cdb1be385b83381920357d8f06d3'}}",/home/xinyuan/Work_host/SSM/results/cross_session_iteration_a/official_20261003/m2/lora/seed1/lr0p001,648.9345703125,37000,1,True,45a41f15110a8c950f2439cddfa0c207179cfa97d1035c7b1776d2b3dba1c601,m2
9c6baba4a178285250bbb532833864e3287db534f1d1f8cc58875eececf3897c,0.2666260004043579,200,2000,True,2000,53.153570513706654,37000,8a3f5afdb32dc0ad610730cc43dd828613928cf96716790ac5d5e4a5fbf9d3ee,0.003,lora,"{'x_mean': {'shape': [96], 'dtype': 'float32', 'sha256': 'd5c16683bb0d95f4e18d5081949fafb6fab2a051d5996f687d510edb220d6493'}, 'x_std': {'shape': [96], 'dtype': 'float32', 'sha256': 'c574d154059ef1d5bc605df4be831980550eb800f9005a66549c5febebfd7964'}, 'y_mean': {'shape': [2], 'dtype': 'float32', 'sha256': 'd0c73f97cdd5532a8eadcb7ef12d7189554868647870970fb82d39a4a3c7e2f8'}, 'y_std': {'shape': [2], 'dtype': 'float32', 'sha256': '388bd844439ab2dc12b2b87c0e759c359421cdb1be385b83381920357d8f06d3'}}",/home/xinyuan/Work_host/SSM/results/cross_session_iteration_a/official_20261003/m2/lora/seed1/lr0p003,648.9345703125,37000,1,True,45a41f15110a8c950f2439cddfa0c207179cfa97d1035c7b1776d2b3dba1c601,m2
462f5864cc78455eda71c8ce6cc24784844c73226d6fcc919049a05bb4c990f3,0.35728883743286133,5800,8000,True,8000,120.0569461369887,37000,272c92550b0ad97925992fca4d8eb96a696e6a044a7c0cf9f6d16af9972b9303,0.0003,lora,"{'x_mean': {'shape': [96], 'dtype': 'float32', 'sha256': 'd5c16683bb0d95f4e18d5081949fafb6fab2a051d5996f687d510edb220d6493'}, 'x_std': {'shape': [96], 'dtype': 'float32', 'sha256': 'c574d154059ef1d5bc605df4be831980550eb800f9005a66549c5febebfd7964'}, 'y_mean': {'shape': [2], 'dtype': 'float32', 'sha256': 'd0c73f97cdd5532a8eadcb7ef12d7189554868647870970fb82d39a4a3c7e2f8'}, 'y_std': {'shape': [2], 'dtype': 'float32', 'sha256': '388bd844439ab2dc12b2b87c0e759c359421cdb1be385b83381920357d8f06d3'}}",/home/xinyuan/Work_host/SSM/results/cross_session_iteration_a/official_20261003/m2/lora/seed2/lr0p0003,648.9345703125,37000,2,True,45a41f15110a8c950f2439cddfa0c207179cfa97d1035c7b1776d2b3dba1c601,m2
97b80d9d10cd763b144a24945f6ccfab5cdb3437ac79ae63f0636b7f0c397786,0.39975476264953613,6500,8000,False,8000,120.97950794082135,37000,56360cef6fd518a4e06b7c534af3cd710e69d1566c1284994962e8892130b3ea,0.001,lora,"{'x_mean': {'shape': [96], 'dtype': 'float32', 'sha256': 'd5c16683bb0d95f4e18d5081949fafb6fab2a051d5996f687d510edb220d6493'}, 'x_std': {'shape': [96], 'dtype': 'float32', 'sha256': 'c574d154059ef1d5bc605df4be831980550eb800f9005a66549c5febebfd7964'}, 'y_mean': {'shape': [2], 'dtype': 'float32', 'sha256': 'd0c73f97cdd5532a8eadcb7ef12d7189554868647870970fb82d39a4a3c7e2f8'}, 'y_std': {'shape': [2], 'dtype': 'float32', 'sha256': '388bd844439ab2dc12b2b87c0e759c359421cdb1be385b83381920357d8f06d3'}}",/home/xinyuan/Work_host/SSM/results/cross_session_iteration_a/official_20261003/m2/lora/seed2/lr0p001,648.9345703125,37000,2,False,45a41f15110a8c950f2439cddfa0c207179cfa97d1035c7b1776d2b3dba1c601,m2
4ca8bbc5fe8f243dde43c08a375a1dbe50154f33a51392578937737f7f1a3bcf,0.33130836486816406,700,2000,True,2000,53.24248808436096,37000,83845db53d4675d9dd2b098806021a776c3fc20b8e55f43b98d68cb4ff7f1068,0.003,lora,"{'x_mean': {'shape': [96], 'dtype': 'float32', 'sha256': 'd5c16683bb0d95f4e18d5081949fafb6fab2a051d5996f687d510edb220d6493'}, 'x_std': {'shape': [96], 'dtype': 'float32', 'sha256': 'c574d154059ef1d5bc605df4be831980550eb800f9005a66549c5febebfd7964'}, 'y_mean': {'shape': [2], 'dtype': 'float32', 'sha256': 'd0c73f97cdd5532a8eadcb7ef12d7189554868647870970fb82d39a4a3c7e2f8'}, 'y_std': {'shape': [2], 'dtype': 'float32', 'sha256': '388bd844439ab2dc12b2b87c0e759c359421cdb1be385b83381920357d8f06d3'}}",/home/xinyuan/Work_host/SSM/results/cross_session_iteration_a/official_20261003/m2/lora/seed2/lr0p003,648.9345703125,37000,2,True,45a41f15110a8c950f2439cddfa0c207179cfa97d1035c7b1776d2b3dba1c601,m2
c7b886c0a8df27672b713465f95c0a18d6404242553db9ba3a2ccc21bf4424c9,0.2332397699356079,700,2000,True,2000,47.24771808134392,192,b2720272eaa1f37c5ba539aa206df09969040892b54ec3915a2b80aa44e86349,0.0003,affine,"{'x_mean': {'shape': [96], 'dtype': 'float32', 'sha256': 'd5c16683bb0d95f4e18d5081949fafb6fab2a051d5996f687d510edb220d6493'}, 'x_std': {'shape': [96], 'dtype': 'float32', 'sha256': 'c574d154059ef1d5bc605df4be831980550eb800f9005a66549c5febebfd7964'}, 'y_mean': {'shape': [2], 'dtype': 'float32', 'sha256': 'd0c73f97cdd5532a8eadcb7ef12d7189554868647870970fb82d39a4a3c7e2f8'}, 'y_std': {'shape': [2], 'dtype': 'float32', 'sha256': '388bd844439ab2dc12b2b87c0e759c359421cdb1be385b83381920357d8f06d3'}}",/home/xinyuan/Work_host/SSM/results/cross_session_iteration_a/official_20261003/m2/affine/seed0/lr0p0003,660.74951171875,192,0,True,45a41f15110a8c950f2439cddfa0c207179cfa97d1035c7b1776d2b3dba1c601,m2
5d02b749b4ca0fa90166b733564cef5c8844c9331b73ea9a7684ba65c6125792,0.22585731744766235,300,2000,True,2000,47.11230598529801,192,546aa0e1fd8b87ff124c8c09bb99a94d63861d340b0543dd0f0935ea6038f63c,0.001,affine,"{'x_mean': {'shape': [96], 'dtype': 'float32', 'sha256': 'd5c16683bb0d95f4e18d5081949fafb6fab2a051d5996f687d510edb220d6493'}, 'x_std': {'shape': [96], 'dtype': 'float32', 'sha256': 'c574d154059ef1d5bc605df4be831980550eb800f9005a66549c5febebfd7964'}, 'y_mean': {'shape': [2], 'dtype': 'float32', 'sha256': 'd0c73f97cdd5532a8eadcb7ef12d7189554868647870970fb82d39a4a3c7e2f8'}, 'y_std': {'shape': [2], 'dtype': 'float32', 'sha256': '388bd844439ab2dc12b2b87c0e759c359421cdb1be385b83381920357d8f06d3'}}",/home/xinyuan/Work_host/SSM/results/cross_session_iteration_a/official_20261003/m2/affine/seed0/lr0p001,660.74951171875,192,0,True,45a41f15110a8c950f2439cddfa0c207179cfa97d1035c7b1776d2b3dba1c601,m2
3bef2a9ad81c148087d73d9fb57ddb4a7fef8f7cba5e7aeea2932a55a61a3e8d,0.1916167140007019,100,2000,True,2000,47.1056704968214,192,4cc23f74bd4762f20187cb2640e1656caf917d04431abf41e52417335dc4556e,0.003,affine,"{'x_mean': {'shape': [96], 'dtype': 'float32', 'sha256': 'd5c16683bb0d95f4e18d5081949fafb6fab2a051d5996f687d510edb220d6493'}, 'x_std': {'shape': [96], 'dtype': 'float32', 'sha256': 'c574d154059ef1d5bc605df4be831980550eb800f9005a66549c5febebfd7964'}, 'y_mean': {'shape': [2], 'dtype': 'float32', 'sha256': 'd0c73f97cdd5532a8eadcb7ef12d7189554868647870970fb82d39a4a3c7e2f8'}, 'y_std': {'shape': [2], 'dtype': 'float32', 'sha256': '388bd844439ab2dc12b2b87c0e759c359421cdb1be385b83381920357d8f06d3'}}",/home/xinyuan/Work_host/SSM/results/cross_session_iteration_a/official_20261003/m2/affine/seed0/lr0p003,660.74951171875,192,0,True,45a41f15110a8c950f2439cddfa0c207179cfa97d1035c7b1776d2b3dba1c601,m2
c5c6579f3bdf492f81af20d4d821df3b14108d2a47cce8b419dce061d50697f2,0.23148614168167114,800,2000,True,2000,47.75069635687396,192,4f744b7732ce0ead08bd71309120b3d855d375b31da6ad66be2c9521a28798ab,0.0003,affine,"{'x_mean': {'shape': [96], 'dtype': 'float32', 'sha256': 'd5c16683bb0d95f4e18d5081949fafb6fab2a051d5996f687d510edb220d6493'}, 'x_std': {'shape': [96], 'dtype': 'float32', 'sha256': 'c574d154059ef1d5bc605df4be831980550eb800f9005a66549c5febebfd7964'}, 'y_mean': {'shape': [2], 'dtype': 'float32', 'sha256': 'd0c73f97cdd5532a8eadcb7ef12d7189554868647870970fb82d39a4a3c7e2f8'}, 'y_std': {'shape': [2], 'dtype': 'float32', 'sha256': '388bd844439ab2dc12b2b87c0e759c359421cdb1be385b83381920357d8f06d3'}}",/home/xinyuan/Work_host/SSM/results/cross_session_iteration_a/official_20261003/m2/affine/seed1/lr0p0003,660.74951171875,192,1,True,45a41f15110a8c950f2439cddfa0c207179cfa97d1035c7b1776d2b3dba1c601,m2
f3d7e16aa7ddb1a14b5de647dfadabec470a91a9d64f6e615d8fd78a034677c8,0.22019588947296143,200,2000,True,2000,47.224904047790915,192,237b19bb533ffd578a39ff27f923fff215dcbe834e1fe8744c6b669e093198ea,0.001,affine,"{'x_mean': {'shape': [96], 'dtype': 'float32', 'sha256': 'd5c16683bb0d95f4e18d5081949fafb6fab2a051d5996f687d510edb220d6493'}, 'x_std': {'shape': [96], 'dtype': 'float32', 'sha256': 'c574d154059ef1d5bc605df4be831980550eb800f9005a66549c5febebfd7964'}, 'y_mean': {'shape': [2], 'dtype': 'float32', 'sha256': 'd0c73f97cdd5532a8eadcb7ef12d7189554868647870970fb82d39a4a3c7e2f8'}, 'y_std': {'shape': [2], 'dtype': 'float32', 'sha256': '388bd844439ab2dc12b2b87c0e759c359421cdb1be385b83381920357d8f06d3'}}",/home/xinyuan/Work_host/SSM/results/cross_session_iteration_a/official_20261003/m2/affine/seed1/lr0p001,660.74951171875,192,1,True,45a41f15110a8c950f2439cddfa0c207179cfa97d1035c7b1776d2b3dba1c601,m2
72fa5c70ed9d4b76d2b2d19af473ebc4af628b7cec4d5184c2952a61e7cbcb15,0.23430806398391724,100,2000,True,2000,47.126761929597706,192,cb9741be4af6e619f7f757210a1a265659b7330b20e4b8e85349e358bdb162f5,0.003,affine,"{'x_mean': {'shape': [96], 'dtype': 'float32', 'sha256': 'd5c16683bb0d95f4e18d5081949fafb6fab2a051d5996f687d510edb220d6493'}, 'x_std': {'shape': [96], 'dtype': 'float32', 'sha256': 'c574d154059ef1d5bc605df4be831980550eb800f9005a66549c5febebfd7964'}, 'y_mean': {'shape': [2], 'dtype': 'float32', 'sha256': 'd0c73f97cdd5532a8eadcb7ef12d7189554868647870970fb82d39a4a3c7e2f8'}, 'y_std': {'shape': [2], 'dtype': 'float32', 'sha256': '388bd844439ab2dc12b2b87c0e759c359421cdb1be385b83381920357d8f06d3'}}",/home/xinyuan/Work_host/SSM/results/cross_session_iteration_a/official_20261003/m2/affine/seed1/lr0p003,660.74951171875,192,1,True,45a41f15110a8c950f2439cddfa0c207179cfa97d1035c7b1776d2b3dba1c601,m2
44478fe7b0b093c047a4d6f071bad5467e46af2631d1a233ef97bf6475a99024,0.2222912311553955,800,2000,True,2000,47.26256865635514,192,22f83b0c9c10be0f247758b86b1c3cd9b0ac27cdb27f23b8ab3883bcb357c8a8,0.0003,affine,"{'x_mean': {'shape': [96], 'dtype': 'float32', 'sha256': 'd5c16683bb0d95f4e18d5081949fafb6fab2a051d5996f687d510edb220d6493'}, 'x_std': {'shape': [96], 'dtype': 'float32', 'sha256': 'c574d154059ef1d5bc605df4be831980550eb800f9005a66549c5febebfd7964'}, 'y_mean': {'shape': [2], 'dtype': 'float32', 'sha256': 'd0c73f97cdd5532a8eadcb7ef12d7189554868647870970fb82d39a4a3c7e2f8'}, 'y_std': {'shape': [2], 'dtype': 'float32', 'sha256': '388bd844439ab2dc12b2b87c0e759c359421cdb1be385b83381920357d8f06d3'}}",/home/xinyuan/Work_host/SSM/results/cross_session_iteration_a/official_20261003/m2/affine/seed2/lr0p0003,660.74951171875,192,2,True,45a41f15110a8c950f2439cddfa0c207179cfa97d1035c7b1776d2b3dba1c601,m2
6b17e6d79886a63d81959ec99962aec1df4577d4db9e5ee136f35dfc9c3421ed,0.20442533493041992,200,2000,True,2000,47.26835569832474,192,6fcc2eb48996bab485f6c2767bc903df1b24b75e446fe91954b9c9c3bc99813a,0.001,affine,"{'x_mean': {'shape': [96], 'dtype': 'float32', 'sha256': 'd5c16683bb0d95f4e18d5081949fafb6fab2a051d5996f687d510edb220d6493'}, 'x_std': {'shape': [96], 'dtype': 'float32', 'sha256': 'c574d154059ef1d5bc605df4be831980550eb800f9005a66549c5febebfd7964'}, 'y_mean': {'shape': [2], 'dtype': 'float32', 'sha256': 'd0c73f97cdd5532a8eadcb7ef12d7189554868647870970fb82d39a4a3c7e2f8'}, 'y_std': {'shape': [2], 'dtype': 'float32', 'sha256': '388bd844439ab2dc12b2b87c0e759c359421cdb1be385b83381920357d8f06d3'}}",/home/xinyuan/Work_host/SSM/results/cross_session_iteration_a/official_20261003/m2/affine/seed2/lr0p001,660.74951171875,192,2,True,45a41f15110a8c950f2439cddfa0c207179cfa97d1035c7b1776d2b3dba1c601,m2
caae9728668b7d27f8bb95170d69b27916e024ef235db97ed84d6946910f131a,0.19702398777008057,200,2000,True,2000,47.93020238960162,192,2baa7f0567f3b2e93e52d9ed78fd3df519f2eac0a063e5ffb65f0209bef28de1,0.003,affine,"{'x_mean': {'shape': [96], 'dtype': 'float32', 'sha256': 'd5c16683bb0d95f4e18d5081949fafb6fab2a051d5996f687d510edb220d6493'}, 'x_std': {'shape': [96], 'dtype': 'float32', 'sha256': 'c574d154059ef1d5bc605df4be831980550eb800f9005a66549c5febebfd7964'}, 'y_mean': {'shape': [2], 'dtype': 'float32', 'sha256': 'd0c73f97cdd5532a8eadcb7ef12d7189554868647870970fb82d39a4a3c7e2f8'}, 'y_std': {'shape': [2], 'dtype': 'float32', 'sha256': '388bd844439ab2dc12b2b87c0e759c359421cdb1be385b83381920357d8f06d3'}}",/home/xinyuan/Work_host/SSM/results/cross_session_iteration_a/official_20261003/m2/affine/seed2/lr0p003,660.74951171875,192,2,True,45a41f15110a8c950f2439cddfa0c207179cfa97d1035c7b1776d2b3dba1c601,m2
60b7caa3fc2c115a828809d726f225e7b1092a2327021fb09ed18e057772b82a,0.33292675018310547,6500,8000,False,8000,121.03471715608612,37192,bea9b64e030617a0e07a2cc1ace4a5680b5683505539fc603421b013d42685f0,0.0003,affine_lora,"{'x_mean': {'shape': [96], 'dtype': 'float32', 'sha256': 'd5c16683bb0d95f4e18d5081949fafb6fab2a051d5996f687d510edb220d6493'}, 'x_std': {'shape': [96], 'dtype': 'float32', 'sha256': 'c574d154059ef1d5bc605df4be831980550eb800f9005a66549c5febebfd7964'}, 'y_mean': {'shape': [2], 'dtype': 'float32', 'sha256': 'd0c73f97cdd5532a8eadcb7ef12d7189554868647870970fb82d39a4a3c7e2f8'}, 'y_std': {'shape': [2], 'dtype': 'float32', 'sha256': '388bd844439ab2dc12b2b87c0e759c359421cdb1be385b83381920357d8f06d3'}}",/home/xinyuan/Work_host/SSM/results/cross_session_iteration_a/official_20261003/m2/affine_lora/seed0/lr0p0003,660.935546875,37192,0,False,45a41f15110a8c950f2439cddfa0c207179cfa97d1035c7b1776d2b3dba1c601,m2
75c95b307a3f88487bffd38bdf9324a4910b119598bad37358dd2b510de4645f,0.33960044384002686,2100,4000,True,4000,76.20917902095243,37192,31edeaa2420a091016a9f54f4d9d1c2d42df6fa667c055692137f7410c91f744,0.001,affine_lora,"{'x_mean': {'shape': [96], 'dtype': 'float32', 'sha256': 'd5c16683bb0d95f4e18d5081949fafb6fab2a051d5996f687d510edb220d6493'}, 'x_std': {'shape': [96], 'dtype': 'float32', 'sha256': 'c574d154059ef1d5bc605df4be831980550eb800f9005a66549c5febebfd7964'}, 'y_mean': {'shape': [2], 'dtype': 'float32', 'sha256': 'd0c73f97cdd5532a8eadcb7ef12d7189554868647870970fb82d39a4a3c7e2f8'}, 'y_std': {'shape': [2], 'dtype': 'float32', 'sha256': '388bd844439ab2dc12b2b87c0e759c359421cdb1be385b83381920357d8f06d3'}}",/home/xinyuan/Work_host/SSM/results/cross_session_iteration_a/official_20261003/m2/affine_lora/seed0/lr0p001,660.935546875,37192,0,True,45a41f15110a8c950f2439cddfa0c207179cfa97d1035c7b1776d2b3dba1c601,m2
5d99a72b7b1126d40bd1dda8c86cf390aaac6afc1fd7d9b3d22d7b4126088f76,0.3773752450942993,700,2000,True,2000,53.284478918649256,37192,aff6591f5ebae5d2fab704ad201dd3ba2dcf88bbda1f60b0dc2bdb4d2552e15b,0.003,affine_lora,"{'x_mean': {'shape': [96], 'dtype': 'float32', 'sha256': 'd5c16683bb0d95f4e18d5081949fafb6fab2a051d5996f687d510edb220d6493'}, 'x_std': {'shape': [96], 'dtype': 'float32', 'sha256': 'c574d154059ef1d5bc605df4be831980550eb800f9005a66549c5febebfd7964'}, 'y_mean': {'shape': [2], 'dtype': 'float32', 'sha256': 'd0c73f97cdd5532a8eadcb7ef12d7189554868647870970fb82d39a4a3c7e2f8'}, 'y_std': {'shape': [2], 'dtype': 'float32', 'sha256': '388bd844439ab2dc12b2b87c0e759c359421cdb1be385b83381920357d8f06d3'}}",/home/xinyuan/Work_host/SSM/results/cross_session_iteration_a/official_20261003/m2/affine_lora/seed0/lr0p003,660.935546875,37192,0,True,45a41f15110a8c950f2439cddfa0c207179cfa97d1035c7b1776d2b3dba1c601,m2
47f3666135c8fe5a51be73fd6652ab5e5c7ffd4e93a95b47d90ba3154d0fb5a5,0.3256164789199829,1600,4000,True,4000,76.60041151475161,37192,664e9514290a0fef268261dd2be7760c71688afea6000e6d71489f525c81d13c,0.0003,affine_lora,"{'x_mean': {'shape': [96], 'dtype': 'float32', 'sha256': 'd5c16683bb0d95f4e18d5081949fafb6fab2a051d5996f687d510edb220d6493'}, 'x_std': {'shape': [96], 'dtype': 'float32', 'sha256': 'c574d154059ef1d5bc605df4be831980550eb800f9005a66549c5febebfd7964'}, 'y_mean': {'shape': [2], 'dtype': 'float32', 'sha256': 'd0c73f97cdd5532a8eadcb7ef12d7189554868647870970fb82d39a4a3c7e2f8'}, 'y_std': {'shape': [2], 'dtype': 'float32', 'sha256': '388bd844439ab2dc12b2b87c0e759c359421cdb1be385b83381920357d8f06d3'}}",/home/xinyuan/Work_host/SSM/results/cross_session_iteration_a/official_20261003/m2/affine_lora/seed1/lr0p0003,660.935546875,37192,1,True,45a41f15110a8c950f2439cddfa0c207179cfa97d1035c7b1776d2b3dba1c601,m2
a8c7fadd5b56460174da9f5fafbed11544ca7f41a088f9f2f2281bdcad02718e,0.32307642698287964,700,2000,True,2000,53.69222305668518,37192,f55bee7f1e9474c00c20f9c2432f7870c3460348bfbbe1390dc0df2bdf38e8a2,0.001,affine_lora,"{'x_mean': {'shape': [96], 'dtype': 'float32', 'sha256': 'd5c16683bb0d95f4e18d5081949fafb6fab2a051d5996f687d510edb220d6493'}, 'x_std': {'shape': [96], 'dtype': 'float32', 'sha256': 'c574d154059ef1d5bc605df4be831980550eb800f9005a66549c5febebfd7964'}, 'y_mean': {'shape': [2], 'dtype': 'float32', 'sha256': 'd0c73f97cdd5532a8eadcb7ef12d7189554868647870970fb82d39a4a3c7e2f8'}, 'y_std': {'shape': [2], 'dtype': 'float32', 'sha256': '388bd844439ab2dc12b2b87c0e759c359421cdb1be385b83381920357d8f06d3'}}",/home/xinyuan/Work_host/SSM/results/cross_session_iteration_a/official_20261003/m2/affine_lora/seed1/lr0p001,660.935546875,37192,1,True,45a41f15110a8c950f2439cddfa0c207179cfa97d1035c7b1776d2b3dba1c601,m2
830308bf81f6534bc2c684ee21c70442b58a62e449a5cca136db6034c5ea4af7,0.32999515533447266,200,2000,True,2000,53.469433503225446,37192,5036c19186f5b5bd6db7b3b87a9701ac0b607052f646ef083d03f668c9eb9d26,0.003,affine_lora,"{'x_mean': {'shape': [96], 'dtype': 'float32', 'sha256': 'd5c16683bb0d95f4e18d5081949fafb6fab2a051d5996f687d510edb220d6493'}, 'x_std': {'shape': [96], 'dtype': 'float32', 'sha256': 'c574d154059ef1d5bc605df4be831980550eb800f9005a66549c5febebfd7964'}, 'y_mean': {'shape': [2], 'dtype': 'float32', 'sha256': 'd0c73f97cdd5532a8eadcb7ef12d7189554868647870970fb82d39a4a3c7e2f8'}, 'y_std': {'shape': [2], 'dtype': 'float32', 'sha256': '388bd844439ab2dc12b2b87c0e759c359421cdb1be385b83381920357d8f06d3'}}",/home/xinyuan/Work_host/SSM/results/cross_session_iteration_a/official_20261003/m2/affine_lora/seed1/lr0p003,660.935546875,37192,1,True,45a41f15110a8c950f2439cddfa0c207179cfa97d1035c7b1776d2b3dba1c601,m2
2b63d75485ce540ac9a47ceb565f11cf1abf2e5822fe2285136b739b653c3cc8,0.3559001088142395,5800,8000,True,8000,120.97655678307638,37192,efd17c36d5ef3d84981b29dec9f98285711ced48e318ea08198d1dc27ad2528e,0.0003,affine_lora,"{'x_mean': {'shape': [96], 'dtype': 'float32', 'sha256': 'd5c16683bb0d95f4e18d5081949fafb6fab2a051d5996f687d510edb220d6493'}, 'x_std': {'shape': [96], 'dtype': 'float32', 'sha256': 'c574d154059ef1d5bc605df4be831980550eb800f9005a66549c5febebfd7964'}, 'y_mean': {'shape': [2], 'dtype': 'float32', 'sha256': 'd0c73f97cdd5532a8eadcb7ef12d7189554868647870970fb82d39a4a3c7e2f8'}, 'y_std': {'shape': [2], 'dtype': 'float32', 'sha256': '388bd844439ab2dc12b2b87c0e759c359421cdb1be385b83381920357d8f06d3'}}",/home/xinyuan/Work_host/SSM/results/cross_session_iteration_a/official_20261003/m2/affine_lora/seed2/lr0p0003,660.935546875,37192,2,True,45a41f15110a8c950f2439cddfa0c207179cfa97d1035c7b1776d2b3dba1c601,m2
4aa5f1bca20a4243814410a6c54c3c3b346959f152fb279afa7945e34396fa78,0.3876604437828064,3900,8000,True,8000,120.84625717811286,37192,558e6db97ee8cd3f12c1999cb181b219315f56f02534a7cc0b779b9778361484,0.001,affine_lora,"{'x_mean': {'shape': [96], 'dtype': 'float32', 'sha256': 'd5c16683bb0d95f4e18d5081949fafb6fab2a051d5996f687d510edb220d6493'}, 'x_std': {'shape': [96], 'dtype': 'float32', 'sha256': 'c574d154059ef1d5bc605df4be831980550eb800f9005a66549c5febebfd7964'}, 'y_mean': {'shape': [2], 'dtype': 'float32', 'sha256': 'd0c73f97cdd5532a8eadcb7ef12d7189554868647870970fb82d39a4a3c7e2f8'}, 'y_std': {'shape': [2], 'dtype': 'float32', 'sha256': '388bd844439ab2dc12b2b87c0e759c359421cdb1be385b83381920357d8f06d3'}}",/home/xinyuan/Work_host/SSM/results/cross_session_iteration_a/official_20261003/m2/affine_lora/seed2/lr0p001,660.935546875,37192,2,True,45a41f15110a8c950f2439cddfa0c207179cfa97d1035c7b1776d2b3dba1c601,m2
9b7477c98935288fe5de9d9d8a1e4180acf7571e9f05185c2a3fd85470fae2ce,0.33737534284591675,700,2000,True,2000,53.23951461305842,37192,fb7cfa57ed963f7341cd436cad9c0e843eff0b066f08f34b5a672ec9c5d432e8,0.003,affine_lora,"{'x_mean': {'shape': [96], 'dtype': 'float32', 'sha256': 'd5c16683bb0d95f4e18d5081949fafb6fab2a051d5996f687d510edb220d6493'}, 'x_std': {'shape': [96], 'dtype': 'float32', 'sha256': 'c574d154059ef1d5bc605df4be831980550eb800f9005a66549c5febebfd7964'}, 'y_mean': {'shape': [2], 'dtype': 'float32', 'sha256': 'd0c73f97cdd5532a8eadcb7ef12d7189554868647870970fb82d39a4a3c7e2f8'}, 'y_std': {'shape': [2], 'dtype': 'float32', 'sha256': '388bd844439ab2dc12b2b87c0e759c359421cdb1be385b83381920357d8f06d3'}}",/home/xinyuan/Work_host/SSM/results/cross_session_iteration_a/official_20261003/m2/affine_lora/seed2/lr0p003,660.935546875,37192,2,True,45a41f15110a8c950f2439cddfa0c207179cfa97d1035c7b1776d2b3dba1c601,m2
e5e55151bf6bc5baf95315488b0daa150d9729ddb7f5fb1ab77a6dfff8ae3fd0,0.24889391660690308,1400,2000,True,2000,56.99234341457486,8896,d58e624e6511a2e7319985449266c53aea9b9077a3ec57cb54c237d6bcce0a59,0.0003,offset_rotated,"{'x_mean': {'shape': [96], 'dtype': 'float32', 'sha256': 'd5c16683bb0d95f4e18d5081949fafb6fab2a051d5996f687d510edb220d6493'}, 'x_std': {'shape': [96], 'dtype': 'float32', 'sha256': 'c574d154059ef1d5bc605df4be831980550eb800f9005a66549c5febebfd7964'}, 'y_mean': {'shape': [2], 'dtype': 'float32', 'sha256': 'd0c73f97cdd5532a8eadcb7ef12d7189554868647870970fb82d39a4a3c7e2f8'}, 'y_std': {'shape': [2], 'dtype': 'float32', 'sha256': '388bd844439ab2dc12b2b87c0e759c359421cdb1be385b83381920357d8f06d3'}}",/home/xinyuan/Work_host/SSM/results/cross_session_iteration_a/official_20261003/m2/offset_rotated/seed0/lr0p0003,662.84912109375,8896,0,True,45a41f15110a8c950f2439cddfa0c207179cfa97d1035c7b1776d2b3dba1c601,m2
e96efa3f563d59ab6598e12b22d76c2a0fc9b606664fa5c3f21168773cf18acb,0.26345115900039673,400,2000,True,2000,56.854601732920855,8896,0588446b41ac2a1eed91afd4578b8523c591cc8472bc18f9d98f131445c82bf3,0.001,offset_rotated,"{'x_mean': {'shape': [96], 'dtype': 'float32', 'sha256': 'd5c16683bb0d95f4e18d5081949fafb6fab2a051d5996f687d510edb220d6493'}, 'x_std': {'shape': [96], 'dtype': 'float32', 'sha256': 'c574d154059ef1d5bc605df4be831980550eb800f9005a66549c5febebfd7964'}, 'y_mean': {'shape': [2], 'dtype': 'float32', 'sha256': 'd0c73f97cdd5532a8eadcb7ef12d7189554868647870970fb82d39a4a3c7e2f8'}, 'y_std': {'shape': [2], 'dtype': 'float32', 'sha256': '388bd844439ab2dc12b2b87c0e759c359421cdb1be385b83381920357d8f06d3'}}",/home/xinyuan/Work_host/SSM/results/cross_session_iteration_a/official_20261003/m2/offset_rotated/seed0/lr0p001,662.84912109375,8896,0,True,45a41f15110a8c950f2439cddfa0c207179cfa97d1035c7b1776d2b3dba1c601,m2
df6e72c411242c15795df3562b6aa0d898040f48da20e49a04a9ab66f196139e,0.3817983865737915,3800,8000,True,8000,135.7503519942984,8896,f29e515bdaa82f7f063257e949a5e6ce65a7072e28f10c3c47cea13bfc701415,0.003,offset_rotated,"{'x_mean': {'shape': [96], 'dtype': 'float32', 'sha256': 'd5c16683bb0d95f4e18d5081949fafb6fab2a051d5996f687d510edb220d6493'}, 'x_std': {'shape': [96], 'dtype': 'float32', 'sha256': 'c574d154059ef1d5bc605df4be831980550eb800f9005a66549c5febebfd7964'}, 'y_mean': {'shape': [2], 'dtype': 'float32', 'sha256': 'd0c73f97cdd5532a8eadcb7ef12d7189554868647870970fb82d39a4a3c7e2f8'}, 'y_std': {'shape': [2], 'dtype': 'float32', 'sha256': '388bd844439ab2dc12b2b87c0e759c359421cdb1be385b83381920357d8f06d3'}}",/home/xinyuan/Work_host/SSM/results/cross_session_iteration_a/official_20261003/m2/offset_rotated/seed0/lr0p003,662.84912109375,8896,0,True,45a41f15110a8c950f2439cddfa0c207179cfa97d1035c7b1776d2b3dba1c601,m2
98f860e1b1b75a36fb377718910ebe0fd4cad061038a588906a64d52af61847b,0.26152241230010986,1300,2000,True,2000,57.25094880908728,8896,5447de63c99992dc704d472438f3c6bee418c3583bbede9d95e5be8c0a543141,0.0003,offset_rotated,"{'x_mean': {'shape': [96], 'dtype': 'float32', 'sha256': 'd5c16683bb0d95f4e18d5081949fafb6fab2a051d5996f687d510edb220d6493'}, 'x_std': {'shape': [96], 'dtype': 'float32', 'sha256': 'c574d154059ef1d5bc605df4be831980550eb800f9005a66549c5febebfd7964'}, 'y_mean': {'shape': [2], 'dtype': 'float32', 'sha256': 'd0c73f97cdd5532a8eadcb7ef12d7189554868647870970fb82d39a4a3c7e2f8'}, 'y_std': {'shape': [2], 'dtype': 'float32', 'sha256': '388bd844439ab2dc12b2b87c0e759c359421cdb1be385b83381920357d8f06d3'}}",/home/xinyuan/Work_host/SSM/results/cross_session_iteration_a/official_20261003/m2/offset_rotated/seed1/lr0p0003,662.84912109375,8896,1,True,45a41f15110a8c950f2439cddfa0c207179cfa97d1035c7b1776d2b3dba1c601,m2
5d08e760f52f9b9f352d9cd946af8895302f1cbb1ab2cb97bc360e65c93ed927,0.2573190927505493,400,2000,True,2000,57.200698212720454,8896,fcd491b13234ab8cff3dc797f58bae95202880905eb59afa4df2b74809fa4bc8,0.001,offset_rotated,"{'x_mean': {'shape': [96], 'dtype': 'float32', 'sha256': 'd5c16683bb0d95f4e18d5081949fafb6fab2a051d5996f687d510edb220d6493'}, 'x_std': {'shape': [96], 'dtype': 'float32', 'sha256': 'c574d154059ef1d5bc605df4be831980550eb800f9005a66549c5febebfd7964'}, 'y_mean': {'shape': [2], 'dtype': 'float32', 'sha256': 'd0c73f97cdd5532a8eadcb7ef12d7189554868647870970fb82d39a4a3c7e2f8'}, 'y_std': {'shape': [2], 'dtype': 'float32', 'sha256': '388bd844439ab2dc12b2b87c0e759c359421cdb1be385b83381920357d8f06d3'}}",/home/xinyuan/Work_host/SSM/results/cross_session_iteration_a/official_20261003/m2/offset_rotated/seed1/lr0p001,662.84912109375,8896,1,True,45a41f15110a8c950f2439cddfa0c207179cfa97d1035c7b1776d2b3dba1c601,m2
16141f93e8b464018076c332ae5e21c7ce03747cca3b1cc4cbcd759e8f85763b,0.32912397384643555,2500,4000,True,4000,83.47135699680075,8896,4f2579c8273206e5f1ffb0fca7dfc4e39d67a51f99c20c66041024bb74ea9d11,0.003,offset_rotated,"{'x_mean': {'shape': [96], 'dtype': 'float32', 'sha256': 'd5c16683bb0d95f4e18d5081949fafb6fab2a051d5996f687d510edb220d6493'}, 'x_std': {'shape': [96], 'dtype': 'float32', 'sha256': 'c574d154059ef1d5bc605df4be831980550eb800f9005a66549c5febebfd7964'}, 'y_mean': {'shape': [2], 'dtype': 'float32', 'sha256': 'd0c73f97cdd5532a8eadcb7ef12d7189554868647870970fb82d39a4a3c7e2f8'}, 'y_std': {'shape': [2], 'dtype': 'float32', 'sha256': '388bd844439ab2dc12b2b87c0e759c359421cdb1be385b83381920357d8f06d3'}}",/home/xinyuan/Work_host/SSM/results/cross_session_iteration_a/official_20261003/m2/offset_rotated/seed1/lr0p003,662.84912109375,8896,1,True,45a41f15110a8c950f2439cddfa0c207179cfa97d1035c7b1776d2b3dba1c601,m2
21a6c15f8afb39cedc0e990e23bb5a80fa20bcfdb1817cc39633d285ac36b1b5,0.3004721403121948,900,2000,True,2000,56.7794666942209,8896,1d0b0cad4115f251f7c85299546fd158901959aa4cee2b27ed7fbbefeccc6a33,0.0003,offset_rotated,"{'x_mean': {'shape': [96], 'dtype': 'float32', 'sha256': 'd5c16683bb0d95f4e18d5081949fafb6fab2a051d5996f687d510edb220d6493'}, 'x_std': {'shape': [96], 'dtype': 'float32', 'sha256': 'c574d154059ef1d5bc605df4be831980550eb800f9005a66549c5febebfd7964'}, 'y_mean': {'shape': [2], 'dtype': 'float32', 'sha256': 'd0c73f97cdd5532a8eadcb7ef12d7189554868647870970fb82d39a4a3c7e2f8'}, 'y_std': {'shape': [2], 'dtype': 'float32', 'sha256': '388bd844439ab2dc12b2b87c0e759c359421cdb1be385b83381920357d8f06d3'}}",/home/xinyuan/Work_host/SSM/results/cross_session_iteration_a/official_20261003/m2/offset_rotated/seed2/lr0p0003,662.84912109375,8896,2,True,45a41f15110a8c950f2439cddfa0c207179cfa97d1035c7b1776d2b3dba1c601,m2
71039712fea28a18c5a1abd1ecefa693c7a649c62a7d2bb6fee5423c6ab7f5b3,0.3501647710800171,3500,8000,True,8000,134.5884062629193,8896,11b2f6df60f9daaa22b3c9f1e4c6c9eb5622a1d0644faced7dd9ec86938f2a67,0.001,offset_rotated,"{'x_mean': {'shape': [96], 'dtype': 'float32', 'sha256': 'd5c16683bb0d95f4e18d5081949fafb6fab2a051d5996f687d510edb220d6493'}, 'x_std': {'shape': [96], 'dtype': 'float32', 'sha256': 'c574d154059ef1d5bc605df4be831980550eb800f9005a66549c5febebfd7964'}, 'y_mean': {'shape': [2], 'dtype': 'float32', 'sha256': 'd0c73f97cdd5532a8eadcb7ef12d7189554868647870970fb82d39a4a3c7e2f8'}, 'y_std': {'shape': [2], 'dtype': 'float32', 'sha256': '388bd844439ab2dc12b2b87c0e759c359421cdb1be385b83381920357d8f06d3'}}",/home/xinyuan/Work_host/SSM/results/cross_session_iteration_a/official_20261003/m2/offset_rotated/seed2/lr0p001,662.84912109375,8896,2,True,45a41f15110a8c950f2439cddfa0c207179cfa97d1035c7b1776d2b3dba1c601,m2
ba80ca09c8410fa18e179b7df63002ac1effa46327bf74f6936f7738e57472ad,0.36491715908050537,3700,8000,True,8000,134.54628090187907,8896,05d591eef6892d05ddce413e644949c7b3f7eb94f513fd7a79a6e7b522e9fe42,0.003,offset_rotated,"{'x_mean': {'shape': [96], 'dtype': 'float32', 'sha256': 'd5c16683bb0d95f4e18d5081949fafb6fab2a051d5996f687d510edb220d6493'}, 'x_std': {'shape': [96], 'dtype': 'float32', 'sha256': 'c574d154059ef1d5bc605df4be831980550eb800f9005a66549c5febebfd7964'}, 'y_mean': {'shape': [2], 'dtype': 'float32', 'sha256': 'd0c73f97cdd5532a8eadcb7ef12d7189554868647870970fb82d39a4a3c7e2f8'}, 'y_std': {'shape': [2], 'dtype': 'float32', 'sha256': '388bd844439ab2dc12b2b87c0e759c359421cdb1be385b83381920357d8f06d3'}}",/home/xinyuan/Work_host/SSM/results/cross_session_iteration_a/official_20261003/m2/offset_rotated/seed2/lr0p003,662.84912109375,8896,2,True,45a41f15110a8c950f2439cddfa0c207179cfa97d1035c7b1776d2b3dba1c601,m2
b74a6a3c4fa455393c9e7ff4703ec534b966e541f0ed082a14cac484f91eaf37,0.2662222981452942,700,2000,True,2000,53.58603433705866,8896,48116b21499877e2410a52bd0dda34093877c4ecac337d3bd47957f837a3ddd1,0.0003,offset_original,"{'x_mean': {'shape': [96], 'dtype': 'float32', 'sha256': 'd5c16683bb0d95f4e18d5081949fafb6fab2a051d5996f687d510edb220d6493'}, 'x_std': {'shape': [96], 'dtype': 'float32', 'sha256': 'c574d154059ef1d5bc605df4be831980550eb800f9005a66549c5febebfd7964'}, 'y_mean': {'shape': [2], 'dtype': 'float32', 'sha256': 'd0c73f97cdd5532a8eadcb7ef12d7189554868647870970fb82d39a4a3c7e2f8'}, 'y_std': {'shape': [2], 'dtype': 'float32', 'sha256': '388bd844439ab2dc12b2b87c0e759c359421cdb1be385b83381920357d8f06d3'}}",/home/xinyuan/Work_host/SSM/results/cross_session_iteration_a/official_20261003/m2/offset_original/seed0/lr0p0003,660.78271484375,8896,0,True,45a41f15110a8c950f2439cddfa0c207179cfa97d1035c7b1776d2b3dba1c601,m2
db391ff1b9393405826235bd6fd2f4ec4c2fc5091d31cba50f6cc79ab41c96ce,0.37420177459716797,5500,8000,True,8000,122.06517632585019,8896,9523e3787d1746bcc9f164af4f3bc8bb28448f8503aa33da0a6751b296a176ad,0.001,offset_original,"{'x_mean': {'shape': [96], 'dtype': 'float32', 'sha256': 'd5c16683bb0d95f4e18d5081949fafb6fab2a051d5996f687d510edb220d6493'}, 'x_std': {'shape': [96], 'dtype': 'float32', 'sha256': 'c574d154059ef1d5bc605df4be831980550eb800f9005a66549c5febebfd7964'}, 'y_mean': {'shape': [2], 'dtype': 'float32', 'sha256': 'd0c73f97cdd5532a8eadcb7ef12d7189554868647870970fb82d39a4a3c7e2f8'}, 'y_std': {'shape': [2], 'dtype': 'float32', 'sha256': '388bd844439ab2dc12b2b87c0e759c359421cdb1be385b83381920357d8f06d3'}}",/home/xinyuan/Work_host/SSM/results/cross_session_iteration_a/official_20261003/m2/offset_original/seed0/lr0p001,660.78271484375,8896,0,True,45a41f15110a8c950f2439cddfa0c207179cfa97d1035c7b1776d2b3dba1c601,m2
6f9429a213720d66e010559a81b5530ae9400761b4365f329f38be54099fab12,0.35954827070236206,3000,4000,True,4000,76.69725247565657,8896,21b1215c71e5d35228d439b75cab692a09d2bf15cc1f418155b703031afa08a6,0.003,offset_original,"{'x_mean': {'shape': [96], 'dtype': 'float32', 'sha256': 'd5c16683bb0d95f4e18d5081949fafb6fab2a051d5996f687d510edb220d6493'}, 'x_std': {'shape': [96], 'dtype': 'float32', 'sha256': 'c574d154059ef1d5bc605df4be831980550eb800f9005a66549c5febebfd7964'}, 'y_mean': {'shape': [2], 'dtype': 'float32', 'sha256': 'd0c73f97cdd5532a8eadcb7ef12d7189554868647870970fb82d39a4a3c7e2f8'}, 'y_std': {'shape': [2], 'dtype': 'float32', 'sha256': '388bd844439ab2dc12b2b87c0e759c359421cdb1be385b83381920357d8f06d3'}}",/home/xinyuan/Work_host/SSM/results/cross_session_iteration_a/official_20261003/m2/offset_original/seed0/lr0p003,660.78271484375,8896,0,True,45a41f15110a8c950f2439cddfa0c207179cfa97d1035c7b1776d2b3dba1c601,m2
f1e6bff477cf08014991c32a2897dd674910e49ea95bc8439cb521518468051d,0.2687806487083435,1000,2000,True,2000,53.66868028184399,8896,c0b458150513e55756d18aa4b136d36b6cc38f2fe19b217e5cce8e5edfb60f44,0.0003,offset_original,"{'x_mean': {'shape': [96], 'dtype': 'float32', 'sha256': 'd5c16683bb0d95f4e18d5081949fafb6fab2a051d5996f687d510edb220d6493'}, 'x_std': {'shape': [96], 'dtype': 'float32', 'sha256': 'c574d154059ef1d5bc605df4be831980550eb800f9005a66549c5febebfd7964'}, 'y_mean': {'shape': [2], 'dtype': 'float32', 'sha256': 'd0c73f97cdd5532a8eadcb7ef12d7189554868647870970fb82d39a4a3c7e2f8'}, 'y_std': {'shape': [2], 'dtype': 'float32', 'sha256': '388bd844439ab2dc12b2b87c0e759c359421cdb1be385b83381920357d8f06d3'}}",/home/xinyuan/Work_host/SSM/results/cross_session_iteration_a/official_20261003/m2/offset_original/seed1/lr0p0003,660.78271484375,8896,1,True,45a41f15110a8c950f2439cddfa0c207179cfa97d1035c7b1776d2b3dba1c601,m2
81f23038a63ac750fdd2a6988f73b0c95142554f168b198c01637e7fb9dbeb36,0.34854161739349365,2300,4000,True,4000,76.24295464344323,8896,e6c8696bde9fc38ea054b66148b849a3e9c29c2e38525ad0d0fbf8e04c480aa5,0.001,offset_original,"{'x_mean': {'shape': [96], 'dtype': 'float32', 'sha256': 'd5c16683bb0d95f4e18d5081949fafb6fab2a051d5996f687d510edb220d6493'}, 'x_std': {'shape': [96], 'dtype': 'float32', 'sha256': 'c574d154059ef1d5bc605df4be831980550eb800f9005a66549c5febebfd7964'}, 'y_mean': {'shape': [2], 'dtype': 'float32', 'sha256': 'd0c73f97cdd5532a8eadcb7ef12d7189554868647870970fb82d39a4a3c7e2f8'}, 'y_std': {'shape': [2], 'dtype': 'float32', 'sha256': '388bd844439ab2dc12b2b87c0e759c359421cdb1be385b83381920357d8f06d3'}}",/home/xinyuan/Work_host/SSM/results/cross_session_iteration_a/official_20261003/m2/offset_original/seed1/lr0p001,660.78271484375,8896,1,True,45a41f15110a8c950f2439cddfa0c207179cfa97d1035c7b1776d2b3dba1c601,m2
b804e423d92386395644967df84124a3dd62cf8a7ced23dc858ae708fdf868e8,0.32374924421310425,1100,2000,True,2000,53.396313660312444,8896,2b9e2a20982c125dda111744f9120513f372780a5d8be0ee51d8aab6f98b9b68,0.003,offset_original,"{'x_mean': {'shape': [96], 'dtype': 'float32', 'sha256': 'd5c16683bb0d95f4e18d5081949fafb6fab2a051d5996f687d510edb220d6493'}, 'x_std': {'shape': [96], 'dtype': 'float32', 'sha256': 'c574d154059ef1d5bc605df4be831980550eb800f9005a66549c5febebfd7964'}, 'y_mean': {'shape': [2], 'dtype': 'float32', 'sha256': 'd0c73f97cdd5532a8eadcb7ef12d7189554868647870970fb82d39a4a3c7e2f8'}, 'y_std': {'shape': [2], 'dtype': 'float32', 'sha256': '388bd844439ab2dc12b2b87c0e759c359421cdb1be385b83381920357d8f06d3'}}",/home/xinyuan/Work_host/SSM/results/cross_session_iteration_a/official_20261003/m2/offset_original/seed1/lr0p003,660.78271484375,8896,1,True,45a41f15110a8c950f2439cddfa0c207179cfa97d1035c7b1776d2b3dba1c601,m2
b285b9be9cbdfdc2c8dc43ea4f86c1f917e33273612b780d36e7cae9dea75d69,0.31426262855529785,800,2000,True,2000,53.54645319515839,8896,ea28628d1f1d6d8d7690960e7c0201e9ebd6196b35706d99b6d43ac78abbf5b7,0.0003,offset_original,"{'x_mean': {'shape': [96], 'dtype': 'float32', 'sha256': 'd5c16683bb0d95f4e18d5081949fafb6fab2a051d5996f687d510edb220d6493'}, 'x_std': {'shape': [96], 'dtype': 'float32', 'sha256': 'c574d154059ef1d5bc605df4be831980550eb800f9005a66549c5febebfd7964'}, 'y_mean': {'shape': [2], 'dtype': 'float32', 'sha256': 'd0c73f97cdd5532a8eadcb7ef12d7189554868647870970fb82d39a4a3c7e2f8'}, 'y_std': {'shape': [2], 'dtype': 'float32', 'sha256': '388bd844439ab2dc12b2b87c0e759c359421cdb1be385b83381920357d8f06d3'}}",/home/xinyuan/Work_host/SSM/results/cross_session_iteration_a/official_20261003/m2/offset_original/seed2/lr0p0003,660.78271484375,8896,2,True,45a41f15110a8c950f2439cddfa0c207179cfa97d1035c7b1776d2b3dba1c601,m2
12fb3bd140677bdf3567e95d5fe44bd3490fdbc9c9ba2dd6d7ccb76f1119c651,0.40049004554748535,3800,8000,True,8000,122.20249417284504,8896,54c40793b139fb422f6da4bf770d441a14a4563058ea3ad30df1462647af2f23,0.001,offset_original,"{'x_mean': {'shape': [96], 'dtype': 'float32', 'sha256': 'd5c16683bb0d95f4e18d5081949fafb6fab2a051d5996f687d510edb220d6493'}, 'x_std': {'shape': [96], 'dtype': 'float32', 'sha256': 'c574d154059ef1d5bc605df4be831980550eb800f9005a66549c5febebfd7964'}, 'y_mean': {'shape': [2], 'dtype': 'float32', 'sha256': 'd0c73f97cdd5532a8eadcb7ef12d7189554868647870970fb82d39a4a3c7e2f8'}, 'y_std': {'shape': [2], 'dtype': 'float32', 'sha256': '388bd844439ab2dc12b2b87c0e759c359421cdb1be385b83381920357d8f06d3'}}",/home/xinyuan/Work_host/SSM/results/cross_session_iteration_a/official_20261003/m2/offset_original/seed2/lr0p001,660.78271484375,8896,2,True,45a41f15110a8c950f2439cddfa0c207179cfa97d1035c7b1776d2b3dba1c601,m2
0098895f0717b59ca96a7752add0e6aea40e2d1ce40d3ff3f0ac38b07fd4561e,0.38764119148254395,1700,4000,True,4000,76.30754878325388,8896,70103672d19b701b2ad36dd75da4097d2a9a07c90300542896b9a129d16e7996,0.003,offset_original,"{'x_mean': {'shape': [96], 'dtype': 'float32', 'sha256': 'd5c16683bb0d95f4e18d5081949fafb6fab2a051d5996f687d510edb220d6493'}, 'x_std': {'shape': [96], 'dtype': 'float32', 'sha256': 'c574d154059ef1d5bc605df4be831980550eb800f9005a66549c5febebfd7964'}, 'y_mean': {'shape': [2], 'dtype': 'float32', 'sha256': 'd0c73f97cdd5532a8eadcb7ef12d7189554868647870970fb82d39a4a3c7e2f8'}, 'y_std': {'shape': [2], 'dtype': 'float32', 'sha256': '388bd844439ab2dc12b2b87c0e759c359421cdb1be385b83381920357d8f06d3'}}",/home/xinyuan/Work_host/SSM/results/cross_session_iteration_a/official_20261003/m2/offset_original/seed2/lr0p003,660.78271484375,8896,2,True,45a41f15110a8c950f2439cddfa0c207179cfa97d1035c7b1776d2b3dba1c601,m2
19b2a798d08f2e1ae3b689b3cb46adc4e7465c72178336bbf1f7afecb756c0a3,0.34075844287872314,1400,2000,True,2000,50.32158170687035,25858,82803f4a2000a06de316013a01fc81bf62f08ae033e531d150a62916049fadb2,0.0001,full,"{'x_mean': {'shape': [96], 'dtype': 'float32', 'sha256': 'd5c16683bb0d95f4e18d5081949fafb6fab2a051d5996f687d510edb220d6493'}, 'x_std': {'shape': [96], 'dtype': 'float32', 'sha256': 'c574d154059ef1d5bc605df4be831980550eb800f9005a66549c5febebfd7964'}, 'y_mean': {'shape': [2], 'dtype': 'float32', 'sha256': 'd0c73f97cdd5532a8eadcb7ef12d7189554868647870970fb82d39a4a3c7e2f8'}, 'y_std': {'shape': [2], 'dtype': 'float32', 'sha256': '388bd844439ab2dc12b2b87c0e759c359421cdb1be385b83381920357d8f06d3'}}",/home/xinyuan/Work_host/SSM/results/cross_session_iteration_a/official_20261003/m2/full/seed0/lr0p0001,648.74853515625,2755138,0,True,45a41f15110a8c950f2439cddfa0c207179cfa97d1035c7b1776d2b3dba1c601,m2
65f8264aa62a9fdc20d81cbc1d14610b490de28ec783346f8d8d4ccbfad0115e,0.3183300495147705,700,2000,True,2000,50.46920319320634,25858,92b656a6611264641b7bb6e5b33407c169acdb6776e1a997b1268eb930b14cc7,0.0003,full,"{'x_mean': {'shape': [96], 'dtype': 'float32', 'sha256': 'd5c16683bb0d95f4e18d5081949fafb6fab2a051d5996f687d510edb220d6493'}, 'x_std': {'shape': [96], 'dtype': 'float32', 'sha256': 'c574d154059ef1d5bc605df4be831980550eb800f9005a66549c5febebfd7964'}, 'y_mean': {'shape': [2], 'dtype': 'float32', 'sha256': 'd0c73f97cdd5532a8eadcb7ef12d7189554868647870970fb82d39a4a3c7e2f8'}, 'y_std': {'shape': [2], 'dtype': 'float32', 'sha256': '388bd844439ab2dc12b2b87c0e759c359421cdb1be385b83381920357d8f06d3'}}",/home/xinyuan/Work_host/SSM/results/cross_session_iteration_a/official_20261003/m2/full/seed0/lr0p0003,648.74853515625,2755138,0,True,45a41f15110a8c950f2439cddfa0c207179cfa97d1035c7b1776d2b3dba1c601,m2
542e8ceba8bd56223c6e5d87895ca3797eee4501d96a1d942b26c541df7436a5,0.3401685357093811,1200,2000,True,2000,50.461798198055476,25858,b0c3c1a4827220f404a79852d91b4d2972ab3ea6bdf9c536fe0e81ac272c1742,0.0001,full,"{'x_mean': {'shape': [96], 'dtype': 'float32', 'sha256': 'd5c16683bb0d95f4e18d5081949fafb6fab2a051d5996f687d510edb220d6493'}, 'x_std': {'shape': [96], 'dtype': 'float32', 'sha256': 'c574d154059ef1d5bc605df4be831980550eb800f9005a66549c5febebfd7964'}, 'y_mean': {'shape': [2], 'dtype': 'float32', 'sha256': 'd0c73f97cdd5532a8eadcb7ef12d7189554868647870970fb82d39a4a3c7e2f8'}, 'y_std': {'shape': [2], 'dtype': 'float32', 'sha256': '388bd844439ab2dc12b2b87c0e759c359421cdb1be385b83381920357d8f06d3'}}",/home/xinyuan/Work_host/SSM/results/cross_session_iteration_a/official_20261003/m2/full/seed1/lr0p0001,648.74853515625,2755138,1,True,45a41f15110a8c950f2439cddfa0c207179cfa97d1035c7b1776d2b3dba1c601,m2
8f910b7666fb1f56b2f9cc0f019eb7a6e79297a87da28d27df3c218472c45eea,0.3151884078979492,900,2000,True,2000,50.335066844243556,25858,0f9ddda5aa28159729e48fcbbc1fbbdfb5966b11148480c25b594db225324672,0.0003,full,"{'x_mean': {'shape': [96], 'dtype': 'float32', 'sha256': 'd5c16683bb0d95f4e18d5081949fafb6fab2a051d5996f687d510edb220d6493'}, 'x_std': {'shape': [96], 'dtype': 'float32', 'sha256': 'c574d154059ef1d5bc605df4be831980550eb800f9005a66549c5febebfd7964'}, 'y_mean': {'shape': [2], 'dtype': 'float32', 'sha256': 'd0c73f97cdd5532a8eadcb7ef12d7189554868647870970fb82d39a4a3c7e2f8'}, 'y_std': {'shape': [2], 'dtype': 'float32', 'sha256': '388bd844439ab2dc12b2b87c0e759c359421cdb1be385b83381920357d8f06d3'}}",/home/xinyuan/Work_host/SSM/results/cross_session_iteration_a/official_20261003/m2/full/seed1/lr0p0003,648.74853515625,2755138,1,True,45a41f15110a8c950f2439cddfa0c207179cfa97d1035c7b1776d2b3dba1c601,m2
35c5cd03b95ea3ebc175d086a79fd6fe485149e78b34f9abc1b1c3d4825ca2e7,0.34519243240356445,1300,2000,True,2000,50.186086002737284,25858,e838e4dc1fd50cbbd64bb545ff97de9039fd60d25c863edbdcce92166a72bab3,0.0001,full,"{'x_mean': {'shape': [96], 'dtype': 'float32', 'sha256': 'd5c16683bb0d95f4e18d5081949fafb6fab2a051d5996f687d510edb220d6493'}, 'x_std': {'shape': [96], 'dtype': 'float32', 'sha256': 'c574d154059ef1d5bc605df4be831980550eb800f9005a66549c5febebfd7964'}, 'y_mean': {'shape': [2], 'dtype': 'float32', 'sha256': 'd0c73f97cdd5532a8eadcb7ef12d7189554868647870970fb82d39a4a3c7e2f8'}, 'y_std': {'shape': [2], 'dtype': 'float32', 'sha256': '388bd844439ab2dc12b2b87c0e759c359421cdb1be385b83381920357d8f06d3'}}",/home/xinyuan/Work_host/SSM/results/cross_session_iteration_a/official_20261003/m2/full/seed2/lr0p0001,648.74853515625,2755138,2,True,45a41f15110a8c950f2439cddfa0c207179cfa97d1035c7b1776d2b3dba1c601,m2
125f6b88244084ad5f97bc9939512c341aaebd14489543eb9a4970bdd3c18ef5,0.3213101029396057,600,2000,True,2000,50.37309761485085,25858,0a96015275d39f7e935106a51d071c2f134c973fea18d14c145ed9e450331956,0.0003,full,"{'x_mean': {'shape': [96], 'dtype': 'float32', 'sha256': 'd5c16683bb0d95f4e18d5081949fafb6fab2a051d5996f687d510edb220d6493'}, 'x_std': {'shape': [96], 'dtype': 'float32', 'sha256': 'c574d154059ef1d5bc605df4be831980550eb800f9005a66549c5febebfd7964'}, 'y_mean': {'shape': [2], 'dtype': 'float32', 'sha256': 'd0c73f97cdd5532a8eadcb7ef12d7189554868647870970fb82d39a4a3c7e2f8'}, 'y_std': {'shape': [2], 'dtype': 'float32', 'sha256': '388bd844439ab2dc12b2b87c0e759c359421cdb1be385b83381920357d8f06d3'}}",/home/xinyuan/Work_host/SSM/results/cross_session_iteration_a/official_20261003/m2/full/seed2/lr0p0003,648.74853515625,2755138,2,True,45a41f15110a8c950f2439cddfa0c207179cfa97d1035c7b1776d2b3dba1c601,m2
