bin_fraction,calibration,group,method,n_bins,normalization,policy,prediction_truth_variance_ratio,profile,r2,root,seed,split,sse,sse_fraction,sst_fraction,sst_global_mean,task
0.25000494159040143,zero,Q1,none,12648,support,recording_causal_fixed_window,0.8783913980220894,session_iteration_b_m1_old,0.6988555023186862,/home/xinyuan/Work_host/SSM/results/cross_session_iteration_b/official_20261003/adapt/old/m1,0,query_quartile,7970.399229464077,0.22466003977787952,0.245835786123224,26491.366076784812,m1
0.25000494159040143,zero,Q2,none,12648,support,recording_causal_fixed_window,0.7995638872630323,session_iteration_b_m1_old,0.6378961711423194,/home/xinyuan/Work_host/SSM/results/cross_session_iteration_b/official_20261003/adapt/old/m1,0,query_quartile,9753.47374286812,0.27491920240896023,0.2501516857135609,26956.449203213568,m1
0.25000494159040143,zero,Q3,none,12648,support,recording_causal_fixed_window,0.7670947862091629,session_iteration_b_m1_old,0.6682891840555532,/home/xinyuan/Work_host/SSM/results/cross_session_iteration_b/official_20261003/adapt/old/m1,0,query_quartile,8964.07399867764,0.25266855061288884,0.2508980605037958,27036.878859572415,m1
0.24998517522879563,zero,Q4,none,12647,support,recording_causal_fixed_window,0.7975552840665797,session_iteration_b_m1_old,0.6771354858917147,/home/xinyuan/Work_host/SSM/results/cross_session_iteration_b/official_20261003/adapt/old/m1,0,query_quartile,8789.653929196453,0.24775220720027172,0.2531144676594194,27275.719812147963,m1
0.07511217410211303,zero,"[0,10)",none,3800,support,recording_causal_fixed_window,0.3806319478622439,session_iteration_b_m1_old,-0.22809707207808527,/home/xinyuan/Work_host/SSM/results/cross_session_iteration_b/official_20261003/adapt/old/m1,0,trial_position,657.8791492687513,0.01854350724332451,0.0236832442910817,2552.1162085266437,m1
0.11266826115316954,zero,"[10,25)",none,5700,support,recording_causal_fixed_window,0.3623978506117712,session_iteration_b_m1_old,-0.1762885113190582,/home/xinyuan/Work_host/SSM/results/cross_session_iteration_b/official_20261003/adapt/old/m1,0,trial_position,888.0241182168672,0.025030557187752343,0.036536049092856585,3937.1397744065434,m1
0.18778043525528257,zero,"[25,50)",none,9500,support,recording_causal_fixed_window,0.34377195520527,session_iteration_b_m1_old,0.004018938437139408,/home/xinyuan/Work_host/SSM/results/cross_session_iteration_b/official_20261003/adapt/old/m1,0,trial_position,1381.9404984268876,0.03895247884190649,0.06181024434827429,6660.697517426922,m1
0.5796090213674369,zero,"[50,128)",none,29323,support,recording_causal_fixed_window,0.8239807389865809,session_iteration_b_m1_old,0.6320442126503679,/home/xinyuan/Work_host/SSM/results/cross_session_iteration_b/official_20261003/adapt/old/m1,0,trial_position,30999.832796510567,0.8737860511963289,0.8420067422274752,90734.99509257087,m1
0.04483010812199798,zero,"[128,1000000000)",none,2268,support,recording_causal_fixed_window,0.5180188507093161,session_iteration_b_m1_old,0.5270917065887094,/home/xinyuan/Work_host/SSM/results/cross_session_iteration_b/official_20261003/adapt/old/m1,0,trial_position,1549.9243377832124,0.04368740553068797,0.03596372004031278,3875.465358787828,m1
0.25000494159040143,ridge,Q1,none,12648,support,recording_causal_fixed_window,0.7013227534966844,session_iteration_b_m1_old,0.7033545974566646,/home/xinyuan/Work_host/SSM/results/cross_session_iteration_b/official_20261003/adapt/old/m1,0,query_quartile,7851.321561775867,0.2146972875113134,0.245835786123224,26491.366076784812,m1
0.25000494159040143,ridge,Q2,none,12648,support,recording_causal_fixed_window,0.6448178327324294,session_iteration_b_m1_old,0.6253418879588103,/home/xinyuan/Work_host/SSM/results/cross_session_iteration_b/official_20261003/adapt/old/m1,0,query_quartile,10091.630541091356,0.2759593638715486,0.2501516857135609,26956.449203213568,m1
0.25000494159040143,ridge,Q3,none,12648,support,recording_causal_fixed_window,0.620457829071553,session_iteration_b_m1_old,0.6539194474917553,/home/xinyuan/Work_host/SSM/results/cross_session_iteration_b/official_20261003/adapt/old/m1,0,query_quartile,9352.398333332314,0.255744786160256,0.2508980605037958,27036.878859572415,m1
0.24998517522879563,ridge,Q4,none,12647,support,recording_causal_fixed_window,0.6563569927556401,session_iteration_b_m1_old,0.6593475372346684,/home/xinyuan/Work_host/SSM/results/cross_session_iteration_b/official_20261003/adapt/old/m1,0,query_quartile,9273.912514372874,0.25359856245688184,0.2531144676594194,27275.719812147963,m1
0.07511217410211303,ridge,"[0,10)",none,3800,support,recording_causal_fixed_window,0.3736916087911841,session_iteration_b_m1_old,-0.1755732061406765,/home/xinyuan/Work_host/SSM/results/cross_session_iteration_b/official_20261003/adapt/old/m1,0,trial_position,629.7426468498193,0.0172205452349693,0.0236832442910817,2552.1162085266437,m1
0.11266826115316954,ridge,"[10,25)",none,5700,support,recording_causal_fixed_window,0.3509584530981733,session_iteration_b_m1_old,-0.14522255846196885,/home/xinyuan/Work_host/SSM/results/cross_session_iteration_b/official_20261003/adapt/old/m1,0,trial_position,864.5712704443868,0.023642020666726445,0.036536049092856585,3937.1397744065434,m1
0.18778043525528257,ridge,"[25,50)",none,9500,support,recording_causal_fixed_window,0.34566198046296176,session_iteration_b_m1_old,-0.018419380727686452,/home/xinyuan/Work_host/SSM/results/cross_session_iteration_b/official_20261003/adapt/old/m1,0,trial_position,1413.0740442011854,0.0386410315709977,0.06181024434827429,6660.697517426922,m1
0.5796090213674369,ridge,"[50,128)",none,29323,support,recording_causal_fixed_window,0.6510596797318039,session_iteration_b_m1_old,0.6185770307094358,/home/xinyuan/Work_host/SSM/results/cross_session_iteration_b/official_20261003/adapt/old/m1,0,trial_position,32134.426687304272,0.8787277646458902,0.8420067422274752,90734.99509257087,m1
0.04483010812199798,ridge,"[128,1000000000)",none,2268,support,recording_causal_fixed_window,0.657378715774104,session_iteration_b_m1_old,0.5339495276921316,/home/xinyuan/Work_host/SSM/results/cross_session_iteration_b/official_20261003/adapt/old/m1,0,trial_position,1527.4483017727523,0.04176863788141629,0.03596372004031278,3875.465358787828,m1
0.25000494159040143,zero,Q1,io,12648,support,recording_causal_fixed_window,0.7654422933617541,session_iteration_b_m1_old,0.7032565367401311,/home/xinyuan/Work_host/SSM/results/cross_session_iteration_b/official_20261003/adapt/old/m1,0,query_quartile,7853.916937303284,0.20019414693135837,0.245835786123224,26491.366076784812,m1
0.25000494159040143,zero,Q2,io,12648,support,recording_causal_fixed_window,0.6759216617133859,session_iteration_b_m1_old,0.5896601887404701,/home/xinyuan/Work_host/SSM/results/cross_session_iteration_b/official_20261003/adapt/old/m1,0,query_quartile,11052.737518404714,0.2817311892163962,0.2501516857135609,26956.449203213568,m1
0.25000494159040143,zero,Q3,io,12648,support,recording_causal_fixed_window,0.6387541099520911,session_iteration_b_m1_old,0.6297132059591648,/home/xinyuan/Work_host/SSM/results/cross_session_iteration_b/official_20261003/adapt/old/m1,0,query_quartile,10006.542032898462,0.25506395878649607,0.2508980605037958,27036.878859572415,m1
0.24998517522879563,zero,Q4,io,12647,support,recording_causal_fixed_window,0.6649551232841385,session_iteration_b_m1_old,0.6209845690227922,/home/xinyuan/Work_host/SSM/results/cross_session_iteration_b/official_20261003/adapt/old/m1,0,query_quartile,10318.304819951756,0.2630107050657491,0.2531144676594194,27275.719812147963,m1
0.07511217410211303,zero,"[0,10)",io,3800,support,recording_causal_fixed_window,0.4485340793902693,session_iteration_b_m1_old,-0.3896436130655352,/home/xinyuan/Work_host/SSM/results/cross_session_iteration_b/official_20261003/adapt/old/m1,0,trial_position,744.4179932807299,0.018975006524115292,0.0236832442910817,2552.1162085266437,m1
0.11266826115316954,zero,"[10,25)",io,5700,support,recording_causal_fixed_window,0.42941163794712284,session_iteration_b_m1_old,-0.3554875687044461,/home/xinyuan/Work_host/SSM/results/cross_session_iteration_b/official_20261003/adapt/old/m1,0,trial_position,1023.3081776875367,0.02608383935244164,0.036536049092856585,3937.1397744065434,m1
0.18778043525528257,zero,"[25,50)",io,9500,support,recording_causal_fixed_window,0.44587128601656284,session_iteration_b_m1_old,-0.20700478103699793,/home/xinyuan/Work_host/SSM/results/cross_session_iteration_b/official_20261003/adapt/old/m1,0,trial_position,1674.7394635120081,0.04268864070074905,0.06181024434827429,6660.697517426922,m1
0.5796090213674369,zero,"[50,128)",io,29323,support,recording_causal_fixed_window,0.6992214041990443,session_iteration_b_m1_old,0.5951370177946342,/home/xinyuan/Work_host/SSM/results/cross_session_iteration_b/official_20261003/adapt/old/m1,0,trial_position,34109.219600172495,0.8694344713423363,0.8420067422274752,90734.99509257087,m1
0.04483010812199798,zero,"[128,1000000000)",io,2268,support,recording_causal_fixed_window,0.5606220879783566,session_iteration_b_m1_old,0.4874595272878449,/home/xinyuan/Work_host/SSM/results/cross_session_iteration_b/official_20261003/adapt/old/m1,0,trial_position,1679.8160739054517,0.04281804208035764,0.03596372004031278,3875.465358787828,m1
0.25000494159040143,ridge,Q1,io,12648,support,recording_causal_fixed_window,0.7451944830359953,session_iteration_b_m1_old,0.709655167280574,/home/xinyuan/Work_host/SSM/results/cross_session_iteration_b/official_20261003/adapt/old/m1,0,query_quartile,7684.564216858956,0.201671971020415,0.245835786123224,26491.366076784812,m1
0.25000494159040143,ridge,Q2,io,12648,support,recording_causal_fixed_window,0.6511338824304406,session_iteration_b_m1_old,0.6057379141184659,/home/xinyuan/Work_host/SSM/results/cross_session_iteration_b/official_20261003/adapt/old/m1,0,query_quartile,10619.674789369172,0.27870035124038584,0.2501516857135609,26956.449203213568,m1
0.25000494159040143,ridge,Q3,io,12648,support,recording_causal_fixed_window,0.621562042413348,session_iteration_b_m1_old,0.6369984786255121,/home/xinyuan/Work_host/SSM/results/cross_session_iteration_b/official_20261003/adapt/old/m1,0,query_quartile,9809.66656142569,0.25744267790170344,0.2508980605037958,27036.878859572415,m1
0.24998517522879563,ridge,Q4,io,12647,support,recording_causal_fixed_window,0.6430133960097038,session_iteration_b_m1_old,0.633030406454856,/home/xinyuan/Work_host/SSM/results/cross_session_iteration_b/official_20261003/adapt/old/m1,0,query_quartile,9990.369299977916,0.26218499983749566,0.2531144676594194,27275.719812147963,m1
0.07511217410211303,ridge,"[0,10)",io,3800,support,recording_causal_fixed_window,0.44834327690744186,session_iteration_b_m1_old,-0.23779898712783565,/home/xinyuan/Work_host/SSM/results/cross_session_iteration_b/official_20261003/adapt/old/m1,0,trial_position,663.0763667887045,0.01740162669653543,0.0236832442910817,2552.1162085266437,m1
0.11266826115316954,ridge,"[10,25)",io,5700,support,recording_causal_fixed_window,0.42972431467476935,session_iteration_b_m1_old,-0.19425933750374802,/home/xinyuan/Work_host/SSM/results/cross_session_iteration_b/official_20261003/adapt/old/m1,0,trial_position,901.5909659100342,0.023661150068910106,0.036536049092856585,3937.1397744065434,m1
0.18778043525528257,ridge,"[25,50)",io,9500,support,recording_causal_fixed_window,0.4488112549439506,session_iteration_b_m1_old,-0.0691036720630871,/home/xinyuan/Work_host/SSM/results/cross_session_iteration_b/official_20261003/adapt/old/m1,0,trial_position,1483.39935211472,0.03892999820276901,0.06181024434827429,6660.697517426922,m1
0.5796090213674369,ridge,"[50,128)",io,29323,support,recording_causal_fixed_window,0.6711756766422832,session_iteration_b_m1_old,0.603251231848094,/home/xinyuan/Work_host/SSM/results/cross_session_iteration_b/official_20261003/adapt/old/m1,0,trial_position,33425.60681956051,0.8772140904314757,0.8420067422274752,90734.99509257087,m1
0.04483010812199798,ridge,"[128,1000000000)",io,2268,support,recording_causal_fixed_window,0.5693837499642436,session_iteration_b_m1_old,0.5024757730849887,/home/xinyuan/Work_host/SSM/results/cross_session_iteration_b/official_20261003/adapt/old/m1,0,trial_position,1630.6013632577651,0.04279313460030976,0.03596372004031278,3875.465358787828,m1
0.25000494159040143,zero,Q1,io,12648,support,recording_causal_fixed_window,0.7579442041726848,session_iteration_b_m1_old,0.713203883771391,/home/xinyuan/Work_host/SSM/results/cross_session_iteration_b/official_20261003/adapt/old/m1,1,query_quartile,7590.640245470557,0.20276548422207727,0.245835786123224,26491.366076784812,m1
0.25000494159040143,zero,Q2,io,12648,support,recording_causal_fixed_window,0.6771674960855568,session_iteration_b_m1_old,0.608546834833479,/home/xinyuan/Work_host/SSM/results/cross_session_iteration_b/official_20261003/adapt/old/m1,1,query_quartile,10544.014903291447,0.28165770190287204,0.2501516857135609,26956.449203213568,m1
0.25000494159040143,zero,Q3,io,12648,support,recording_causal_fixed_window,0.6378776288295328,session_iteration_b_m1_old,0.6460837901570581,/home/xinyuan/Work_host/SSM/results/cross_session_iteration_b/official_20261003/adapt/old/m1,1,query_quartile,9564.147268851713,0.2554829223130646,0.2508980605037958,27036.878859572415,m1
0.24998517522879563,zero,Q4,io,12647,support,recording_causal_fixed_window,0.6698838575962288,session_iteration_b_m1_old,0.6423460130572904,/home/xinyuan/Work_host/SSM/results/cross_session_iteration_b/official_20261003/adapt/old/m1,1,query_quartile,9736.761502905258,0.260093891561986,0.2531144676594194,27275.719812147963,m1
0.07511217410211303,zero,"[0,10)",io,3800,support,recording_causal_fixed_window,0.4026548005028216,session_iteration_b_m1_old,-0.32191346243119967,/home/xinyuan/Work_host/SSM/results/cross_session_iteration_b/official_20261003/adapt/old/m1,1,trial_position,708.1356383331986,0.01891612050606934,0.0236832442910817,2552.1162085266437,m1
0.11266826115316954,zero,"[10,25)",io,5700,support,recording_causal_fixed_window,0.38355376804927066,session_iteration_b_m1_old,-0.29157220931257766,/home/xinyuan/Work_host/SSM/results/cross_session_iteration_b/official_20261003/adapt/old/m1,1,trial_position,975.0560863695397,0.02604625079081812,0.036536049092856585,3937.1397744065434,m1
0.18778043525528257,zero,"[25,50)",io,9500,support,recording_causal_fixed_window,0.3849472128787588,session_iteration_b_m1_old,-0.12656172706448143,/home/xinyuan/Work_host/SSM/results/cross_session_iteration_b/official_20261003/adapt/old/m1,1,trial_position,1563.1233712066783,0.041755037389724144,0.06181024434827429,6660.697517426922,m1
0.5796090213674369,zero,"[50,128)",io,29323,support,recording_causal_fixed_window,0.6984240638086155,session_iteration_b_m1_old,0.6130782350004418,/home/xinyuan/Work_host/SSM/results/cross_session_iteration_b/official_20261003/adapt/old/m1,1,trial_position,32597.693616162265,0.8707680665735876,0.8420067422274752,90734.99509257087,m1
0.04483010812199798,zero,"[128,1000000000)",io,2268,support,recording_causal_fixed_window,0.5593002565557709,session_iteration_b_m1_old,0.5143894194389139,/home/xinyuan/Work_host/SSM/results/cross_session_iteration_b/official_20261003/adapt/old/m1,1,trial_position,1591.5552084472984,0.0425145247398008,0.03596372004031278,3875.465358787828,m1
0.25000494159040143,ridge,Q1,io,12648,support,recording_causal_fixed_window,0.7285880486826947,session_iteration_b_m1_old,0.7118866584008474,/home/xinyuan/Work_host/SSM/results/cross_session_iteration_b/official_20261003/adapt/old/m1,1,query_quartile,7625.503283511254,0.20397600961059922,0.245835786123224,26491.366076784812,m1
0.25000494159040143,ridge,Q2,io,12648,support,recording_causal_fixed_window,0.6431407411955271,session_iteration_b_m1_old,0.6126210009629945,/home/xinyuan/Work_host/SSM/results/cross_session_iteration_b/official_20261003/adapt/old/m1,1,query_quartile,10434.274908291478,0.27910836568327807,0.2501516857135609,26956.449203213568,m1
0.25000494159040143,ridge,Q3,io,12648,support,recording_causal_fixed_window,0.6113318452522455,session_iteration_b_m1_old,0.6419950676331533,/home/xinyuan/Work_host/SSM/results/cross_session_iteration_b/official_20261003/adapt/old/m1,1,query_quartile,9674.639931443942,0.258788748003348,0.2508980605037958,27036.878859572415,m1
0.24998517522879563,ridge,Q4,io,12647,support,recording_causal_fixed_window,0.6407642230691162,session_iteration_b_m1_old,0.6455367738268092,/home/xinyuan/Work_host/SSM/results/cross_session_iteration_b/official_20261003/adapt/old/m1,1,query_quartile,9649.896326617969,0.2581268767027747,0.2531144676594194,27275.719812147963,m1
0.07511217410211303,ridge,"[0,10)",io,3800,support,recording_causal_fixed_window,0.40502129903143413,session_iteration_b_m1_old,-0.20324729141766107,/home/xinyuan/Work_host/SSM/results/cross_session_iteration_b/official_20261003/adapt/old/m1,1,trial_position,644.5673737323665,0.017241652902229433,0.0236832442910817,2552.1162085266437,m1
0.11266826115316954,ridge,"[10,25)",io,5700,support,recording_causal_fixed_window,0.38675515648940334,session_iteration_b_m1_old,-0.17214325156957422,/home/xinyuan/Work_host/SSM/results/cross_session_iteration_b/official_20261003/adapt/old/m1,1,trial_position,884.8947068535891,0.023670213560831876,0.036536049092856585,3937.1397744065434,m1
0.18778043525528257,ridge,"[25,50)",io,9500,support,recording_causal_fixed_window,0.39491573120594214,session_iteration_b_m1_old,-0.04436025044116776,/home/xinyuan/Work_host/SSM/results/cross_session_iteration_b/official_20261003/adapt/old/m1,1,trial_position,1449.0674378559029,0.03876137516977122,0.06181024434827429,6660.697517426922,m1
0.5796090213674369,ridge,"[50,128)",io,29323,support,recording_causal_fixed_window,0.6615172928181507,session_iteration_b_m1_old,0.6107212286465649,/home/xinyuan/Work_host/SSM/results/cross_session_iteration_b/official_20261003/adapt/old/m1,1,trial_position,32796.26856832376,0.8772735049697428,0.8420067422274752,90734.99509257087,m1
0.04483010812199798,ridge,"[128,1000000000)",io,2268,support,recording_causal_fixed_window,0.5618532941080683,session_iteration_b_m1_old,0.5089091654761968,/home/xinyuan/Work_host/SSM/results/cross_session_iteration_b/official_20261003/adapt/old/m1,1,trial_position,1609.5163630990328,0.04305325339742482,0.03596372004031278,3875.465358787828,m1
0.25000494159040143,zero,Q1,io,12648,support,recording_causal_fixed_window,0.7762815233628224,session_iteration_b_m1_old,0.703153840483925,/home/xinyuan/Work_host/SSM/results/cross_session_iteration_b/official_20261003/adapt/old/m1,2,query_quartile,7856.63500177943,0.20200088140681638,0.245835786123224,26491.366076784812,m1
0.25000494159040143,zero,Q2,io,12648,support,recording_causal_fixed_window,0.6779298942961712,session_iteration_b_m1_old,0.5936127821398305,/home/xinyuan/Work_host/SSM/results/cross_session_iteration_b/official_20261003/adapt/old/m1,2,query_quartile,10946.272154427445,0.2814381249494771,0.2501516857135609,26956.449203213568,m1
0.25000494159040143,zero,Q3,io,12648,support,recording_causal_fixed_window,0.6383551373680842,session_iteration_b_m1_old,0.6328262064659439,/home/xinyuan/Work_host/SSM/results/cross_session_iteration_b/official_20261003/adapt/old/m1,2,query_quartile,9922.417049450945,0.25511392462818444,0.2508980605037958,27036.878859572415,m1
0.24998517522879563,zero,Q4,io,12647,support,recording_causal_fixed_window,0.6657315589146844,session_iteration_b_m1_old,0.6264784794435558,/home/xinyuan/Work_host/SSM/results/cross_session_iteration_b/official_20261003/adapt/old/m1,2,query_quartile,10168.738766061044,0.26144706901552206,0.2531144676594194,27275.719812147963,m1
0.07511217410211303,zero,"[0,10)",io,3800,support,recording_causal_fixed_window,0.48470462190470426,session_iteration_b_m1_old,-0.2506880562037812,/home/xinyuan/Work_host/SSM/results/cross_session_iteration_b/official_20261003/adapt/old/m1,2,trial_position,669.9809104044637,0.017225788699206573,0.0236832442910817,2552.1162085266437,m1
0.11266826115316954,zero,"[10,25)",io,5700,support,recording_causal_fixed_window,0.46348787643680145,session_iteration_b_m1_old,-0.20209053625565487,/home/xinyuan/Work_host/SSM/results/cross_session_iteration_b/official_20261003/adapt/old/m1,2,trial_position,907.5030302542185,0.023332687842720197,0.036536049092856585,3937.1397744065434,m1
0.18778043525528257,zero,"[25,50)",io,9500,support,recording_causal_fixed_window,0.48445824133822246,session_iteration_b_m1_old,-0.08296546912371094,/home/xinyuan/Work_host/SSM/results/cross_session_iteration_b/official_20261003/adapt/old/m1,2,trial_position,1502.6328290133588,0.03863398971986989,0.06181024434827429,6660.697517426922,m1
0.5796090213674369,zero,"[50,128)",io,29323,support,recording_causal_fixed_window,0.6995677764924414,session_iteration_b_m1_old,0.5938321713281155,/home/xinyuan/Work_host/SSM/results/cross_session_iteration_b/official_20261003/adapt/old/m1,2,trial_position,34219.15134653408,0.879803978602491,0.8420067422274752,90734.99509257087,m1
0.04483010812199798,zero,"[128,1000000000)",io,2268,support,recording_causal_fixed_window,0.5894144068393772,session_iteration_b_m1_old,0.5134009479841317,/home/xinyuan/Work_host/SSM/results/cross_session_iteration_b/official_20261003/adapt/old/m1,2,trial_position,1594.7948555127357,0.041003555135712175,0.03596372004031278,3875.465358787828,m1
0.25000494159040143,ridge,Q1,io,12648,support,recording_causal_fixed_window,0.7488299428313084,session_iteration_b_m1_old,0.7057834427478733,/home/xinyuan/Work_host/SSM/results/cross_session_iteration_b/official_20261003/adapt/old/m1,2,query_quartile,7787.037250468198,0.20162258231272567,0.245835786123224,26491.366076784812,m1
0.25000494159040143,ridge,Q2,io,12648,support,recording_causal_fixed_window,0.6481570890859781,session_iteration_b_m1_old,0.6003519797648172,/home/xinyuan/Work_host/SSM/results/cross_session_iteration_b/official_20261003/adapt/old/m1,2,query_quartile,10764.748011778454,0.27872170406659535,0.2501516857135609,26956.449203213568,m1
0.25000494159040143,ridge,Q3,io,12648,support,recording_causal_fixed_window,0.6150456899584404,session_iteration_b_m1_old,0.6314388266172429,/home/xinyuan/Work_host/SSM/results/cross_session_iteration_b/official_20261003/adapt/old/m1,2,query_quartile,9959.90927168259,0.2578827559655455,0.2508980605037958,27036.878859572415,m1
0.24998517522879563,ridge,Q4,io,12647,support,recording_causal_fixed_window,0.6378141743015012,session_iteration_b_m1_old,0.6286303590330857,/home/xinyuan/Work_host/SSM/results/cross_session_iteration_b/official_20261003/adapt/old/m1,2,query_quartile,10110.156060118557,0.26177295765513314,0.2531144676594194,27275.719812147963,m1
0.07511217410211303,ridge,"[0,10)",io,3800,support,recording_causal_fixed_window,0.4569030759108386,session_iteration_b_m1_old,-0.20872955372222313,/home/xinyuan/Work_host/SSM/results/cross_session_iteration_b/official_20261003/adapt/old/m1,2,trial_position,647.5041660617305,0.016765228908050312,0.0236832442910817,2552.1162085266437,m1
0.11266826115316954,ridge,"[10,25)",io,5700,support,recording_causal_fixed_window,0.4383121912178842,session_iteration_b_m1_old,-0.1638290955806918,/home/xinyuan/Work_host/SSM/results/cross_session_iteration_b/official_20261003/adapt/old/m1,2,trial_position,878.6180400582418,0.022749247551427522,0.036536049092856585,3937.1397744065434,m1
0.18778043525528257,ridge,"[25,50)",io,9500,support,recording_causal_fixed_window,0.45945209833401607,session_iteration_b_m1_old,-0.05623465598213229,/home/xinyuan/Work_host/SSM/results/cross_session_iteration_b/official_20261003/adapt/old/m1,2,trial_position,1465.543375546981,0.03794596460307478,0.06181024434827429,6660.697517426922,m1
0.5796090213674369,ridge,"[50,128)",io,29323,support,recording_causal_fixed_window,0.6691685139985148,session_iteration_b_m1_old,0.5960835863358349,/home/xinyuan/Work_host/SSM/results/cross_session_iteration_b/official_20261003/adapt/old/m1,2,trial_position,34029.472338364176,0.8810937802034947,0.8420067422274752,90734.99509257087,m1
0.04483010812199798,ridge,"[128,1000000000)",io,2268,support,recording_causal_fixed_window,0.5829162502337271,session_iteration_b_m1_old,0.5115953208440235,/home/xinyuan/Work_host/SSM/results/cross_session_iteration_b/official_20261003/adapt/old/m1,2,trial_position,1600.712674016675,0.041445778733952436,0.03596372004031278,3875.465358787828,m1
0.25000494159040143,zero,Q1,lora,12648,support,recording_causal_fixed_window,0.7677974045289206,session_iteration_b_m1_old,0.6981747375708345,/home/xinyuan/Work_host/SSM/results/cross_session_iteration_b/official_20261003/adapt/old/m1,0,query_quartile,7988.417047699181,0.2011526014670563,0.245835786123224,26491.366076784812,m1
0.25000494159040143,zero,Q2,lora,12648,support,recording_causal_fixed_window,0.675801607991296,session_iteration_b_m1_old,0.5799686839280747,/home/xinyuan/Work_host/SSM/results/cross_session_iteration_b/official_20261003/adapt/old/m1,0,query_quartile,11313.783743778187,0.2848871082853827,0.2501516857135609,26956.449203213568,m1
0.25000494159040143,zero,Q3,lora,12648,support,recording_causal_fixed_window,0.6417361798824047,session_iteration_b_m1_old,0.6208949294996102,/home/xinyuan/Work_host/SSM/results/cross_session_iteration_b/official_20261003/adapt/old/m1,0,query_quartile,10244.845033357398,0.25797066149422376,0.2508980605037958,27036.878859572415,m1
0.24998517522879563,zero,Q4,lora,12647,support,recording_causal_fixed_window,0.6750213327673734,session_iteration_b_m1_old,0.6265727683050628,/home/xinyuan/Work_host/SSM/results/cross_session_iteration_b/official_20261003/adapt/old/m1,0,query_quartile,10166.171848899789,0.25598962875333753,0.2531144676594194,27275.719812147963,m1
0.07511217410211303,zero,"[0,10)",lora,3800,support,recording_causal_fixed_window,0.37548326422278616,session_iteration_b_m1_old,-0.31554168945544947,/home/xinyuan/Work_host/SSM/results/cross_session_iteration_b/official_20261003/adapt/old/m1,0,trial_position,704.7223441564386,0.01774528445280138,0.0236832442910817,2552.1162085266437,m1
0.11266826115316954,zero,"[10,25)",lora,5700,support,recording_causal_fixed_window,0.3654426086182603,session_iteration_b_m1_old,-0.30531921990101574,/home/xinyuan/Work_host/SSM/results/cross_session_iteration_b/official_20261003/adapt/old/m1,0,trial_position,985.4342179575344,0.024813759138164197,0.036536049092856585,3937.1397744065434,m1
0.18778043525528257,zero,"[25,50)",lora,9500,support,recording_causal_fixed_window,0.36653518239330607,session_iteration_b_m1_old,-0.16303995909907543,/home/xinyuan/Work_host/SSM/results/cross_session_iteration_b/official_20261003/adapt/old/m1,0,trial_position,1613.7375325648427,0.040634771672810925,0.06181024434827429,6660.697517426922,m1
0.5796090213674369,zero,"[50,128)",lora,29323,support,recording_causal_fixed_window,0.7093238320487154,session_iteration_b_m1_old,0.5874364996502794,/home/xinyuan/Work_host/SSM/results/cross_session_iteration_b/official_20261003/adapt/old/m1,0,trial_position,34757.9789977103,0.8752244475193575,0.8420067422274752,90734.99509257087,m1
0.04483010812199798,zero,"[128,1000000000)",lora,2268,support,recording_causal_fixed_window,0.6106043436392328,session_iteration_b_m1_old,0.4961466642204039,/home/xinyuan/Work_host/SSM/results/cross_session_iteration_b/official_20261003/adapt/old/m1,0,trial_position,1651.3445813454377,0.04158173721686624,0.03596372004031278,3875.465358787828,m1
0.25000494159040143,ridge,Q1,lora,12648,support,recording_causal_fixed_window,0.7378229295318505,session_iteration_b_m1_old,0.7042497974145834,/home/xinyuan/Work_host/SSM/results/cross_session_iteration_b/official_20261003/adapt/old/m1,0,query_quartile,7827.628281275142,0.2027302162659764,0.245835786123224,26491.366076784812,m1
0.25000494159040143,ridge,Q2,lora,12648,support,recording_causal_fixed_window,0.642793901376004,session_iteration_b_m1_old,0.5959494400568475,/home/xinyuan/Work_host/SSM/results/cross_session_iteration_b/official_20261003/adapt/old/m1,0,query_quartile,10883.332936933983,0.28187087591745286,0.2501516857135609,26956.449203213568,m1
0.25000494159040143,ridge,Q3,lora,12648,support,recording_causal_fixed_window,0.6147283954492501,session_iteration_b_m1_old,0.6285636687875749,/home/xinyuan/Work_host/SSM/results/cross_session_iteration_b/official_20261003/adapt/old/m1,0,query_quartile,10037.60685133383,0.2599671490062452,0.2508980605037958,27036.878859572415,m1
0.24998517522879563,ridge,Q4,lora,12647,support,recording_causal_fixed_window,0.6434178149505801,session_iteration_b_m1_old,0.6377276884653422,/home/xinyuan/Work_host/SSM/results/cross_session_iteration_b/official_20261003/adapt/old/m1,0,query_quartile,9862.490634234653,0.25543175881032587,0.2531144676594194,27275.719812147963,m1
0.07511217410211303,ridge,"[0,10)",lora,3800,support,recording_causal_fixed_window,0.3696480102904578,session_iteration_b_m1_old,-0.17369526502564603,/home/xinyuan/Work_host/SSM/results/cross_session_iteration_b/official_20261003/adapt/old/m1,0,trial_position,628.7366528358099,0.016283849082187846,0.0236832442910817,2552.1162085266437,m1
0.11266826115316954,ridge,"[10,25)",lora,5700,support,recording_causal_fixed_window,0.35941254979268344,session_iteration_b_m1_old,-0.15155156206047393,/home/xinyuan/Work_host/SSM/results/cross_session_iteration_b/official_20261003/adapt/old/m1,0,trial_position,869.3492715773328,0.022515551263355495,0.036536049092856585,3937.1397744065434,m1
0.18778043525528257,ridge,"[25,50)",lora,9500,support,recording_causal_fixed_window,0.3688491751271601,session_iteration_b_m1_old,-0.03680980204339379,/home/xinyuan/Work_host/SSM/results/cross_session_iteration_b/official_20261003/adapt/old/m1,0,trial_position,1438.5910635302776,0.03725852415928522,0.06181024434827429,6660.697517426922,m1
0.5796090213674369,ridge,"[50,128)",lora,29323,support,recording_causal_fixed_window,0.6714350952484663,session_iteration_b_m1_old,0.5957679487419538,/home/xinyuan/Work_host/SSM/results/cross_session_iteration_b/official_20261003/adapt/old/m1,0,trial_position,34056.064426248115,0.8820287650624862,0.8420067422274752,90734.99509257087,m1
0.04483010812199798,ridge,"[128,1000000000)",lora,2268,support,recording_causal_fixed_window,0.6071074405753155,session_iteration_b_m1_old,0.5062238530232188,/home/xinyuan/Work_host/SSM/results/cross_session_iteration_b/official_20261003/adapt/old/m1,0,trial_position,1618.31728958607,0.041913310432685404,0.03596372004031278,3875.465358787828,m1
0.25000494159040143,zero,Q1,lora,12648,support,recording_causal_fixed_window,0.7675440305935233,session_iteration_b_m1_old,0.7033891212069112,/home/xinyuan/Work_host/SSM/results/cross_session_iteration_b/official_20261003/adapt/old/m1,1,query_quartile,7850.4078207828115,0.20249123193312996,0.245835786123224,26491.366076784812,m1
0.25000494159040143,zero,Q2,lora,12648,support,recording_causal_fixed_window,0.6754110760720425,session_iteration_b_m1_old,0.589414319698274,/home/xinyuan/Work_host/SSM/results/cross_session_iteration_b/official_20261003/adapt/old/m1,1,query_quartile,11059.360141686024,0.2852620539729936,0.2501516857135609,26956.449203213568,m1
0.25000494159040143,zero,Q3,lora,12648,support,recording_causal_fixed_window,0.6389859707772919,session_iteration_b_m1_old,0.6327622939709423,/home/xinyuan/Work_host/SSM/results/cross_session_iteration_b/official_20261003/adapt/old/m1,1,query_quartile,9924.144205476903,0.2559806104249838,0.2508980605037958,27036.878859572415,m1
0.24998517522879563,zero,Q4,lora,12647,support,recording_causal_fixed_window,0.6736776175919085,session_iteration_b_m1_old,0.6350564434658701,/home/xinyuan/Work_host/SSM/results/cross_session_iteration_b/official_20261003/adapt/old/m1,1,query_quartile,9935.212528650038,0.25626610366889263,0.2531144676594194,27275.719812147963,m1
0.07511217410211303,zero,"[0,10)",lora,3800,support,recording_causal_fixed_window,0.39912325437669377,session_iteration_b_m1_old,-0.3045059292707595,/home/xinyuan/Work_host/SSM/results/cross_session_iteration_b/official_20261003/adapt/old/m1,1,trial_position,698.8105993221701,0.01802492588602422,0.0236832442910817,2552.1162085266437,m1
0.11266826115316954,zero,"[10,25)",lora,5700,support,recording_causal_fixed_window,0.3804391548750845,session_iteration_b_m1_old,-0.2937054155126051,/home/xinyuan/Work_host/SSM/results/cross_session_iteration_b/official_20261003/adapt/old/m1,1,trial_position,976.6665233809747,0.025191864170890952,0.036536049092856585,3937.1397744065434,m1
0.18778043525528257,zero,"[25,50)",lora,9500,support,recording_causal_fixed_window,0.38748983807150433,session_iteration_b_m1_old,-0.15025227194063273,/home/xinyuan/Work_host/SSM/results/cross_session_iteration_b/official_20261003/adapt/old/m1,1,trial_position,1595.9944012469284,0.04116663488631893,0.06181024434827429,6660.697517426922,m1
0.5796090213674369,zero,"[50,128)",lora,29323,support,recording_causal_fixed_window,0.7067200764940592,session_iteration_b_m1_old,0.5978408188433875,/home/xinyuan/Work_host/SSM/results/cross_session_iteration_b/official_20261003/adapt/old/m1,1,trial_position,33881.427611819454,0.8739281032773614,0.8420067422274752,90734.99509257087,m1
0.04483010812199798,zero,"[128,1000000000)",lora,2268,support,recording_causal_fixed_window,0.6239990429605264,session_iteration_b_m1_old,0.5068620750666869,/home/xinyuan/Work_host/SSM/results/cross_session_iteration_b/official_20261003/adapt/old/m1,1,trial_position,1616.2255608262603,0.041688471779404844,0.03596372004031278,3875.465358787828,m1
0.25000494159040143,ridge,Q1,lora,12648,support,recording_causal_fixed_window,0.7359120415052317,session_iteration_b_m1_old,0.7064873996401114,/home/xinyuan/Work_host/SSM/results/cross_session_iteration_b/official_20261003/adapt/old/m1,1,query_quartile,7768.405605146195,0.2033571929916649,0.245835786123224,26491.366076784812,m1
0.25000494159040143,ridge,Q2,lora,12648,support,recording_causal_fixed_window,0.6411597111610964,session_iteration_b_m1_old,0.5988837566922127,/home/xinyuan/Work_host/SSM/results/cross_session_iteration_b/official_20261003/adapt/old/m1,1,query_quartile,10804.295440018852,0.2828291035009018,0.2501516857135609,26956.449203213568,m1
0.25000494159040143,ridge,Q3,lora,12648,support,recording_causal_fixed_window,0.6089014061994017,session_iteration_b_m1_old,0.6351823583938163,/home/xinyuan/Work_host/SSM/results/cross_session_iteration_b/official_20261003/adapt/old/m1,1,query_quartile,9858.744961540755,0.2580769856393097,0.2508980605037958,27036.878859572415,m1
0.24998517522879563,ridge,Q4,lora,12647,support,recording_causal_fixed_window,0.6386687053080702,session_iteration_b_m1_old,0.641149149463279,/home/xinyuan/Work_host/SSM/results/cross_session_iteration_b/official_20261003/adapt/old/m1,1,query_quartile,9769.34488179058,0.25573671786812335,0.2531144676594194,27275.719812147963,m1
0.07511217410211303,ridge,"[0,10)",lora,3800,support,recording_causal_fixed_window,0.3853926599958236,session_iteration_b_m1_old,-0.17331471242754892,/home/xinyuan/Work_host/SSM/results/cross_session_iteration_b/official_20261003/adapt/old/m1,1,trial_position,628.5327946676077,0.016453397431017095,0.0236832442910817,2552.1162085266437,m1
0.11266826115316954,ridge,"[10,25)",lora,5700,support,recording_causal_fixed_window,0.36884151965484724,session_iteration_b_m1_old,-0.15048439532048064,/home/xinyuan/Work_host/SSM/results/cross_session_iteration_b/official_20261003/adapt/old/m1,1,trial_position,868.5436275587491,0.02273627344768661,0.036536049092856585,3937.1397744065434,m1
0.18778043525528257,ridge,"[25,50)",lora,9500,support,recording_causal_fixed_window,0.3847000610559892,session_iteration_b_m1_old,-0.03427727374453027,/home/xinyuan/Work_host/SSM/results/cross_session_iteration_b/official_20261003/adapt/old/m1,1,trial_position,1435.0771378597233,0.03756668656543118,0.06181024434827429,6660.697517426922,m1
0.5796090213674369,ridge,"[50,128)",lora,29323,support,recording_causal_fixed_window,0.6687399535378169,session_iteration_b_m1_old,0.600574100175272,/home/xinyuan/Work_host/SSM/results/cross_session_iteration_b/official_20261003/adapt/old/m1,1,trial_position,33651.151945048296,0.8809019698904152,0.8420067422274752,90734.99509257087,m1
0.04483010812199798,ridge,"[128,1000000000)",lora,2268,support,recording_causal_fixed_window,0.6052618027976374,session_iteration_b_m1_old,0.5064776817702812,/home/xinyuan/Work_host/SSM/results/cross_session_iteration_b/official_20261003/adapt/old/m1,1,trial_position,1617.4853833620045,0.04234167266544962,0.03596372004031278,3875.465358787828,m1
0.25000494159040143,zero,Q1,lora,12648,support,recording_causal_fixed_window,0.767071135338413,session_iteration_b_m1_old,0.704264779094603,/home/xinyuan/Work_host/SSM/results/cross_session_iteration_b/official_20261003/adapt/old/m1,2,query_quartile,7827.231760761555,0.20011184375656027,0.245835786123224,26491.366076784812,m1
0.25000494159040143,zero,Q2,lora,12648,support,recording_causal_fixed_window,0.6711287641316873,session_iteration_b_m1_old,0.5874202444181142,/home/xinyuan/Work_host/SSM/results/cross_session_iteration_b/official_20261003/adapt/old/m1,2,query_quartile,11113.071699908693,0.28411797882565937,0.2501516857135609,26956.449203213568,m1
0.25000494159040143,zero,Q3,lora,12648,support,recording_causal_fixed_window,0.6359863199958504,session_iteration_b_m1_old,0.6278421160841885,/home/xinyuan/Work_host/SSM/results/cross_session_iteration_b/official_20261003/adapt/old/m1,2,query_quartile,10057.105919546866,0.2571210448251411,0.2508980605037958,27036.878859572415,m1
0.24998517522879563,zero,Q4,lora,12647,support,recording_causal_fixed_window,0.6619966407792754,session_iteration_b_m1_old,0.6283835206638461,/home/xinyuan/Work_host/SSM/results/cross_session_iteration_b/official_20261003/adapt/old/m1,2,query_quartile,10116.87598054108,0.25864913259263944,0.2531144676594194,27275.719812147963,m1
0.07511217410211303,zero,"[0,10)",lora,3800,support,recording_causal_fixed_window,0.4011038084464998,session_iteration_b_m1_old,-0.3423140916446288,/home/xinyuan/Work_host/SSM/results/cross_session_iteration_b/official_20261003/adapt/old/m1,2,trial_position,719.0640485514298,0.018383668317581953,0.0236832442910817,2552.1162085266437,m1
0.11266826115316954,zero,"[10,25)",lora,5700,support,recording_causal_fixed_window,0.3854256600174638,session_iteration_b_m1_old,-0.33664639035451627,/home/xinyuan/Work_host/SSM/results/cross_session_iteration_b/official_20261003/adapt/old/m1,2,trial_position,1009.0842686470575,0.025798356261403966,0.036536049092856585,3937.1397744065434,m1
0.18778043525528257,zero,"[25,50)",lora,9500,support,recording_causal_fixed_window,0.37460990141424566,session_iteration_b_m1_old,-0.17788750170801992,/home/xinyuan/Work_host/SSM/results/cross_session_iteration_b/official_20261003/adapt/old/m1,2,trial_position,1634.3387480148858,0.04178367910703421,0.06181024434827429,6660.697517426922,m1
0.5796090213674369,zero,"[50,128)",lora,29323,support,recording_causal_fixed_window,0.7007262755686915,session_iteration_b_m1_old,0.594309598360576,/home/xinyuan/Work_host/SSM/results/cross_session_iteration_b/official_20261003/adapt/old/m1,2,trial_position,34178.928692922855,0.8738221439477767,0.8420067422274752,90734.99509257087,m1
0.04483010812199798,zero,"[128,1000000000)",lora,2268,support,recording_causal_fixed_window,0.6431818524327748,session_iteration_b_m1_old,0.520090715784032,/home/xinyuan/Work_host/SSM/results/cross_session_iteration_b/official_20261003/adapt/old/m1,2,trial_position,1572.8696026219682,0.04021215236620342,0.03596372004031278,3875.465358787828,m1
0.25000494159040143,ridge,Q1,lora,12648,support,recording_causal_fixed_window,0.7308010337342767,session_iteration_b_m1_old,0.7075392859940343,/home/xinyuan/Work_host/SSM/results/cross_session_iteration_b/official_20261003/adapt/old/m1,2,query_quartile,7740.565301739214,0.2015345628954773,0.245835786123224,26491.366076784812,m1
0.25000494159040143,ridge,Q2,lora,12648,support,recording_causal_fixed_window,0.6344781062911018,session_iteration_b_m1_old,0.5991211439301318,/home/xinyuan/Work_host/SSM/results/cross_session_iteration_b/official_20261003/adapt/old/m1,2,query_quartile,10797.901278987083,0.2811358382262109,0.2501516857135609,26956.449203213568,m1
0.25000494159040143,ridge,Q3,lora,12648,support,recording_causal_fixed_window,0.6052513961950929,session_iteration_b_m1_old,0.631369095915172,/home/xinyuan/Work_host/SSM/results/cross_session_iteration_b/official_20261003/adapt/old/m1,2,query_quartile,9961.79365754913,0.2593668100672192,0.2508980605037958,27036.878859572415,m1
0.24998517522879563,ridge,Q4,lora,12647,support,recording_causal_fixed_window,0.6265116674589947,session_iteration_b_m1_old,0.636060878126116,/home/xinyuan/Work_host/SSM/results/cross_session_iteration_b/official_20261003/adapt/old/m1,2,query_quartile,9907.86782933418,0.2579627888110928,0.2531144676594194,27275.719812147963,m1
0.07511217410211303,ridge,"[0,10)",lora,3800,support,recording_causal_fixed_window,0.3901945947892493,session_iteration_b_m1_old,-0.2130338092842432,/home/xinyuan/Work_host/SSM/results/cross_session_iteration_b/official_20261003/adapt/old/m1,2,trial_position,649.8099121234694,0.01691855200491971,0.0236832442910817,2552.1162085266437,m1
0.11266826115316954,ridge,"[10,25)",lora,5700,support,recording_causal_fixed_window,0.37657817218334405,session_iteration_b_m1_old,-0.1949698085690743,/home/xinyuan/Work_host/SSM/results/cross_session_iteration_b/official_20261003/adapt/old/m1,2,trial_position,902.1273270452778,0.023487927489131165,0.036536049092856585,3937.1397744065434,m1
0.18778043525528257,ridge,"[25,50)",lora,9500,support,recording_causal_fixed_window,0.3781832511763012,session_iteration_b_m1_old,-0.06502585059773369,/home/xinyuan/Work_host/SSM/results/cross_session_iteration_b/official_20261003/adapt/old/m1,2,trial_position,1477.7413061479788,0.03847470263447152,0.06181024434827429,6660.697517426922,m1
0.5796090213674369,ridge,"[50,128)",lora,29323,support,recording_causal_fixed_window,0.6585592827340452,session_iteration_b_m1_old,0.5987399587746199,/home/xinyuan/Work_host/SSM/results/cross_session_iteration_b/official_20261003/adapt/old/m1,2,trial_position,33805.67615339114,0.8801698456608771,0.8420067422274752,90734.99509257087,m1
0.04483010812199798,ridge,"[128,1000000000)",lora,2268,support,recording_causal_fixed_window,0.6125331836498515,session_iteration_b_m1_old,0.5201200783298686,/home/xinyuan/Work_host/SSM/results/cross_session_iteration_b/official_20261003/adapt/old/m1,2,trial_position,1572.7733689017193,0.040948972210600204,0.03596372004031278,3875.465358787828,m1
0.25000494159040143,zero,Q1,affine_lora,12648,support,recording_causal_fixed_window,0.764992850996554,session_iteration_b_m1_old,0.6965477207499794,/home/xinyuan/Work_host/SSM/results/cross_session_iteration_b/official_20261003/adapt/old/m1,0,query_quartile,8031.479344088842,0.2007671044229155,0.245835786123224,26491.366076784812,m1
0.25000494159040143,zero,Q2,affine_lora,12648,support,recording_causal_fixed_window,0.6701277045417958,session_iteration_b_m1_old,0.5769574682488338,/home/xinyuan/Work_host/SSM/results/cross_session_iteration_b/official_20261003/adapt/old/m1,0,query_quartile,11394.892560424067,0.284844109852604,0.2501516857135609,26956.449203213568,m1
0.25000494159040143,zero,Q3,affine_lora,12648,support,recording_causal_fixed_window,0.6356654591852015,session_iteration_b_m1_old,0.6175284597038049,/home/xinyuan/Work_host/SSM/results/cross_session_iteration_b/official_20261003/adapt/old/m1,0,query_quartile,10335.81971043566,0.2583699099753933,0.2508980605037958,27036.878859572415,m1
0.24998517522879563,zero,Q4,affine_lora,12647,support,recording_causal_fixed_window,0.6703421593555416,session_iteration_b_m1_old,0.6237959073197595,/home/xinyuan/Work_host/SSM/results/cross_session_iteration_b/official_20261003/adapt/old/m1,0,query_quartile,10241.769029772127,0.2560188757490874,0.2531144676594194,27275.719812147963,m1
0.07511217410211303,zero,"[0,10)",affine_lora,3800,support,recording_causal_fixed_window,0.37475088625198666,session_iteration_b_m1_old,-0.30217423888158046,/home/xinyuan/Work_host/SSM/results/cross_session_iteration_b/official_20261003/adapt/old/m1,0,trial_position,697.5615364227727,0.017437311835642698,0.0236832442910817,2552.1162085266437,m1
0.11266826115316954,zero,"[10,25)",affine_lora,5700,support,recording_causal_fixed_window,0.3631195469880623,session_iteration_b_m1_old,-0.29064131329754894,/home/xinyuan/Work_host/SSM/results/cross_session_iteration_b/official_20261003/adapt/old/m1,0,trial_position,974.3533182093962,0.02435642127695127,0.036536049092856585,3937.1397744065434,m1
0.18778043525528257,zero,"[25,50)",affine_lora,9500,support,recording_causal_fixed_window,0.36580612828266035,session_iteration_b_m1_old,-0.15121435346528478,/home/xinyuan/Work_host/SSM/results/cross_session_iteration_b/official_20261003/adapt/old/m1,0,trial_position,1597.3293055669149,0.039929278996971365,0.06181024434827429,6660.697517426922,m1
0.5796090213674369,zero,"[50,128)",affine_lora,29323,support,recording_causal_fixed_window,0.704336274698957,session_iteration_b_m1_old,0.5838595427939595,/home/xinyuan/Work_host/SSM/results/cross_session_iteration_b/official_20261003/adapt/old/m1,0,trial_position,35059.33331330606,0.8763965554478873,0.8420067422274752,90734.99509257087,m1
0.04483010812199798,zero,"[128,1000000000)",affine_lora,2268,support,recording_causal_fixed_window,0.6039957444820155,session_iteration_b_m1_old,0.48881208134150533,/home/xinyuan/Work_host/SSM/results/cross_session_iteration_b/official_20261003/adapt/old/m1,0,trial_position,1675.3831712155588,0.041880432442547626,0.03596372004031278,3875.465358787828,m1
0.25000494159040143,ridge,Q1,affine_lora,12648,support,recording_causal_fixed_window,0.7352073854871835,session_iteration_b_m1_old,0.7025638303089552,/home/xinyuan/Work_host/SSM/results/cross_session_iteration_b/official_20261003/adapt/old/m1,0,query_quartile,7872.250816380606,0.20214730327165353,0.245835786123224,26491.366076784812,m1
0.25000494159040143,ridge,Q2,affine_lora,12648,support,recording_causal_fixed_window,0.6366363541330785,session_iteration_b_m1_old,0.5923224703056019,/home/xinyuan/Work_host/SSM/results/cross_session_iteration_b/official_20261003/adapt/old/m1,0,query_quartile,10981.027441702265,0.28197590959287033,0.2501516857135609,26956.449203213568,m1
0.25000494159040143,ridge,Q3,affine_lora,12648,support,recording_causal_fixed_window,0.6078342409318281,session_iteration_b_m1_old,0.6246089051356964,/home/xinyuan/Work_host/SSM/results/cross_session_iteration_b/official_20261003/adapt/old/m1,0,query_quartile,10144.47944130888,0.2604946425091361,0.2508980605037958,27036.878859572415,m1
0.24998517522879563,ridge,Q4,affine_lora,12647,support,recording_causal_fixed_window,0.6382040222192592,session_iteration_b_m1_old,0.6346828686482553,/home/xinyuan/Work_host/SSM/results/cross_session_iteration_b/official_20261003/adapt/old/m1,0,query_quartile,9945.382718373632,0.25538214462634024,0.2531144676594194,27275.719812147963,m1
0.07511217410211303,ridge,"[0,10)",affine_lora,3800,support,recording_causal_fixed_window,0.3689285031393416,session_iteration_b_m1_old,-0.1629664144574714,/home/xinyuan/Work_host/SSM/results/cross_session_iteration_b/official_20261003/adapt/old/m1,0,trial_position,622.9893163712103,0.01599740826466605,0.0236832442910817,2552.1162085266437,m1
0.11266826115316954,ridge,"[10,25)",affine_lora,5700,support,recording_causal_fixed_window,0.3570740389896982,session_iteration_b_m1_old,-0.14020831415885637,/home/xinyuan/Work_host/SSM/results/cross_session_iteration_b/official_20261003/adapt/old/m1,0,trial_position,860.7858301948665,0.02210365730551578,0.036536049092856585,3937.1397744065434,m1
0.18778043525528257,ridge,"[25,50)",affine_lora,9500,support,recording_causal_fixed_window,0.36716761612729837,session_iteration_b_m1_old,-0.02757163479689906,/home/xinyuan/Work_host/SSM/results/cross_session_iteration_b/official_20261003/adapt/old/m1,0,trial_position,1425.7729508754655,0.036611658319806326,0.06181024434827429,6660.697517426922,m1
0.5796090213674369,ridge,"[50,128)",affine_lora,29323,support,recording_causal_fixed_window,0.6666053756316657,session_iteration_b_m1_old,0.5917800648769003,/home/xinyuan/Work_host/SSM/results/cross_session_iteration_b/official_20261003/adapt/old/m1,0,trial_position,34392.03884839002,0.8831347056104597,0.8420067422274752,90734.99509257087,m1
0.04483010812199798,ridge,"[128,1000000000)",affine_lora,2268,support,recording_causal_fixed_window,0.6005656719160457,session_iteration_b_m1_old,0.4991340983354572,/home/xinyuan/Work_host/SSM/results/cross_session_iteration_b/official_20261003/adapt/old/m1,0,trial_position,1641.5534719338336,0.04215257049955266,0.03596372004031278,3875.465358787828,m1
0.25000494159040143,zero,Q1,affine_lora,12648,support,recording_causal_fixed_window,0.7646580195897573,session_iteration_b_m1_old,0.7024499088830624,/home/xinyuan/Work_host/SSM/results/cross_session_iteration_b/official_20261003/adapt/old/m1,1,query_quartile,7875.2659777139415,0.2023862310410434,0.245835786123224,26491.366076784812,m1
0.25000494159040143,zero,Q2,affine_lora,12648,support,recording_causal_fixed_window,0.6714617557220073,session_iteration_b_m1_old,0.5878595683767871,/home/xinyuan/Work_host/SSM/results/cross_session_iteration_b/official_20261003/adapt/old/m1,1,query_quartile,11101.238257801642,0.28529039872978407,0.2501516857135609,26956.449203213568,m1
0.25000494159040143,zero,Q3,affine_lora,12648,support,recording_causal_fixed_window,0.6348929393135133,session_iteration_b_m1_old,0.6313302884521059,/home/xinyuan/Work_host/SSM/results/cross_session_iteration_b/official_20261003/adapt/old/m1,1,query_quartile,9962.842381177976,0.2560347962454336,0.2508980605037958,27036.878859572415,m1
0.24998517522879563,zero,Q4,affine_lora,12647,support,recording_causal_fixed_window,0.670125248327224,session_iteration_b_m1_old,0.6336788020795581,/home/xinyuan/Work_host/SSM/results/cross_session_iteration_b/official_20261003/adapt/old/m1,1,query_quartile,9972.717396776114,0.2562885739837391,0.2531144676594194,27275.719812147963,m1
0.07511217410211303,zero,"[0,10)",affine_lora,3800,support,recording_causal_fixed_window,0.3987552282510727,session_iteration_b_m1_old,-0.29163439994564855,/home/xinyuan/Work_host/SSM/results/cross_session_iteration_b/official_20261003/adapt/old/m1,1,trial_position,691.9154515730894,0.017781515042059406,0.0236832442910817,2552.1162085266437,m1
0.11266826115316954,zero,"[10,25)",affine_lora,5700,support,recording_causal_fixed_window,0.3789801317385489,session_iteration_b_m1_old,-0.28048982467389205,/home/xinyuan/Work_host/SSM/results/cross_session_iteration_b/official_20261003/adapt/old/m1,1,trial_position,966.6895804045422,0.02484292737773859,0.036536049092856585,3937.1397744065434,m1
0.18778043525528257,zero,"[25,50)",affine_lora,9500,support,recording_causal_fixed_window,0.38832880185442603,session_iteration_b_m1_old,-0.1404087856225844,/home/xinyuan/Work_host/SSM/results/cross_session_iteration_b/official_20261003/adapt/old/m1,1,trial_position,1582.3363981848256,0.04066441702082649,0.06181024434827429,6660.697517426922,m1
0.5796090213674369,zero,"[50,128)",affine_lora,29323,support,recording_causal_fixed_window,0.7028839111769859,session_iteration_b_m1_old,0.5959984185821635,/home/xinyuan/Work_host/SSM/results/cross_session_iteration_b/official_20261003/adapt/old/m1,1,trial_position,34036.647619238225,0.8747068160521173,0.8420067422274752,90734.99509257087,m1
0.04483010812199798,zero,"[128,1000000000)",affine_lora,2268,support,recording_causal_fixed_window,0.620701188766554,session_iteration_b_m1_old,0.5012938715531894,/home/xinyuan/Work_host/SSM/results/cross_session_iteration_b/official_20261003/adapt/old/m1,1,trial_position,1634.4749640690027,0.04200432450725869,0.03596372004031278,3875.465358787828,m1
0.25000494159040143,ridge,Q1,affine_lora,12648,support,recording_causal_fixed_window,0.7332756954378994,session_iteration_b_m1_old,0.7053950178656998,/home/xinyuan/Work_host/SSM/results/cross_session_iteration_b/official_20261003/adapt/old/m1,1,query_quartile,7797.317701897384,0.20313352372911103,0.245835786123224,26491.366076784812,m1
0.25000494159040143,ridge,Q2,affine_lora,12648,support,recording_causal_fixed_window,0.6369211408676162,session_iteration_b_m1_old,0.5966905562331966,/home/xinyuan/Work_host/SSM/results/cross_session_iteration_b/official_20261003/adapt/old/m1,1,query_quartile,10863.370548827677,0.2830094685793597,0.2501516857135609,26956.449203213568,m1
0.25000494159040143,ridge,Q3,affine_lora,12648,support,recording_causal_fixed_window,0.6042308849631928,session_iteration_b_m1_old,0.6332174366108645,/home/xinyuan/Work_host/SSM/results/cross_session_iteration_b/official_20261003/adapt/old/m1,1,query_quartile,9911.844539297497,0.25822058108940515,0.2508980605037958,27036.878859572415,m1
0.24998517522879563,ridge,Q4,affine_lora,12647,support,recording_causal_fixed_window,0.6348713074488767,session_iteration_b_m1_old,0.639558403829819,/home/xinyuan/Work_host/SSM/results/cross_session_iteration_b/official_20261003/adapt/old/m1,1,query_quartile,9812.651293602697,0.2556364266021244,0.2531144676594194,27275.719812147963,m1
0.07511217410211303,ridge,"[0,10)",affine_lora,3800,support,recording_causal_fixed_window,0.38418505007448267,session_iteration_b_m1_old,-0.1610025171186653,/home/xinyuan/Work_host/SSM/results/cross_session_iteration_b/official_20261003/adapt/old/m1,1,trial_position,621.9372764796741,0.01620253468433897,0.0236832442910817,2552.1162085266437,m1
0.11266826115316954,ridge,"[10,25)",affine_lora,5700,support,recording_causal_fixed_window,0.3666122804194375,session_iteration_b_m1_old,-0.13828104757847814,/home/xinyuan/Work_host/SSM/results/cross_session_iteration_b/official_20261003/adapt/old/m1,1,trial_position,859.3308646918115,0.022387045554339124,0.036536049092856585,3937.1397744065434,m1
0.18778043525528257,ridge,"[25,50)",affine_lora,9500,support,recording_causal_fixed_window,0.3839710813030828,session_iteration_b_m1_old,-0.024981522095986364,/home/xinyuan/Work_host/SSM/results/cross_session_iteration_b/official_20261003/adapt/old/m1,1,trial_position,1422.1791258771625,0.03705020986167032,0.06181024434827429,6660.697517426922,m1
0.5796090213674369,ridge,"[50,128)",affine_lora,29323,support,recording_causal_fixed_window,0.6651990259317127,session_iteration_b_m1_old,0.598256921485729,/home/xinyuan/Work_host/SSM/results/cross_session_iteration_b/official_20261003/adapt/old/m1,1,trial_position,33846.37146436303,0.8817561325386888,0.8420067422274752,90734.99509257087,m1
0.04483010812199798,ridge,"[128,1000000000)",affine_lora,2268,support,recording_causal_fixed_window,0.6018718717887146,session_iteration_b_m1_old,0.5010221989768857,/home/xinyuan/Work_host/SSM/results/cross_session_iteration_b/official_20261003/adapt/old/m1,1,trial_position,1635.365352213571,0.04260407736096288,0.03596372004031278,3875.465358787828,m1
0.25000494159040143,zero,Q1,affine_lora,12648,support,recording_causal_fixed_window,0.763481154239833,session_iteration_b_m1_old,0.7026611138312007,/home/xinyuan/Work_host/SSM/results/cross_session_iteration_b/official_20261003/adapt/old/m1,2,query_quartile,7869.676010874558,0.199824316736603,0.245835786123224,26491.366076784812,m1
0.25000494159040143,zero,Q2,affine_lora,12648,support,recording_causal_fixed_window,0.6649136346579759,session_iteration_b_m1_old,0.5843969369242856,/home/xinyuan/Work_host/SSM/results/cross_session_iteration_b/official_20261003/adapt/old/m1,2,query_quartile,11194.506216496651,0.2842473505674228,0.2501516857135609,26956.449203213568,m1
0.25000494159040143,zero,Q3,affine_lora,12648,support,recording_causal_fixed_window,0.6287570697321593,session_iteration_b_m1_old,0.6248199506816727,/home/xinyuan/Work_host/SSM/results/cross_session_iteration_b/official_20261003/adapt/old/m1,2,query_quartile,10138.77619679502,0.2574405888209815,0.2508980605037958,27036.878859572415,m1
0.24998517522879563,zero,Q4,affine_lora,12647,support,recording_causal_fixed_window,0.6560813742723133,session_iteration_b_m1_old,0.6260642301026776,/home/xinyuan/Work_host/SSM/results/cross_session_iteration_b/official_20261003/adapt/old/m1,2,query_quartile,10180.016277796185,0.25848774387499296,0.2531144676594194,27275.719812147963,m1
0.07511217410211303,zero,"[0,10)",affine_lora,3800,support,recording_causal_fixed_window,0.397556579545428,session_iteration_b_m1_old,-0.324191899365492,/home/xinyuan/Work_host/SSM/results/cross_session_iteration_b/official_20261003/adapt/old/m1,2,trial_position,709.3561738967744,0.018011746935444876,0.0236832442910817,2552.1162085266437,m1
0.11266826115316954,zero,"[10,25)",affine_lora,5700,support,recording_causal_fixed_window,0.3811925545241686,session_iteration_b_m1_old,-0.31715027135513596,/home/xinyuan/Work_host/SSM/results/cross_session_iteration_b/official_20261003/adapt/old/m1,2,trial_position,994.3659204557099,0.025248624005188767,0.036536049092856585,3937.1397744065434,m1
0.18778043525528257,zero,"[25,50)",affine_lora,9500,support,recording_causal_fixed_window,0.37244981119595044,session_iteration_b_m1_old,-0.16227499842420823,/home/xinyuan/Work_host/SSM/results/cross_session_iteration_b/official_20261003/adapt/old/m1,2,trial_position,1612.6761367440786,0.040948560867945835,0.06181024434827429,6660.697517426922,m1
0.5796090213674369,zero,"[50,128)",affine_lora,29323,support,recording_causal_fixed_window,0.6949618229286628,session_iteration_b_m1_old,0.5908296076096919,/home/xinyuan/Work_host/SSM/results/cross_session_iteration_b/official_20261003/adapt/old/m1,2,trial_position,34472.11373069018,0.8753049761112249,0.8420067422274752,90734.99509257087,m1
0.04483010812199798,zero,"[128,1000000000)",affine_lora,2268,support,recording_causal_fixed_window,0.6360282040586898,session_iteration_b_m1_old,0.5135022820256926,/home/xinyuan/Work_host/SSM/results/cross_session_iteration_b/official_20261003/adapt/old/m1,2,trial_position,1594.4627401756834,0.0404860920801961,0.03596372004031278,3875.465358787828,m1
0.25000494159040143,ridge,Q1,affine_lora,12648,support,recording_causal_fixed_window,0.7280530686701945,session_iteration_b_m1_old,0.7058731930527671,/home/xinyuan/Work_host/SSM/results/cross_session_iteration_b/official_20261003/adapt/old/m1,2,query_quartile,7784.661826821153,0.20112654615644757,0.245835786123224,26491.366076784812,m1
0.25000494159040143,ridge,Q2,affine_lora,12648,support,recording_causal_fixed_window,0.6284645763782929,session_iteration_b_m1_old,0.595682050667096,/home/xinyuan/Work_host/SSM/results/cross_session_iteration_b/official_20261003/adapt/old/m1,2,query_quartile,10890.53522308569,0.28137069842490464,0.2501516857135609,26956.449203213568,m1
0.25000494159040143,ridge,Q3,affine_lora,12648,support,recording_causal_fixed_window,0.5981680409254166,session_iteration_b_m1_old,0.6279047285746958,/home/xinyuan/Work_host/SSM/results/cross_session_iteration_b/official_20261003/adapt/old/m1,2,query_quartile,10055.413894532392,0.2597942867361137,0.2508980605037958,27036.878859572415,m1
0.24998517522879563,ridge,Q4,affine_lora,12647,support,recording_causal_fixed_window,0.6209972728091161,session_iteration_b_m1_old,0.6336066487683978,/home/xinyuan/Work_host/SSM/results/cross_session_iteration_b/official_20261003/adapt/old/m1,2,query_quartile,9974.681696373103,0.2577084686825341,0.2531144676594194,27275.719812147963,m1
0.07511217410211303,ridge,"[0,10)",affine_lora,3800,support,recording_causal_fixed_window,0.3868487119840228,session_iteration_b_m1_old,-0.19846153623576845,/home/xinyuan/Work_host/SSM/results/cross_session_iteration_b/official_20261003/adapt/old/m1,2,trial_position,642.0036932064089,0.016586974271561396,0.0236832442910817,2552.1162085266437,m1
0.11266826115316954,ridge,"[10,25)",affine_lora,5700,support,recording_causal_fixed_window,0.37244561548086674,session_iteration_b_m1_old,-0.17991009855814588,/home/xinyuan/Work_host/SSM/results/cross_session_iteration_b/official_20261003/adapt/old/m1,2,trial_position,890.7581896488239,0.023013860091825645,0.036536049092856585,3937.1397744065434,m1
0.18778043525528257,ridge,"[25,50)",affine_lora,9500,support,recording_causal_fixed_window,0.37510035089437177,session_iteration_b_m1_old,-0.0529270065981724,/home/xinyuan/Work_host/SSM/results/cross_session_iteration_b/official_20261003/adapt/old/m1,2,trial_position,1460.9539563153357,0.037745586110744196,0.06181024434827429,6660.697517426922,m1
0.5796090213674369,ridge,"[50,128)",affine_lora,29323,support,recording_causal_fixed_window,0.6536742197049489,session_iteration_b_m1_old,0.5950282799781736,/home/xinyuan/Work_host/SSM/results/cross_session_iteration_b/official_20261003/adapt/old/m1,2,trial_position,34118.38063050502,0.8814913491838399,0.8420067422274752,90734.99509257087,m1
0.04483010812199798,ridge,"[128,1000000000)",affine_lora,2268,support,recording_causal_fixed_window,0.6066567347654749,session_iteration_b_m1_old,0.5138887337950362,/home/xinyuan/Work_host/SSM/results/cross_session_iteration_b/official_20261003/adapt/old/m1,2,trial_position,1593.1961711367594,0.04116223034202905,0.03596372004031278,3875.465358787828,m1
0.25000494159040143,zero,Q1,offset_original,12648,support,recording_causal_fixed_window,0.7375900376459557,session_iteration_b_m1_old,0.7089510716006864,/home/xinyuan/Work_host/SSM/results/cross_session_iteration_b/official_20261003/adapt/old/m1,0,query_quartile,7703.199535477279,0.19060831494917124,0.245835786123224,26491.366076784812,m1
0.25000494159040143,zero,Q2,offset_original,12648,support,recording_causal_fixed_window,0.6427156006447384,session_iteration_b_m1_old,0.5708833931148782,/home/xinyuan/Work_host/SSM/results/cross_session_iteration_b/official_20261003/adapt/old/m1,0,query_quartile,11558.501248346913,0.2860040735201848,0.2501516857135609,26956.449203213568,m1
0.25000494159040143,zero,Q3,offset_original,12648,support,recording_causal_fixed_window,0.586335644746983,session_iteration_b_m1_old,0.6085403411352936,/home/xinyuan/Work_host/SSM/results/cross_session_iteration_b/official_20261003/adapt/old/m1,0,query_quartile,10578.712483550775,0.2617601363608508,0.2508980605037958,27036.878859572415,m1
0.24998517522879563,zero,Q4,offset_original,12647,support,recording_causal_fixed_window,0.6226200421802534,session_iteration_b_m1_old,0.61161612191287,/home/xinyuan/Work_host/SSM/results/cross_session_iteration_b/official_20261003/adapt/old/m1,0,query_quartile,10573.351145428636,0.2616274751697929,0.2531144676594194,27275.719812147963,m1
0.07511217410211303,zero,"[0,10)",offset_original,3800,support,recording_causal_fixed_window,0.3704256266026028,session_iteration_b_m1_old,-0.26871862279762526,/home/xinyuan/Work_host/SSM/results/cross_session_iteration_b/official_20261003/adapt/old/m1,0,trial_position,679.6397021085428,0.01681703528447412,0.0236832442910817,2552.1162085266437,m1
0.11266826115316954,zero,"[10,25)",offset_original,5700,support,recording_causal_fixed_window,0.3541722896582112,session_iteration_b_m1_old,-0.258466999891789,/home/xinyuan/Work_host/SSM/results/cross_session_iteration_b/official_20261003/adapt/old/m1,0,trial_position,950.0637276740406,0.023508419507019443,0.036536049092856585,3937.1397744065434,m1
0.18778043525528257,zero,"[25,50)",offset_original,9500,support,recording_causal_fixed_window,0.3541553053614102,session_iteration_b_m1_old,-0.11413935649580287,/home/xinyuan/Work_host/SSM/results/cross_session_iteration_b/official_20261003/adapt/old/m1,0,trial_position,1545.8871228101623,0.03825150033092203,0.06181024434827429,6660.697517426922,m1
0.5796090213674369,zero,"[50,128)",offset_original,29323,support,recording_causal_fixed_window,0.6608791074933326,session_iteration_b_m1_old,0.5796719542167801,/home/xinyuan/Work_host/SSM/results/cross_session_iteration_b/official_20261003/adapt/old/m1,0,trial_position,35412.132617396885,0.8762393984307449,0.8420067422274752,90734.99509257087,m1
0.04483010812199798,zero,"[128,1000000000)",offset_original,2268,support,recording_causal_fixed_window,0.4796932297970342,session_iteration_b_m1_old,0.4428437396673961,/home/xinyuan/Work_host/SSM/results/cross_session_iteration_b/official_20261003/adapt/old/m1,0,trial_position,1826.0412428139607,0.04518364644683896,0.03596372004031278,3875.465358787828,m1
0.25000494159040143,ridge,Q1,offset_original,12648,support,recording_causal_fixed_window,0.7032782708022932,session_iteration_b_m1_old,0.7065352709903565,/home/xinyuan/Work_host/SSM/results/cross_session_iteration_b/official_20261003/adapt/old/m1,0,query_quartile,7767.138592877849,0.1969806855430869,0.245835786123224,26491.366076784812,m1
0.25000494159040143,ridge,Q2,offset_original,12648,support,recording_causal_fixed_window,0.6039343111298748,session_iteration_b_m1_old,0.5861546604287768,/home/xinyuan/Work_host/SSM/results/cross_session_iteration_b/official_20261003/adapt/old/m1,0,query_quartile,11147.160928537776,0.2827006851114928,0.2501516857135609,26956.449203213568,m1
0.25000494159040143,ridge,Q3,offset_original,12648,support,recording_causal_fixed_window,0.5556552746928045,session_iteration_b_m1_old,0.6176343971224698,/home/xinyuan/Work_host/SSM/results/cross_session_iteration_b/official_20261003/adapt/old/m1,0,query_quartile,10332.956882892828,0.2620518362252169,0.2508980605037958,27036.878859572415,m1
0.24998517522879563,ridge,Q4,offset_original,12647,support,recording_causal_fixed_window,0.5884337191774275,session_iteration_b_m1_old,0.625928588555442,/home/xinyuan/Work_host/SSM/results/cross_session_iteration_b/official_20261003/adapt/old/m1,0,query_quartile,10183.708979243771,0.25826679312020295,0.2531144676594194,27275.719812147963,m1
0.07511217410211303,ridge,"[0,10)",offset_original,3800,support,recording_causal_fixed_window,0.3641866896525571,session_iteration_b_m1_old,-0.1435254476918646,/home/xinyuan/Work_host/SSM/results/cross_session_iteration_b/official_20261003/adapt/old/m1,0,trial_position,612.5749875958167,0.015535378899227733,0.0236832442910817,2552.1162085266437,m1
0.11266826115316954,ridge,"[10,25)",offset_original,5700,support,recording_causal_fixed_window,0.3456955828948053,session_iteration_b_m1_old,-0.12435909326825412,/home/xinyuan/Work_host/SSM/results/cross_session_iteration_b/official_20261003/adapt/old/m1,0,trial_position,848.8206615560786,0.02152675323313655,0.036536049092856585,3937.1397744065434,m1
0.18778043525528257,ridge,"[25,50)",offset_original,9500,support,recording_causal_fixed_window,0.35093904846588453,session_iteration_b_m1_old,-0.0063719047810562035,/home/xinyuan/Work_host/SSM/results/cross_session_iteration_b/official_20261003/adapt/old/m1,0,trial_position,1396.3579684071867,0.035412725882426575,0.06181024434827429,6660.697517426922,m1
0.5796090213674369,ridge,"[50,128)",offset_original,29323,support,recording_causal_fixed_window,0.6189914239814998,session_iteration_b_m1_old,0.5858898311120185,/home/xinyuan/Work_host/SSM/results/cross_session_iteration_b/official_20261003/adapt/old/m1,0,trial_position,34888.28396294285,0.8847940602919078,0.8420067422274752,90734.99509257087,m1
0.04483010812199798,ridge,"[128,1000000000)",offset_original,2268,support,recording_causal_fixed_window,0.5444726104859484,session_iteration_b_m1_old,0.48589985172992267,/home/xinyuan/Work_host/SSM/results/cross_session_iteration_b/official_20261003/adapt/old/m1,0,trial_position,1684.9278030502967,0.04273108169330105,0.03596372004031278,3875.465358787828,m1
0.25000494159040143,zero,Q1,offset_original,12648,support,recording_causal_fixed_window,0.7338088855776518,session_iteration_b_m1_old,0.710230481270977,/home/xinyuan/Work_host/SSM/results/cross_session_iteration_b/official_20261003/adapt/old/m1,1,query_quartile,7669.337366555817,0.18962621306229632,0.245835786123224,26491.366076784812,m1
0.25000494159040143,zero,Q2,offset_original,12648,support,recording_causal_fixed_window,0.635515139212602,session_iteration_b_m1_old,0.5704258262793708,/home/xinyuan/Work_host/SSM/results/cross_session_iteration_b/official_20261003/adapt/old/m1,1,query_quartile,11570.826072775882,0.2860914607500601,0.2501516857135609,26956.449203213568,m1
0.25000494159040143,zero,Q3,offset_original,12648,support,recording_causal_fixed_window,0.5791429830981041,session_iteration_b_m1_old,0.6092866744558239,/home/xinyuan/Work_host/SSM/results/cross_session_iteration_b/official_20261003/adapt/old/m1,1,query_quartile,10558.543749848606,0.2610625365715938,0.2508980605037958,27036.878859572415,m1
0.24998517522879563,zero,Q4,offset_original,12647,support,recording_causal_fixed_window,0.6128808856764267,session_iteration_b_m1_old,0.6089551718602111,/home/xinyuan/Work_host/SSM/results/cross_session_iteration_b/official_20261003/adapt/old/m1,1,query_quartile,10645.792770518176,0.26321978961605,0.2531144676594194,27275.719812147963,m1
0.07511217410211303,zero,"[0,10)",offset_original,3800,support,recording_causal_fixed_window,0.3826845249251112,session_iteration_b_m1_old,-0.27397624927697595,/home/xinyuan/Work_host/SSM/results/cross_session_iteration_b/official_20261003/adapt/old/m1,1,trial_position,682.4561593040276,0.016873892865137935,0.0236832442910817,2552.1162085266437,m1
0.11266826115316954,zero,"[10,25)",offset_original,5700,support,recording_causal_fixed_window,0.36597365566580614,session_iteration_b_m1_old,-0.26314959663632,/home/xinyuan/Work_host/SSM/results/cross_session_iteration_b/official_20261003/adapt/old/m1,1,trial_position,953.5987947983164,0.023577959815266458,0.036536049092856585,3937.1397744065434,m1
0.18778043525528257,zero,"[25,50)",offset_original,9500,support,recording_causal_fixed_window,0.3642339332767765,session_iteration_b_m1_old,-0.11322258168617205,/home/xinyuan/Work_host/SSM/results/cross_session_iteration_b/official_20261003/adapt/old/m1,1,trial_position,1544.615082320378,0.038190979833093074,0.06181024434827429,6660.697517426922,m1
0.5796090213674369,zero,"[50,128)",offset_original,29323,support,recording_causal_fixed_window,0.6516027812045371,session_iteration_b_m1_old,0.5790425499915413,/home/xinyuan/Work_host/SSM/results/cross_session_iteration_b/official_20261003/adapt/old/m1,1,trial_position,35465.15916682109,0.8768845999372197,0.8420067422274752,90734.99509257087,m1
0.04483010812199798,zero,"[128,1000000000)",offset_original,2268,support,recording_causal_fixed_window,0.47956710405965985,session_iteration_b_m1_old,0.4511949408702368,/home/xinyuan/Work_host/SSM/results/cross_session_iteration_b/official_20261003/adapt/old/m1,1,trial_position,1798.6707564546741,0.044472567549283255,0.03596372004031278,3875.465358787828,m1
0.25000494159040143,ridge,Q1,offset_original,12648,support,recording_causal_fixed_window,0.696957811026486,session_iteration_b_m1_old,0.7060245779539518,/home/xinyuan/Work_host/SSM/results/cross_session_iteration_b/official_20261003/adapt/old/m1,1,query_quartile,7780.655118715755,0.1957252262049967,0.245835786123224,26491.366076784812,m1
0.25000494159040143,ridge,Q2,offset_original,12648,support,recording_causal_fixed_window,0.5953849139049939,session_iteration_b_m1_old,0.5823547008451336,/home/xinyuan/Work_host/SSM/results/cross_session_iteration_b/official_20261003/adapt/old/m1,1,query_quartile,11249.515013386714,0.28298566600071123,0.2501516857135609,26956.449203213568,m1
0.25000494159040143,ridge,Q3,offset_original,12648,support,recording_causal_fixed_window,0.5460100392454121,session_iteration_b_m1_old,0.6147162355235802,/home/xinyuan/Work_host/SSM/results/cross_session_iteration_b/official_20261003/adapt/old/m1,1,query_quartile,10411.816586149915,0.2619130555764164,0.2508980605037958,27036.878859572415,m1
0.24998517522879563,ridge,Q4,offset_original,12647,support,recording_causal_fixed_window,0.5761718698174414,session_iteration_b_m1_old,0.6212542431825239,/home/xinyuan/Work_host/SSM/results/cross_session_iteration_b/official_20261003/adapt/old/m1,1,query_quartile,10310.963218648078,0.25937605221787524,0.2531144676594194,27275.719812147963,m1
0.07511217410211303,ridge,"[0,10)",offset_original,3800,support,recording_causal_fixed_window,0.36973286529674454,session_iteration_b_m1_old,-0.1485459036209842,/home/xinyuan/Work_host/SSM/results/cross_session_iteration_b/official_20261003/adapt/old/m1,1,trial_position,615.2643949323244,0.015477200960153358,0.0236832442910817,2552.1162085266437,m1
0.11266826115316954,ridge,"[10,25)",offset_original,5700,support,recording_causal_fixed_window,0.3513117565494459,session_iteration_b_m1_old,-0.13031022745663035,/home/xinyuan/Work_host/SSM/results/cross_session_iteration_b/official_20261003/adapt/old/m1,1,trial_position,853.3133949621855,0.021465410650445882,0.036536049092856585,3937.1397744065434,m1
0.18778043525528257,ridge,"[25,50)",offset_original,9500,support,recording_causal_fixed_window,0.354695190173531,session_iteration_b_m1_old,-0.010952135979841904,/home/xinyuan/Work_host/SSM/results/cross_session_iteration_b/official_20261003/adapt/old/m1,1,trial_position,1402.713116341253,0.03528576164958243,0.06181024434827429,6660.697517426922,m1
0.5796090213674369,ridge,"[50,128)",offset_original,29323,support,recording_causal_fixed_window,0.6092061812720215,session_iteration_b_m1_old,0.5822207283948927,/home/xinyuan/Work_host/SSM/results/cross_session_iteration_b/official_20261003/adapt/old/m1,1,trial_position,35197.40145655098,0.8854035112468261,0.8420067422274752,90734.99509257087,m1
0.04483010812199798,ridge,"[128,1000000000)",offset_original,2268,support,recording_causal_fixed_window,0.5373008343373076,session_iteration_b_m1_old,0.48610434998501384,/home/xinyuan/Work_host/SSM/results/cross_session_iteration_b/official_20261003/adapt/old/m1,1,trial_position,1684.2575741137018,0.04236811549299133,0.03596372004031278,3875.465358787828,m1
0.25000494159040143,zero,Q1,offset_original,12648,support,recording_causal_fixed_window,0.7358855774442906,session_iteration_b_m1_old,0.7147006449482848,/home/xinyuan/Work_host/SSM/results/cross_session_iteration_b/official_20261003/adapt/old/m1,2,query_quartile,7551.02542858743,0.19208331477684185,0.245835786123224,26491.366076784812,m1
0.25000494159040143,zero,Q2,offset_original,12648,support,recording_causal_fixed_window,0.6478675180499202,session_iteration_b_m1_old,0.5831937817877308,/home/xinyuan/Work_host/SSM/results/cross_session_iteration_b/official_20261003/adapt/old/m1,2,query_quartile,11226.913888268595,0.28559072602357943,0.2501516857135609,26956.449203213568,m1
0.25000494159040143,zero,Q3,offset_original,12648,support,recording_causal_fixed_window,0.5928368889833247,session_iteration_b_m1_old,0.6211117245171625,/home/xinyuan/Work_host/SSM/results/cross_session_iteration_b/official_20261003/adapt/old/m1,2,query_quartile,10238.986416494548,0.2604597838314058,0.2508980605037958,27036.878859572415,m1
0.24998517522879563,zero,Q4,offset_original,12647,support,recording_causal_fixed_window,0.6275874777113474,session_iteration_b_m1_old,0.6218673008775981,/home/xinyuan/Work_host/SSM/results/cross_session_iteration_b/official_20261003/adapt/old/m1,2,query_quartile,10294.273354191417,0.26186617536817247,0.2531144676594194,27275.719812147963,m1
0.07511217410211303,zero,"[0,10)",offset_original,3800,support,recording_causal_fixed_window,0.3835683955869878,session_iteration_b_m1_old,-0.2627379182313814,/home/xinyuan/Work_host/SSM/results/cross_session_iteration_b/official_20261003/adapt/old/m1,2,trial_position,676.4358993135321,0.0172072059620257,0.0236832442910817,2552.1162085266437,m1
0.11266826115316954,zero,"[10,25)",offset_original,5700,support,recording_causal_fixed_window,0.36484747653344357,session_iteration_b_m1_old,-0.2481433694582995,/home/xinyuan/Work_host/SSM/results/cross_session_iteration_b/official_20261003/adapt/old/m1,2,trial_position,942.2700335894015,0.023969506284737402,0.036536049092856585,3937.1397744065434,m1
0.18778043525528257,zero,"[25,50)",offset_original,9500,support,recording_causal_fixed_window,0.363469699034329,session_iteration_b_m1_old,-0.09819620912790894,/home/xinyuan/Work_host/SSM/results/cross_session_iteration_b/official_20261003/adapt/old/m1,2,trial_position,1523.7657373035865,0.03876161940291662,0.06181024434827429,6660.697517426922,m1
0.5796090213674369,zero,"[50,128)",offset_original,29323,support,recording_causal_fixed_window,0.6617105939337551,session_iteration_b_m1_old,0.5912729864090975,/home/xinyuan/Work_host/SSM/results/cross_session_iteration_b/official_20261003/adapt/old/m1,2,trial_position,34434.759599787416,0.875952919245855,0.8420067422274752,90734.99509257087,m1
0.04483010812199798,zero,"[128,1000000000)",offset_original,2268,support,recording_causal_fixed_window,0.4943185841636602,session_iteration_b_m1_old,0.4709369087012516,/home/xinyuan/Work_host/SSM/results/cross_session_iteration_b/official_20261003/adapt/old/m1,2,trial_position,1733.9678175480574,0.044108749104464835,0.03596372004031278,3875.465358787828,m1
0.25000494159040143,ridge,Q1,offset_original,12648,support,recording_causal_fixed_window,0.7021036564445587,session_iteration_b_m1_old,0.7094912026136817,/home/xinyuan/Work_host/SSM/results/cross_session_iteration_b/official_20261003/adapt/old/m1,2,query_quartile,7688.903873949555,0.19853147637168395,0.245835786123224,26491.366076784812,m1
0.25000494159040143,ridge,Q2,offset_original,12648,support,recording_causal_fixed_window,0.610936899114241,session_iteration_b_m1_old,0.5939347434340061,/home/xinyuan/Work_host/SSM/results/cross_session_iteration_b/official_20261003/adapt/old/m1,2,query_quartile,10937.599942816572,0.2824144897905725,0.2501516857135609,26956.449203213568,m1
0.25000494159040143,ridge,Q3,offset_original,12648,support,recording_causal_fixed_window,0.5627726884168718,session_iteration_b_m1_old,0.625722507226951,/home/xinyuan/Work_host/SSM/results/cross_session_iteration_b/official_20261003/adapt/old/m1,2,query_quartile,10114.385723916317,0.2611586727160278,0.2508980605037958,27036.878859572415,m1
0.24998517522879563,ridge,Q4,offset_original,12647,support,recording_causal_fixed_window,0.5949050275757777,session_iteration_b_m1_old,0.6331173891582227,/home/xinyuan/Work_host/SSM/results/cross_session_iteration_b/official_20261003/adapt/old/m1,2,query_quartile,9988.00128544857,0.257895361121716,0.2531144676594194,27275.719812147963,m1
0.07511217410211303,ridge,"[0,10)",offset_original,3800,support,recording_causal_fixed_window,0.37341798992355785,session_iteration_b_m1_old,-0.1446874833876961,/home/xinyuan/Work_host/SSM/results/cross_session_iteration_b/official_20261003/adapt/old/m1,2,trial_position,613.1974783356569,0.01583307616757056,0.0236832442910817,2552.1162085266437,m1
0.11266826115316954,ridge,"[10,25)",offset_original,5700,support,recording_causal_fixed_window,0.35235156256482153,session_iteration_b_m1_old,-0.1249826412929651,/home/xinyuan/Work_host/SSM/results/cross_session_iteration_b/official_20261003/adapt/old/m1,2,trial_position,849.2914012423727,0.021929143415316765,0.036536049092856585,3937.1397744065434,m1
0.18778043525528257,ridge,"[25,50)",offset_original,9500,support,recording_causal_fixed_window,0.3547352995089032,session_iteration_b_m1_old,-0.006043024426991339,/home/xinyuan/Work_host/SSM/results/cross_session_iteration_b/official_20261003/adapt/old/m1,2,trial_position,1395.9016413765241,0.036042902639356944,0.06181024434827429,6660.697517426922,m1
0.5796090213674369,ridge,"[50,128)",offset_original,29323,support,recording_causal_fixed_window,0.6228334518633938,session_iteration_b_m1_old,0.5935561333892811,/home/xinyuan/Work_host/SSM/results/cross_session_iteration_b/official_20261003/adapt/old/m1,2,trial_position,34242.40721107965,0.884156671690059,0.8420067422274752,90734.99509257087,m1
0.04483010812199798,ridge,"[128,1000000000)",offset_original,2268,support,recording_causal_fixed_window,0.5581082976335784,session_iteration_b_m1_old,0.5032410886938878,/home/xinyuan/Work_host/SSM/results/cross_session_iteration_b/official_20261003/adapt/old/m1,2,trial_position,1628.0930940968215,0.04203820608769722,0.03596372004031278,3875.465358787828,m1
0.2500177116542685,zero,Q1,none,3529,support,recording_causal_fixed_window,0.12436618964844459,session_iteration_b_m2_old,0.247450876559121,/home/xinyuan/Work_host/SSM/results/cross_session_iteration_b/official_20261003/adapt/old/m2,0,query_quartile,0.752411797106314,0.2827401011053019,0.2943648227929093,0.9998349109688534,m2
0.2500177116542685,zero,Q2,none,3529,support,recording_causal_fixed_window,0.1308196086632492,session_iteration_b_m2_old,0.225922968963587,/home/xinyuan/Work_host/SSM/results/cross_session_iteration_b/official_20261003/adapt/old/m2,0,query_quartile,0.6650305933926691,0.2499041322014172,0.2530956259225901,0.859660608254631,m2
0.2500177116542685,zero,Q3,none,3529,support,recording_causal_fixed_window,0.1573178227163788,session_iteration_b_m2_old,0.2259614534469866,/home/xinyuan/Work_host/SSM/results/cross_session_iteration_b/official_20261003/adapt/old/m2,0,query_quartile,0.5592030852842753,0.21013644054989786,0.21270935872902333,0.7224852505446784,m2
0.2499468650371945,zero,Q4,none,3528,support,recording_causal_fixed_window,0.08475501919664304,session_iteration_b_m2_old,0.15942832650296934,/home/xinyuan/Work_host/SSM/results/cross_session_iteration_b/official_20261003/adapt/old/m2,0,query_quartile,0.6844973694125511,0.257219326143383,0.23983019255547727,0.8146034466558709,m2
0.16436415161176055,zero,"[0,10)",none,2320,support,recording_causal_fixed_window,0.06724825918172246,session_iteration_b_m2_old,0.15399851213495352,/home/xinyuan/Work_host/SSM/results/cross_session_iteration_b/official_20261003/adapt/old/m2,0,trial_position,0.3464568047195927,0.13019098367645127,0.12216793955578938,0.41495369524823955,m2
0.24654622741764082,zero,"[10,25)",none,3480,support,recording_causal_fixed_window,0.1254882396918681,session_iteration_b_m2_old,0.22634153644970467,/home/xinyuan/Work_host/SSM/results/cross_session_iteration_b/official_20261003/adapt/old/m2,0,trial_position,2.146615340668238,0.806651677696876,0.824531006353259,2.800589002131704,m2
0.41091037902940136,zero,"[25,50)",none,5800,support,recording_causal_fixed_window,0.2669907258175407,session_iteration_b_m2_old,0.08250463498216165,/home/xinyuan/Work_host/SSM/results/cross_session_iteration_b/official_20261003/adapt/old/m2,0,trial_position,0.11074193612724956,0.04161442754836449,0.03658386286855986,0.12426017119517169,m2
0.1756996103436061,zero,"[50,128)",none,2480,support,recording_causal_fixed_window,0.09695265521074645,session_iteration_b_m2_old,-0.021217825111681243,/home/xinyuan/Work_host/SSM/results/cross_session_iteration_b/official_20261003/adapt/old/m2,0,trial_position,0.05644510114712227,0.021210849785468385,0.016525892796189084,0.056131586633851475,m2
0.002479631597591215,zero,"[128,1000000000)",none,35,support,recording_causal_fixed_window,0.0825639551437814,session_iteration_b_m2_old,-0.3862371948066785,/home/xinyuan/Work_host/SSM/results/cross_session_iteration_b/official_20261003/adapt/old/m2,0,trial_position,0.000883662533607278,0.00033206129283986524,0.00019129842620273287,0.0006497612150669602,m2
0.2500177116542685,ridge,Q1,none,3529,support,recording_causal_fixed_window,0.18082177986536724,session_iteration_b_m2_old,0.2635746134463941,/home/xinyuan/Work_host/SSM/results/cross_session_iteration_b/official_20261003/adapt/old/m2,0,query_quartile,0.736291002503627,0.28669940234623514,0.2943648227929093,0.9998349109688534,m2
0.2500177116542685,ridge,Q2,none,3529,support,recording_causal_fixed_window,0.20621797104396405,session_iteration_b_m2_old,0.2597161491183504,/home/xinyuan/Work_host/SSM/results/cross_session_iteration_b/official_20261003/adapt/old/m2,0,query_quartile,0.6359979548439476,0.24764696692907018,0.2530956259225901,0.859660608254631,m2
0.2500177116542685,ridge,Q3,none,3529,support,recording_causal_fixed_window,0.23501507917901718,session_iteration_b_m2_old,0.2669267258079865,/home/xinyuan/Work_host/SSM/results/cross_session_iteration_b/official_20261003/adapt/old/m2,0,query_quartile,0.5296077805080515,0.20622041235500022,0.21270935872902333,0.7224852505446784,m2
0.2499468650371945,ridge,Q4,none,3528,support,recording_causal_fixed_window,0.13097761867855573,session_iteration_b_m2_old,0.1818154841226819,/home/xinyuan/Work_host/SSM/results/cross_session_iteration_b/official_20261003/adapt/old/m2,0,query_quartile,0.6662669781413759,0.2594332183696943,0.23983019255547727,0.8146034466558709,m2
0.16436415161176055,ridge,"[0,10)",none,2320,support,recording_causal_fixed_window,0.09927991990358538,session_iteration_b_m2_old,0.180355647423031,/home/xinyuan/Work_host/SSM/results/cross_session_iteration_b/official_20261003/adapt/old/m2,0,trial_position,0.33566295978615923,0.13070154277755983,0.12216793955578938,0.41495369524823955,m2
0.24654622741764082,ridge,"[10,25)",none,3480,support,recording_causal_fixed_window,0.19165370085568495,session_iteration_b_m2_old,0.2574149500620263,/home/xinyuan/Work_host/SSM/results/cross_session_iteration_b/official_20261003/adapt/old/m2,0,trial_position,2.060398140844633,0.8022845771126212,0.824531006353259,2.800589002131704,m2
0.41091037902940136,ridge,"[25,50)",none,5800,support,recording_causal_fixed_window,0.40636813332904165,session_iteration_b_m2_old,0.05142771299144999,/home/xinyuan/Work_host/SSM/results/cross_session_iteration_b/official_20261003/adapt/old/m2,0,trial_position,0.11449292892933308,0.044581631699007584,0.03658386286855986,0.12426017119517169,m2
0.1756996103436061,ridge,"[50,128)",none,2480,support,recording_causal_fixed_window,0.11984228303143471,session_iteration_b_m2_old,-0.024683108535380027,/home/xinyuan/Work_host/SSM/results/cross_session_iteration_b/official_20261003/adapt/old/m2,0,trial_position,0.05663663547852971,0.022053358641328853,0.016525892796189084,0.056131586633851475,m2
0.002479631597591215,ridge,"[128,1000000000)",none,35,support,recording_causal_fixed_window,0.1193675286859112,session_iteration_b_m2_old,-0.5264644359151036,/home/xinyuan/Work_host/SSM/results/cross_session_iteration_b/official_20261003/adapt/old/m2,0,trial_position,0.0009730509583464584,0.00037888976948212373,0.00019129842620273287,0.0006497612150669602,m2
0.2500177116542685,zero,Q1,io,3529,support,recording_causal_fixed_window,0.3555553005735366,session_iteration_b_m2_old,0.33385332035212945,/home/xinyuan/Work_host/SSM/results/cross_session_iteration_b/official_20261003/adapt/old/m2,0,query_quartile,0.6660251201656398,0.27880956348042946,0.2943648227929093,0.9998349109688534,m2
0.2500177116542685,zero,Q2,io,3529,support,recording_causal_fixed_window,0.41982866828500937,session_iteration_b_m2_old,0.31188816353606996,/home/xinyuan/Work_host/SSM/results/cross_session_iteration_b/official_20261003/adapt/old/m2,0,query_quartile,0.591175560798419,0.24747625135447351,0.2530956259225901,0.859660608254631,m2
0.2500177116542685,zero,Q3,io,3529,support,recording_causal_fixed_window,0.4907555386379991,session_iteration_b_m2_old,0.28846546233471504,/home/xinyuan/Work_host/SSM/results/cross_session_iteration_b/official_20261003/adapt/old/m2,0,query_quartile,0.5140471498747206,0.2151889727962301,0.21270935872902333,0.7224852505446784,m2
0.2499468650371945,zero,Q4,io,3528,support,recording_causal_fixed_window,0.29153981406576257,session_iteration_b_m2_old,0.24161660787007788,/home/xinyuan/Work_host/SSM/results/cross_session_iteration_b/official_20261003/adapt/old/m2,0,query_quartile,0.6175695104730801,0.25852521236886666,0.23983019255547727,0.8146034466558709,m2
0.16436415161176055,zero,"[0,10)",io,2320,support,recording_causal_fixed_window,0.31948787375137705,session_iteration_b_m2_old,0.2775216951113446,/home/xinyuan/Work_host/SSM/results/cross_session_iteration_b/official_20261003/adapt/old/m2,0,trial_position,0.2958712585986375,0.12385679452417016,0.12216793955578938,0.41495369524823955,m2
0.24654622741764082,zero,"[10,25)",io,3480,support,recording_causal_fixed_window,0.3813294753538735,session_iteration_b_m2_old,0.3138978480364141,/home/xinyuan/Work_host/SSM/results/cross_session_iteration_b/official_20261003/adapt/old/m2,0,trial_position,1.903679044512615,0.7969127700099401,0.824531006353259,2.800589002131704,m2
0.41091037902940136,zero,"[25,50)",io,5800,support,recording_causal_fixed_window,0.7656601940438928,session_iteration_b_m2_old,-0.05547315966896926,/home/xinyuan/Work_host/SSM/results/cross_session_iteration_b/official_20261003/adapt/old/m2,0,trial_position,0.12739589287169287,0.0533301105398587,0.03658386286855986,0.12426017119517169,m2
0.1756996103436061,zero,"[50,128)",io,2480,support,recording_causal_fixed_window,0.29718065555526874,session_iteration_b_m2_old,-0.10175017905392636,/home/xinyuan/Work_host/SSM/results/cross_session_iteration_b/official_20261003/adapt/old/m2,0,trial_position,0.060896312976869524,0.025492243347257044,0.016525892796189084,0.056131586633851475,m2
0.002479631597591215,zero,"[128,1000000000)",io,35,support,recording_causal_fixed_window,0.24554258609314558,session_iteration_b_m2_old,-0.5292589803358658,/home/xinyuan/Work_host/SSM/results/cross_session_iteration_b/official_20261003/adapt/old/m2,0,trial_position,0.0009748323520447233,0.0004080815787737782,0.00019129842620273287,0.0006497612150669602,m2
0.2500177116542685,ridge,Q1,io,3529,support,recording_causal_fixed_window,0.3465406214423622,session_iteration_b_m2_old,0.3347809492554742,/home/xinyuan/Work_host/SSM/results/cross_session_iteration_b/official_20261003/adapt/old/m2,0,query_quartile,0.6650976605374601,0.27912902364374786,0.2943648227929093,0.9998349109688534,m2
0.2500177116542685,ridge,Q2,io,3529,support,recording_causal_fixed_window,0.4065445395162059,session_iteration_b_m2_old,0.3130555716585277,/home/xinyuan/Work_host/SSM/results/cross_session_iteration_b/official_20261003/adapt/old/m2,0,query_quartile,0.5901726087855296,0.24768438358130437,0.2530956259225901,0.859660608254631,m2
0.2500177116542685,ridge,Q3,io,3529,support,recording_causal_fixed_window,0.4760762662922517,session_iteration_b_m2_old,0.2923788792819719,/home/xinyuan/Work_host/SSM/results/cross_session_iteration_b/official_20261003/adapt/old/m2,0,query_quartile,0.5112199071738819,0.21454941435424882,0.21270935872902333,0.7224852505446784,m2
0.2499468650371945,ridge,Q4,io,3528,support,recording_causal_fixed_window,0.28462418027396136,session_iteration_b_m2_old,0.2432118125752616,/home/xinyuan/Work_host/SSM/results/cross_session_iteration_b/official_20261003/adapt/old/m2,0,query_quartile,0.6162704976002931,0.25863717842069883,0.23983019255547727,0.8146034466558709,m2
0.16436415161176055,ridge,"[0,10)",io,2320,support,recording_causal_fixed_window,0.3108099707880674,session_iteration_b_m2_old,0.272659686283366,/home/xinyuan/Work_host/SSM/results/cross_session_iteration_b/official_20261003/adapt/old/m2,0,trial_position,0.29786236153075035,0.125007250945843,0.12216793955578938,0.41495369524823955,m2
0.24654622741764082,ridge,"[10,25)",io,3480,support,recording_causal_fixed_window,0.3704807600195722,session_iteration_b_m2_old,0.31653621390468134,/home/xinyuan/Work_host/SSM/results/cross_session_iteration_b/official_20261003/adapt/old/m2,0,trial_position,1.8963585576131012,0.7958661472922106,0.824531006353259,2.800589002131704,m2
0.41091037902940136,ridge,"[25,50)",io,5800,support,recording_causal_fixed_window,0.744224316441565,session_iteration_b_m2_old,-0.0436173749272557,/home/xinyuan/Work_host/SSM/results/cross_session_iteration_b/official_20261003/adapt/old/m2,0,trial_position,0.1259648964801419,0.05286510636569506,0.03658386286855986,0.12426017119517169,m2
0.1756996103436061,ridge,"[50,128)",io,2480,support,recording_causal_fixed_window,0.2979547456878862,session_iteration_b_m2_old,-0.11447526073123537,/home/xinyuan/Work_host/SSM/results/cross_session_iteration_b/official_20261003/adapt/old/m2,0,trial_position,0.061599658046568584,0.02585222205327393,0.016525892796189084,0.056131586633851475,m2
0.002479631597591215,ridge,"[128,1000000000)",io,35,support,recording_causal_fixed_window,0.24008708738735368,session_iteration_b_m2_old,-0.5298363937977484,/home/xinyuan/Work_host/SSM/results/cross_session_iteration_b/official_20261003/adapt/old/m2,0,trial_position,0.0009752004266026543,0.0004092733429773263,0.00019129842620273287,0.0006497612150669602,m2
0.2500177116542685,zero,Q1,io,3529,support,recording_causal_fixed_window,0.35649629099713576,session_iteration_b_m2_old,0.33337125258994316,/home/xinyuan/Work_host/SSM/results/cross_session_iteration_b/official_20261003/adapt/old/m2,1,query_quartile,0.666507099959351,0.2789246214988434,0.2943648227929093,0.9998349109688534,m2
0.2500177116542685,zero,Q2,io,3529,support,recording_causal_fixed_window,0.4203428484121721,session_iteration_b_m2_old,0.3122860938388261,/home/xinyuan/Work_host/SSM/results/cross_session_iteration_b/official_20261003/adapt/old/m2,1,query_quartile,0.5908336880715969,0.24725627502570727,0.2530956259225901,0.859660608254631,m2
0.2500177116542685,zero,Q3,io,3529,support,recording_causal_fixed_window,0.4918439773987688,session_iteration_b_m2_old,0.2857426144297681,/home/xinyuan/Work_host/SSM/results/cross_session_iteration_b/official_20261003/adapt/old/m2,1,query_quartile,0.5160142676054676,0.21594531294360692,0.21270935872902333,0.7224852505446784,m2
0.2499468650371945,zero,Q4,io,3528,support,recording_causal_fixed_window,0.28855010162892913,session_iteration_b_m2_old,0.24329239464574892,/home/xinyuan/Work_host/SSM/results/cross_session_iteration_b/official_20261003/adapt/old/m2,1,query_quartile,0.6162048777168143,0.2578737905318425,0.23983019255547727,0.8146034466558709,m2
0.16436415161176055,zero,"[0,10)",io,2320,support,recording_causal_fixed_window,0.31753849091518105,session_iteration_b_m2_old,0.2801270893941673,/home/xinyuan/Work_host/SSM/results/cross_session_iteration_b/official_20261003/adapt/old/m2,1,trial_position,0.2948042905244567,0.12337179177203678,0.12216793955578938,0.41495369524823955,m2
0.24654622741764082,zero,"[10,25)",io,3480,support,recording_causal_fixed_window,0.3818561635731423,session_iteration_b_m2_old,0.3132295713623444,/home/xinyuan/Work_host/SSM/results/cross_session_iteration_b/official_20261003/adapt/old/m2,1,trial_position,1.905533264466192,0.7974410843892034,0.824531006353259,2.800589002131704,m2
0.41091037902940136,zero,"[25,50)",io,5800,support,recording_causal_fixed_window,0.7575281448340075,session_iteration_b_m2_old,-0.05083184486452108,/home/xinyuan/Work_host/SSM/results/cross_session_iteration_b/official_20261003/adapt/old/m2,1,trial_position,0.12683568493253813,0.05307909760378001,0.03658386286855986,0.12426017119517169,m2
0.1756996103436061,zero,"[50,128)",io,2480,support,recording_causal_fixed_window,0.2946779037463016,session_iteration_b_m2_old,-0.11047851437452438,/home/xinyuan/Work_host/SSM/results/cross_session_iteration_b/official_20261003/adapt/old/m2,1,trial_position,0.06137874851403152,0.02568621429298061,0.016525892796189084,0.056131586633851475,m2
0.002479631597591215,zero,"[128,1000000000)",io,35,support,recording_causal_fixed_window,0.2601541739087595,session_iteration_b_m2_old,-0.5812040001144991,/home/xinyuan/Work_host/SSM/results/cross_session_iteration_b/official_20261003/adapt/old/m2,1,trial_position,0.0010079449160112879,0.0004218119419992348,0.00019129842620273287,0.0006497612150669602,m2
0.2500177116542685,ridge,Q1,io,3529,support,recording_causal_fixed_window,0.3475014913866622,session_iteration_b_m2_old,0.33422496170422555,/home/xinyuan/Work_host/SSM/results/cross_session_iteration_b/official_20261003/adapt/old/m2,1,query_quartile,0.6656535466312357,0.279212862120086,0.2943648227929093,0.9998349109688534,m2
0.2500177116542685,ridge,Q2,io,3529,support,recording_causal_fixed_window,0.4077637482017453,session_iteration_b_m2_old,0.3138227631708651,/home/xinyuan/Work_host/SSM/results/cross_session_iteration_b/official_20261003/adapt/old/m2,1,query_quartile,0.5895134937281916,0.24727540426288167,0.2530956259225901,0.859660608254631,m2
0.2500177116542685,ridge,Q3,io,3529,support,recording_causal_fixed_window,0.47780548668627265,session_iteration_b_m2_old,0.28906611209675837,/home/xinyuan/Work_host/SSM/results/cross_session_iteration_b/official_20261003/adapt/old/m2,1,query_quartile,0.5136132112787609,0.21543851973687045,0.21270935872902333,0.7224852505446784,m2
0.2499468650371945,ridge,Q4,io,3528,support,recording_causal_fixed_window,0.2820014310383626,session_iteration_b_m2_old,0.2444577985340236,/home/xinyuan/Work_host/SSM/results/cross_session_iteration_b/official_20261003/adapt/old/m2,1,query_quartile,0.6152558618018377,0.25807321388016186,0.23983019255547727,0.8146034466558709,m2
0.16436415161176055,ridge,"[0,10)",io,2320,support,recording_causal_fixed_window,0.30931934383869003,session_iteration_b_m2_old,0.2763843617722277,/home/xinyuan/Work_host/SSM/results/cross_session_iteration_b/official_20261003/adapt/old/m2,1,trial_position,0.2963370224066491,0.12430055934809309,0.12216793955578938,0.41495369524823955,m2
0.24654622741764082,ridge,"[10,25)",io,3480,support,recording_causal_fixed_window,0.371375752782055,session_iteration_b_m2_old,0.315510992625603,/home/xinyuan/Work_host/SSM/results/cross_session_iteration_b/official_20261003/adapt/old/m2,1,trial_position,1.8992031664798483,0.7966335559151444,0.824531006353259,2.800589002131704,m2
0.41091037902940136,ridge,"[25,50)",io,5800,support,recording_causal_fixed_window,0.737806900635409,session_iteration_b_m2_old,-0.04158418349054793,/home/xinyuan/Work_host/SSM/results/cross_session_iteration_b/official_20261003/adapt/old/m2,1,trial_position,0.12571948972954322,0.05273388646287631,0.03658386286855986,0.12426017119517169,m2
0.1756996103436061,ridge,"[50,128)",io,2480,support,recording_causal_fixed_window,0.2939957062277156,session_iteration_b_m2_old,-0.11768023648878656,/home/xinyuan/Work_host/SSM/results/cross_session_iteration_b/official_20261003/adapt/old/m2,1,trial_position,0.06177680456356095,0.025912696630430068,0.016525892796189084,0.056131586633851475,m2
0.002479631597591215,ridge,"[128,1000000000)",io,35,support,recording_causal_fixed_window,0.2548859481698596,session_iteration_b_m2_old,-0.5681604632459032,/home/xinyuan/Work_host/SSM/results/cross_session_iteration_b/official_20261003/adapt/old/m2,1,trial_position,0.0009996302604244345,0.0004193016434562419,0.00019129842620273287,0.0006497612150669602,m2
0.2500177116542685,zero,Q1,io,3529,support,recording_causal_fixed_window,0.3532010431779034,session_iteration_b_m2_old,0.3350588474996987,/home/xinyuan/Work_host/SSM/results/cross_session_iteration_b/official_20261003/adapt/old/m2,2,query_quartile,0.6648198130045395,0.2780422615823861,0.2943648227929093,0.9998349109688534,m2
0.2500177116542685,zero,Q2,io,3529,support,recording_causal_fixed_window,0.41735496279737155,session_iteration_b_m2_old,0.30929211399674994,/home/xinyuan/Work_host/SSM/results/cross_session_iteration_b/official_20261003/adapt/old/m2,2,query_quartile,0.5934058974398503,0.24817539208834444,0.2530956259225901,0.859660608254631,m2
0.2500177116542685,zero,Q3,io,3529,support,recording_causal_fixed_window,0.48792789917529245,session_iteration_b_m2_old,0.2857490523980023,/home/xinyuan/Work_host/SSM/results/cross_session_iteration_b/official_20261003/adapt/old/m2,2,query_quartile,0.5160096165041556,0.2158065658763625,0.21270935872902333,0.7224852505446784,m2
0.2499468650371945,zero,Q4,io,3528,support,recording_causal_fixed_window,0.28856080745121,session_iteration_b_m2_old,0.24251324465309643,/home/xinyuan/Work_host/SSM/results/cross_session_iteration_b/official_20261003/adapt/old/m2,2,query_quartile,0.6168393579606342,0.2579757804529069,0.23983019255547727,0.8146034466558709,m2
0.16436415161176055,zero,"[0,10)",io,2320,support,recording_causal_fixed_window,0.3182369335103081,session_iteration_b_m2_old,0.27981039676817454,/home/xinyuan/Work_host/SSM/results/cross_session_iteration_b/official_20261003/adapt/old/m2,2,trial_position,0.2949339833404311,0.12334787583250817,0.12216793955578938,0.41495369524823955,m2
0.24654622741764082,zero,"[10,25)",io,3480,support,recording_causal_fixed_window,0.37890966107883395,session_iteration_b_m2_old,0.313010032026523,/home/xinyuan/Work_host/SSM/results/cross_session_iteration_b/official_20261003/adapt/old/m2,2,trial_position,1.9061424047113484,0.7971906593891063,0.824531006353259,2.800589002131704,m2
0.41091037902940136,zero,"[25,50)",io,5800,support,recording_causal_fixed_window,0.758732278747231,session_iteration_b_m2_old,-0.05872811775288267,/home/xinyuan/Work_host/SSM/results/cross_session_iteration_b/official_20261003/adapt/old/m2,2,trial_position,0.1277887671836177,0.0534440718184725,0.03658386286855986,0.12426017119517169,m2
0.1756996103436061,zero,"[50,128)",io,2480,support,recording_causal_fixed_window,0.2992856966604613,session_iteration_b_m2_old,-0.10728448174497296,/home/xinyuan/Work_host/SSM/results/cross_session_iteration_b/official_20261003/adapt/old/m2,2,trial_position,0.0612022068493553,0.02559610840916914,0.016525892796189084,0.056131586633851475,m2
0.002479631597591215,zero,"[128,1000000000)",io,35,support,recording_causal_fixed_window,0.25965437843335404,session_iteration_b_m2_old,-0.5802280998587703,/home/xinyuan/Work_host/SSM/results/cross_session_iteration_b/official_20261003/adapt/old/m2,2,trial_position,0.0010073228244271376,0.00042128455074392574,0.00019129842620273287,0.0006497612150669602,m2
0.2500177116542685,ridge,Q1,io,3529,support,recording_causal_fixed_window,0.34532807716599223,session_iteration_b_m2_old,0.33661174829382734,/home/xinyuan/Work_host/SSM/results/cross_session_iteration_b/official_20261003/adapt/old/m2,2,query_quartile,0.6632671955861632,0.27852976643270183,0.2943648227929093,0.9998349109688534,m2
0.2500177116542685,ridge,Q2,io,3529,support,recording_causal_fixed_window,0.40573805357154163,session_iteration_b_m2_old,0.31191812259494767,/home/xinyuan/Work_host/SSM/results/cross_session_iteration_b/official_20261003/adapt/old/m2,2,query_quartile,0.5911498221575551,0.24824508582361732,0.2530956259225901,0.859660608254631,m2
0.2500177116542685,ridge,Q3,io,3529,support,recording_causal_fixed_window,0.474736284570291,session_iteration_b_m2_old,0.291221869060877,/home/xinyuan/Work_host/SSM/results/cross_session_iteration_b/official_20261003/adapt/old/m2,2,query_quartile,0.5120557876196594,0.21503065412450237,0.21270935872902333,0.7224852505446784,m2
0.2499468650371945,ridge,Q4,io,3528,support,recording_causal_fixed_window,0.2814147487816771,session_iteration_b_m2_old,0.24496541317058695,/home/xinyuan/Work_host/SSM/results/cross_session_iteration_b/official_20261003/adapt/old/m2,2,query_quartile,0.6148424992125925,0.2581944936191785,0.23983019255547727,0.8146034466558709,m2
0.16436415161176055,ridge,"[0,10)",io,2320,support,recording_causal_fixed_window,0.3097321719182775,session_iteration_b_m2_old,0.27520864748966356,/home/xinyuan/Work_host/SSM/results/cross_session_iteration_b/official_20261003/adapt/old/m2,2,trial_position,0.2968185040818508,0.12464477237074824,0.12216793955578938,0.41495369524823955,m2
0.24654622741764082,ridge,"[10,25)",io,3480,support,recording_causal_fixed_window,0.3692400644579569,session_iteration_b_m2_old,0.31680440770794693,/home/xinyuan/Work_host/SSM/results/cross_session_iteration_b/official_20261003/adapt/old/m2,2,trial_position,1.8956144192633182,0.7960367178679271,0.824531006353259,2.800589002131704,m2
0.41091037902940136,ridge,"[25,50)",io,5800,support,recording_causal_fixed_window,0.7382517016947027,session_iteration_b_m2_old,-0.04622190164704265,/home/xinyuan/Work_host/SSM/results/cross_session_iteration_b/official_20261003/adapt/old/m2,2,trial_position,0.12627926355232733,0.053029207560068695,0.03658386286855986,0.12426017119517169,m2
0.1756996103436061,ridge,"[50,128)",io,2480,support,recording_causal_fixed_window,0.2968704288915763,session_iteration_b_m2_old,-0.11466590397302978,/home/xinyuan/Work_host/SSM/results/cross_session_iteration_b/official_20261003/adapt/old/m2,2,trial_position,0.061610195345077765,0.025872338378158794,0.016525892796189084,0.056131586633851475,m2
0.002479631597591215,ridge,"[128,1000000000)",io,35,support,recording_causal_fixed_window,0.2516753833238401,session_iteration_b_m2_old,-0.5576374665212034,/home/xinyuan/Work_host/SSM/results/cross_session_iteration_b/official_20261003/adapt/old/m2,2,trial_position,0.0009929223333959823,0.0004169638230972473,0.00019129842620273287,0.0006497612150669602,m2
0.2500177116542685,zero,Q1,lora,3529,support,recording_causal_fixed_window,0.3472571470546294,session_iteration_b_m2_old,0.3688961022614152,/home/xinyuan/Work_host/SSM/results/cross_session_iteration_b/official_20261003/adapt/old/m2,0,query_quartile,0.6309887329177025,0.2755690840676107,0.2943648227929093,0.9998349109688534,m2
0.2500177116542685,zero,Q2,lora,3529,support,recording_causal_fixed_window,0.42282808753938406,session_iteration_b_m2_old,0.3356694098938987,/home/xinyuan/Work_host/SSM/results/cross_session_iteration_b/official_20261003/adapt/old/m2,0,query_quartile,0.57074444639655,0.2492588474645334,0.2530956259225901,0.859660608254631,m2
0.2500177116542685,zero,Q3,lora,3529,support,recording_causal_fixed_window,0.5143971494553563,session_iteration_b_m2_old,0.2591319256854723,/home/xinyuan/Work_host/SSM/results/cross_session_iteration_b/official_20261003/adapt/old/m2,0,query_quartile,0.5352391231551268,0.2337527553669435,0.21270935872902333,0.7224852505446784,m2
0.2499468650371945,zero,Q4,lora,3528,support,recording_causal_fixed_window,0.2908336226230546,session_iteration_b_m2_old,0.32116208829406356,/home/xinyuan/Work_host/SSM/results/cross_session_iteration_b/official_20261003/adapt/old/m2,0,query_quartile,0.5527937467688941,0.24141931310091252,0.23983019255547727,0.8146034466558709,m2
0.16436415161176055,zero,"[0,10)",lora,2320,support,recording_causal_fixed_window,0.3369486607091753,session_iteration_b_m2_old,0.3389858318964285,/home/xinyuan/Work_host/SSM/results/cross_session_iteration_b/official_20261003/adapt/old/m2,0,trial_position,0.2707002999882136,0.11822181575199192,0.12216793955578938,0.41495369524823955,m2
0.24654622741764082,zero,"[10,25)",lora,3480,support,recording_causal_fixed_window,0.3870436592732859,session_iteration_b_m2_old,0.3344997733478039,/home/xinyuan/Work_host/SSM/results/cross_session_iteration_b/official_20261003/adapt/old/m2,0,trial_position,1.8465163415832293,0.8064213993379377,0.824531006353259,2.800589002131704,m2
0.41091037902940136,zero,"[25,50)",lora,5800,support,recording_causal_fixed_window,0.6325132082074678,session_iteration_b_m2_old,0.10608155469578551,/home/xinyuan/Work_host/SSM/results/cross_session_iteration_b/official_20261003/adapt/old/m2,0,trial_position,0.10789619560740218,0.04712105660021274,0.03658386286855986,0.12426017119517169,m2
0.1756996103436061,zero,"[50,128)",lora,2480,support,recording_causal_fixed_window,0.2457488986217036,session_iteration_b_m2_old,-0.1536119590053604,/home/xinyuan/Work_host/SSM/results/cross_session_iteration_b/official_20261003/adapt/old/m2,0,trial_position,0.06376283502833133,0.027846877653524053,0.016525892796189084,0.056131586633851475,m2
0.002479631597591215,zero,"[128,1000000000)",lora,35,support,recording_causal_fixed_window,0.14116848502664553,session_iteration_b_m2_old,-0.39677049888015725,/home/xinyuan/Work_host/SSM/results/cross_session_iteration_b/official_20261003/adapt/old/m2,0,trial_position,0.000890377031097099,0.0003888506563337757,0.00019129842620273287,0.0006497612150669602,m2
0.2500177116542685,ridge,Q1,lora,3529,support,recording_causal_fixed_window,0.3365252990746593,session_iteration_b_m2_old,0.3721533273278459,/home/xinyuan/Work_host/SSM/results/cross_session_iteration_b/official_20261003/adapt/old/m2,0,query_quartile,0.6277321022347684,0.2767960055797553,0.2943648227929093,0.9998349109688534,m2
0.2500177116542685,ridge,Q2,lora,3529,support,recording_causal_fixed_window,0.40797438085863674,session_iteration_b_m2_old,0.34372285229782673,/home/xinyuan/Work_host/SSM/results/cross_session_iteration_b/official_20261003/adapt/old/m2,0,query_quartile,0.5638255153780607,0.24861664704575961,0.2530956259225901,0.859660608254631,m2
0.2500177116542685,ridge,Q3,lora,3529,support,recording_causal_fixed_window,0.4972091253439708,session_iteration_b_m2_old,0.2695781897248102,/home/xinyuan/Work_host/SSM/results/cross_session_iteration_b/official_20261003/adapt/old/m2,0,query_quartile,0.5276922340415213,0.23268381852410613,0.21270935872902333,0.7224852505446784,m2
0.2499468650371945,ridge,Q4,lora,3528,support,recording_causal_fixed_window,0.2782365560090241,session_iteration_b_m2_old,0.3263106351290166,/home/xinyuan/Work_host/SSM/results/cross_session_iteration_b/official_20261003/adapt/old/m2,0,query_quartile,0.548601163464057,0.24190352885037902,0.23983019255547727,0.8146034466558709,m2
0.16436415161176055,ridge,"[0,10)",lora,2320,support,recording_causal_fixed_window,0.3230467844856542,session_iteration_b_m2_old,0.33605137753962,/home/xinyuan/Work_host/SSM/results/cross_session_iteration_b/official_20261003/adapt/old/m2,0,trial_position,0.2719020256289344,0.11989413052988318,0.12216793955578938,0.41495369524823955,m2
0.24654622741764082,ridge,"[10,25)",lora,3480,support,recording_causal_fixed_window,0.3742594766718024,session_iteration_b_m2_old,0.3423833530163368,/home/xinyuan/Work_host/SSM/results/cross_session_iteration_b/official_20261003/adapt/old/m2,0,trial_position,1.8246423314700406,0.8045688712822142,0.824531006353259,2.800589002131704,m2
0.41091037902940136,ridge,"[25,50)",lora,5800,support,recording_causal_fixed_window,0.604047503638711,session_iteration_b_m2_old,0.1125942607820013,/home/xinyuan/Work_host/SSM/results/cross_session_iteration_b/official_20261003/adapt/old/m2,0,trial_position,0.10711011023965622,0.04722978252346258,0.03658386286855986,0.12426017119517169,m2
0.1756996103436061,ridge,"[50,128)",lora,2480,support,recording_causal_fixed_window,0.23488304925632664,session_iteration_b_m2_old,-0.14594510376757586,/home/xinyuan/Work_host/SSM/results/cross_session_iteration_b/official_20261003/adapt/old/m2,0,trial_position,0.06333906998160413,0.027929114196373752,0.016525892796189084,0.056131586633851475,m2
0.002479631597591215,ridge,"[128,1000000000)",lora,35,support,recording_causal_fixed_window,0.12841471175154814,session_iteration_b_m2_old,-0.34516014014335306,/home/xinyuan/Work_host/SSM/results/cross_session_iteration_b/official_20261003/adapt/old/m2,0,trial_position,0.0008574777981717373,0.0003781014680662201,0.00019129842620273287,0.0006497612150669602,m2
0.2500177116542685,zero,Q1,lora,3529,support,recording_causal_fixed_window,0.3075398080114622,session_iteration_b_m2_old,0.3629351028608142,/home/xinyuan/Work_host/SSM/results/cross_session_iteration_b/official_20261003/adapt/old/m2,1,query_quartile,0.6369486445458612,0.2868120015254524,0.2943648227929093,0.9998349109688534,m2
0.2500177116542685,zero,Q2,lora,3529,support,recording_causal_fixed_window,0.38208196222536006,session_iteration_b_m2_old,0.38501644713143013,/home/xinyuan/Work_host/SSM/results/cross_session_iteration_b/official_20261003/adapt/old/m2,1,query_quartile,0.5283490669440599,0.23791063014566194,0.2530956259225901,0.859660608254631,m2
0.2500177116542685,zero,Q3,lora,3529,support,recording_causal_fixed_window,0.4211000282562031,session_iteration_b_m2_old,0.2896974454144289,/home/xinyuan/Work_host/SSM/results/cross_session_iteration_b/official_20261003/adapt/old/m2,1,query_quartile,0.5131571053901636,0.23106983232360612,0.21270935872902333,0.7224852505446784,m2
0.2499468650371945,zero,Q4,lora,3528,support,recording_causal_fixed_window,0.25964726217689316,session_iteration_b_m2_old,0.33400782520221206,/home/xinyuan/Work_host/SSM/results/cross_session_iteration_b/official_20261003/adapt/old/m2,1,query_quartile,0.5423331597671786,0.2442075360052796,0.23983019255547727,0.8146034466558709,m2
0.16436415161176055,zero,"[0,10)",lora,2320,support,recording_causal_fixed_window,0.3199757826840779,session_iteration_b_m2_old,0.3659538652249269,/home/xinyuan/Work_host/SSM/results/cross_session_iteration_b/official_20261003/adapt/old/m2,1,trial_position,0.259656278446193,0.11692078720553847,0.12216793955578938,0.41495369524823955,m2
0.24654622741764082,zero,"[10,25)",lora,3480,support,recording_causal_fixed_window,0.3357994377469192,session_iteration_b_m2_old,0.3484826987208486,/home/xinyuan/Work_host/SSM/results/cross_session_iteration_b/official_20261003/adapt/old/m2,1,trial_position,1.8077189089597243,0.8139988724582562,0.824531006353259,2.800589002131704,m2
0.41091037902940136,zero,"[25,50)",lora,5800,support,recording_causal_fixed_window,0.5217223084354388,session_iteration_b_m2_old,0.1811457957911875,/home/xinyuan/Work_host/SSM/results/cross_session_iteration_b/official_20261003/adapt/old/m2,1,trial_position,0.09883592161608251,0.04450488865006181,0.03658386286855986,0.12426017119517169,m2
0.1756996103436061,zero,"[50,128)",lora,2480,support,recording_causal_fixed_window,0.19478941814694115,session_iteration_b_m2_old,0.03029836536834496,/home/xinyuan/Work_host/SSM/results/cross_session_iteration_b/official_20261003/adapt/old/m2,1,trial_position,0.05359768063520407,0.02413453296704209,0.016525892796189084,0.056131586633851475,m2
0.002479631597591215,zero,"[128,1000000000)",lora,35,support,recording_causal_fixed_window,0.13725916910803623,session_iteration_b_m2_old,-0.5360902773028642,/home/xinyuan/Work_host/SSM/results/cross_session_iteration_b/official_20261003/adapt/old/m2,1,trial_position,0.0009791869900592682,0.00044091871910147525,0.00019129842620273287,0.0006497612150669602,m2
0.2500177116542685,ridge,Q1,lora,3529,support,recording_causal_fixed_window,0.29910888456811735,session_iteration_b_m2_old,0.36628065234509244,/home/xinyuan/Work_host/SSM/results/cross_session_iteration_b/official_20261003/adapt/old/m2,1,query_quartile,0.6336037055626565,0.28696561223909,0.2943648227929093,0.9998349109688534,m2
0.2500177116542685,ridge,Q2,lora,3529,support,recording_causal_fixed_window,0.36849714642455206,session_iteration_b_m2_old,0.38751465912102667,/home/xinyuan/Work_host/SSM/results/cross_session_iteration_b/official_20261003/adapt/old/m2,1,query_quartile,0.5262027851978652,0.23832263462241904,0.2530956259225901,0.859660608254631,m2
0.2500177116542685,ridge,Q3,lora,3529,support,recording_causal_fixed_window,0.40695153096761144,session_iteration_b_m2_old,0.2952681853060273,/home/xinyuan/Work_host/SSM/results/cross_session_iteration_b/official_20261003/adapt/old/m2,1,query_quartile,0.5091325320035143,0.23059134199267797,0.21270935872902333,0.7224852505446784,m2
0.2499468650371945,ridge,Q4,lora,3528,support,recording_causal_fixed_window,0.25012619598183494,session_iteration_b_m2_old,0.3380961441171303,/home/xinyuan/Work_host/SSM/results/cross_session_iteration_b/official_20261003/adapt/old/m2,1,query_quartile,0.539003945101951,0.24412041114581282,0.23983019255547727,0.8146034466558709,m2
0.16436415161176055,ridge,"[0,10)",lora,2320,support,recording_causal_fixed_window,0.30323549989094156,session_iteration_b_m2_old,0.3662251778129604,/home/xinyuan/Work_host/SSM/results/cross_session_iteration_b/official_20261003/adapt/old/m2,1,trial_position,0.2595451697854181,0.11755066755020067,0.12216793955578938,0.41495369524823955,m2
0.24654622741764082,ridge,"[10,25)",lora,3480,support,recording_causal_fixed_window,0.3259132291771546,session_iteration_b_m2_old,0.3531973641197098,/home/xinyuan/Work_host/SSM/results/cross_session_iteration_b/official_20261003/adapt/old/m2,1,trial_position,1.794637460816741,0.8128096997683265,0.824531006353259,2.800589002131704,m2
0.41091037902940136,ridge,"[25,50)",lora,5800,support,recording_causal_fixed_window,0.504296809488868,session_iteration_b_m2_old,0.18004550459295576,/home/xinyuan/Work_host/SSM/results/cross_session_iteration_b/official_20261003/adapt/old/m2,1,trial_position,0.09896872705820436,0.044823950844101394,0.03658386286855986,0.12426017119517169,m2
0.1756996103436061,ridge,"[50,128)",lora,2480,support,recording_causal_fixed_window,0.18674362954436707,session_iteration_b_m2_old,0.026468271699385926,/home/xinyuan/Work_host/SSM/results/cross_session_iteration_b/official_20261003/adapt/old/m2,1,trial_position,0.053809378883345894,0.024370819204335484,0.016525892796189084,0.056131586633851475,m2
0.002479631597591215,ridge,"[128,1000000000)",lora,35,support,recording_causal_fixed_window,0.14069610970775556,session_iteration_b_m2_old,-0.5408660445146529,/home/xinyuan/Work_host/SSM/results/cross_session_iteration_b/official_20261003/adapt/old/m2,1,trial_position,0.0009822313222775192,0.00044486263303569913,0.00019129842620273287,0.0006497612150669602,m2
0.2500177116542685,zero,Q1,lora,3529,support,recording_causal_fixed_window,0.3728094723272865,session_iteration_b_m2_old,0.35885439812024034,/home/xinyuan/Work_host/SSM/results/cross_session_iteration_b/official_20261003/adapt/old/m2,2,query_quartile,0.6410286046330869,0.28144423399846574,0.2943648227929093,0.9998349109688534,m2
0.2500177116542685,zero,Q2,lora,3529,support,recording_causal_fixed_window,0.4594235655368445,session_iteration_b_m2_old,0.36469607381299096,/home/xinyuan/Work_host/SSM/results/cross_session_iteration_b/official_20261003/adapt/old/m2,2,query_quartile,0.5458068513558112,0.23963703036134668,0.2530956259225901,0.859660608254631,m2
0.2500177116542685,zero,Q3,lora,3529,support,recording_causal_fixed_window,0.5295672629878888,session_iteration_b_m2_old,0.2844331809573124,/home/xinyuan/Work_host/SSM/results/cross_session_iteration_b/official_20261003/adapt/old/m2,2,query_quartile,0.5169602660199298,0.2269719089382933,0.21270935872902333,0.7224852505446784,m2
0.2499468650371945,zero,Q4,lora,3528,support,recording_causal_fixed_window,0.3025292913097158,session_iteration_b_m2_old,0.2953119388037041,/home/xinyuan/Work_host/SSM/results/cross_session_iteration_b/official_20261003/adapt/old/m2,2,query_quartile,0.5738441341218945,0.2519468267018943,0.23983019255547727,0.8146034466558709,m2
0.16436415161176055,zero,"[0,10)",lora,2320,support,recording_causal_fixed_window,0.3793069198098332,session_iteration_b_m2_old,0.37271460281502333,/home/xinyuan/Work_host/SSM/results/cross_session_iteration_b/official_20261003/adapt/old/m2,2,trial_position,0.25688760300458896,0.1127867526172431,0.12216793955578938,0.41495369524823955,m2
0.24654622741764082,zero,"[10,25)",lora,3480,support,recording_causal_fixed_window,0.40886320729921144,session_iteration_b_m2_old,0.33346837581906186,/home/xinyuan/Work_host/SSM/results/cross_session_iteration_b/official_20261003/adapt/old/m2,2,trial_position,1.849378087252455,0.8119712527309726,0.824531006353259,2.800589002131704,m2
0.41091037902940136,zero,"[25,50)",lora,5800,support,recording_causal_fixed_window,0.6178807462011003,session_iteration_b_m2_old,0.06388654292100959,/home/xinyuan/Work_host/SSM/results/cross_session_iteration_b/official_20261003/adapt/old/m2,2,trial_position,0.11298914482220276,0.049607994221768606,0.03658386286855986,0.12426017119517169,m2
0.1756996103436061,zero,"[50,128)",lora,2480,support,recording_causal_fixed_window,0.18572709652891958,session_iteration_b_m2_old,-0.03896227724022805,/home/xinyuan/Work_host/SSM/results/cross_session_iteration_b/official_20261003/adapt/old/m2,2,trial_position,0.05742587857830994,0.025212887991811664,0.016525892796189084,0.056131586633851475,m2
0.002479631597591215,zero,"[128,1000000000)",lora,35,support,recording_causal_fixed_window,0.34184153403352086,session_iteration_b_m2_old,-0.5046456320757713,/home/xinyuan/Work_host/SSM/results/cross_session_iteration_b/official_20261003/adapt/old/m2,2,trial_position,0.0009591424731657291,0.0004211124382039617,0.00019129842620273287,0.0006497612150669602,m2
0.2500177116542685,ridge,Q1,lora,3529,support,recording_causal_fixed_window,0.3742457835922162,session_iteration_b_m2_old,0.36383737605930455,/home/xinyuan/Work_host/SSM/results/cross_session_iteration_b/official_20261003/adapt/old/m2,2,query_quartile,0.6360465359955875,0.28253610290203185,0.2943648227929093,0.9998349109688534,m2
0.2500177116542685,ridge,Q2,lora,3529,support,recording_causal_fixed_window,0.4586412314982198,session_iteration_b_m2_old,0.3729761615586643,/home/xinyuan/Work_host/SSM/results/cross_session_iteration_b/official_20261003/adapt/old/m2,2,query_quartile,0.5386932031708549,0.2392911047702989,0.2530956259225901,0.859660608254631,m2
0.2500177116542685,ridge,Q3,lora,3529,support,recording_causal_fixed_window,0.5300600115819842,session_iteration_b_m2_old,0.2942360531735415,/home/xinyuan/Work_host/SSM/results/cross_session_iteration_b/official_20261003/adapt/old/m2,2,query_quartile,0.5098781944456204,0.22649128618851472,0.21270935872902333,0.7224852505446784,m2
0.2499468650371945,ridge,Q4,lora,3528,support,recording_causal_fixed_window,0.29763544401461356,session_iteration_b_m2_old,0.30422437102371414,/home/xinyuan/Work_host/SSM/results/cross_session_iteration_b/official_20261003/adapt/old/m2,2,query_quartile,0.5665865300388488,0.2516815061391544,0.23983019255547727,0.8146034466558709,m2
0.16436415161176055,ridge,"[0,10)",lora,2320,support,recording_causal_fixed_window,0.3747317803202812,session_iteration_b_m2_old,0.3702561888250575,/home/xinyuan/Work_host/SSM/results/cross_session_iteration_b/official_20261003/adapt/old/m2,2,trial_position,0.2578943793139202,0.1145583990605978,0.12216793955578938,0.41495369524823955,m2
0.24654622741764082,ridge,"[10,25)",lora,3480,support,recording_causal_fixed_window,0.40887419612038006,session_iteration_b_m2_old,0.34264442116377547,/home/xinyuan/Work_host/SSM/results/cross_session_iteration_b/official_20261003/adapt/old/m2,2,trial_position,1.8239179641727712,0.8101964941979616,0.824531006353259,2.800589002131704,m2
0.41091037902940136,ridge,"[25,50)",lora,5800,support,recording_causal_fixed_window,0.6082329473503106,session_iteration_b_m2_old,0.08039631461776675,/home/xinyuan/Work_host/SSM/results/cross_session_iteration_b/official_20261003/adapt/old/m2,2,trial_position,0.11099641095952847,0.049305344206504904,0.03658386286855986,0.12426017119517169,m2
0.1756996103436061,ridge,"[50,128)",lora,2480,support,recording_causal_fixed_window,0.18536355715824246,session_iteration_b_m2_old,-0.03983701926505634,/home/xinyuan/Work_host/SSM/results/cross_session_iteration_b/official_20261003/adapt/old/m2,2,trial_position,0.05747422761889163,0.025530434283913182,0.016525892796189084,0.056131586633851475,m2
0.002479631597591215,ridge,"[128,1000000000)",lora,35,support,recording_causal_fixed_window,0.3161694943931728,session_iteration_b_m2_old,-0.44556547322588935,/home/xinyuan/Work_host/SSM/results/cross_session_iteration_b/official_20261003/adapt/old/m2,2,trial_position,0.0009214815858004266,0.0004093282510225683,0.00019129842620273287,0.0006497612150669602,m2
0.2500177116542685,zero,Q1,affine_lora,3529,support,recording_causal_fixed_window,0.4239777596904419,session_iteration_b_m2_old,0.35179690643880634,/home/xinyuan/Work_host/SSM/results/cross_session_iteration_b/official_20261003/adapt/old/m2,0,query_quartile,0.6480848084524615,0.269723742239109,0.2943648227929093,0.9998349109688534,m2
0.2500177116542685,zero,Q2,affine_lora,3529,support,recording_causal_fixed_window,0.5159619943902014,session_iteration_b_m2_old,0.2992865181833042,/home/xinyuan/Work_host/SSM/results/cross_session_iteration_b/official_20261003/adapt/old/m2,0,query_quartile,0.6020019764530125,0.25054471854073246,0.2530956259225901,0.859660608254631,m2
0.2500177116542685,zero,Q3,affine_lora,3529,support,recording_causal_fixed_window,0.589854500568436,session_iteration_b_m2_old,0.21012648893590613,/home/xinyuan/Work_host/SSM/results/cross_session_iteration_b/official_20261003/adapt/old/m2,0,query_quartile,0.5706430336555761,0.2374935695341945,0.21270935872902333,0.7224852505446784,m2
0.2499468650371945,zero,Q4,affine_lora,3528,support,recording_causal_fixed_window,0.33562408711099795,session_iteration_b_m2_old,0.2852439340865095,/home/xinyuan/Work_host/SSM/results/cross_session_iteration_b/official_20261003/adapt/old/m2,0,query_quartile,0.5820427481859184,0.24223796968596417,0.23983019255547727,0.8146034466558709,m2
0.16436415161176055,zero,"[0,10)",affine_lora,2320,support,recording_causal_fixed_window,0.360281334658735,session_iteration_b_m2_old,0.330288490062998,/home/xinyuan/Work_host/SSM/results/cross_session_iteration_b/official_20261003/adapt/old/m2,0,trial_position,0.2742620588082466,0.11414399456855821,0.12216793955578938,0.41495369524823955,m2
0.24654622741764082,zero,"[10,25)",affine_lora,3480,support,recording_causal_fixed_window,0.4672611795888328,session_iteration_b_m2_old,0.2997656196811276,/home/xinyuan/Work_host/SSM/results/cross_session_iteration_b/official_20261003/adapt/old/m2,0,trial_position,1.9428907375458322,0.8086036791140185,0.824531006353259,2.800589002131704,m2
0.41091037902940136,zero,"[25,50)",affine_lora,5800,support,recording_causal_fixed_window,0.703631783480903,session_iteration_b_m2_old,0.011428671350878883,/home/xinyuan/Work_host/SSM/results/cross_session_iteration_b/official_20261003/adapt/old/m2,0,trial_position,0.11932082396117905,0.04965964137118622,0.03658386286855986,0.12426017119517169,m2
0.1756996103436061,zero,"[50,128)",affine_lora,2480,support,recording_causal_fixed_window,0.2363562806121768,session_iteration_b_m2_old,-0.1815773225106645,/home/xinyuan/Work_host/SSM/results/cross_session_iteration_b/official_20261003/adapt/old/m2,0,trial_position,0.06530854617129958,0.027180494348542774,0.016525892796189084,0.056131586633851475,m2
0.002479631597591215,zero,"[128,1000000000)",affine_lora,35,support,recording_causal_fixed_window,0.11368878203002131,session_iteration_b_m2_old,-0.553680988513938,/home/xinyuan/Work_host/SSM/results/cross_session_iteration_b/official_20261003/adapt/old/m2,0,trial_position,0.000990400260410811,0.0004121905976942629,0.00019129842620273287,0.0006497612150669602,m2
0.2500177116542685,ridge,Q1,affine_lora,3529,support,recording_causal_fixed_window,0.4156349659492083,session_iteration_b_m2_old,0.35609687752813557,/home/xinyuan/Work_host/SSM/results/cross_session_iteration_b/official_20261003/adapt/old/m2,0,query_quartile,0.643785622028545,0.27093327932107203,0.2943648227929093,0.9998349109688534,m2
0.2500177116542685,ridge,Q2,affine_lora,3529,support,recording_causal_fixed_window,0.5051564199639488,session_iteration_b_m2_old,0.30904306463879283,/home/xinyuan/Work_host/SSM/results/cross_session_iteration_b/official_20261003/adapt/old/m2,0,query_quartile,0.5936198625049091,0.24982132330294224,0.2530956259225901,0.859660608254631,m2
0.2500177116542685,ridge,Q3,affine_lora,3529,support,recording_causal_fixed_window,0.579102437953311,session_iteration_b_m2_old,0.22062422609901322,/home/xinyuan/Work_host/SSM/results/cross_session_iteration_b/official_20261003/adapt/old/m2,0,query_quartile,0.5630589578543708,0.23695995170240997,0.21270935872902333,0.7224852505446784,m2
0.2499468650371945,ridge,Q4,affine_lora,3528,support,recording_causal_fixed_window,0.3236126510156263,session_iteration_b_m2_old,0.2930166058340735,/home/xinyuan/Work_host/SSM/results/cross_session_iteration_b/official_20261003/adapt/old/m2,0,query_quartile,0.5757132779786005,0.24228544567357568,0.23983019255547727,0.8146034466558709,m2
0.16436415161176055,ridge,"[0,10)",affine_lora,2320,support,recording_causal_fixed_window,0.3497168553917496,session_iteration_b_m2_old,0.32338561507920516,/home/xinyuan/Work_host/SSM/results/cross_session_iteration_b/official_20261003/adapt/old/m2,0,trial_position,0.27708894273761053,0.11661120309422025,0.12216793955578938,0.41495369524823955,m2
0.24654622741764082,ridge,"[10,25)",affine_lora,3480,support,recording_causal_fixed_window,0.4575267132357854,session_iteration_b_m2_old,0.3092641109854921,/home/xinyuan/Work_host/SSM/results/cross_session_iteration_b/official_20261003/adapt/old/m2,0,trial_position,1.9165359465007172,0.8065625437331229,0.824531006353259,2.800589002131704,m2
0.41091037902940136,ridge,"[25,50)",affine_lora,5800,support,recording_causal_fixed_window,0.6828917724522974,session_iteration_b_m2_old,0.03259533068207088,/home/xinyuan/Work_host/SSM/results/cross_session_iteration_b/official_20261003/adapt/old/m2,0,trial_position,0.11676600251460253,0.04914026485215773,0.03658386286855986,0.12426017119517169,m2
0.1756996103436061,ridge,"[50,128)",affine_lora,2480,support,recording_causal_fixed_window,0.22830014391446288,session_iteration_b_m2_old,-0.17316163730169998,/home/xinyuan/Work_host/SSM/results/cross_session_iteration_b/official_20261003/adapt/old/m2,0,trial_position,0.06484339153811405,0.027288948542163207,0.016525892796189084,0.056131586633851475,m2
0.002479631597591215,ridge,"[128,1000000000)",affine_lora,35,support,recording_causal_fixed_window,0.10992605727898558,session_iteration_b_m2_old,-0.48000793867932146,/home/xinyuan/Work_host/SSM/results/cross_session_iteration_b/official_20261003/adapt/old/m2,0,trial_position,0.0009434370753806247,0.0003970397783357464,0.00019129842620273287,0.0006497612150669602,m2
0.2500177116542685,zero,Q1,affine_lora,3529,support,recording_causal_fixed_window,0.32865421426455865,session_iteration_b_m2_old,0.38137715453402565,/home/xinyuan/Work_host/SSM/results/cross_session_iteration_b/official_20261003/adapt/old/m2,1,query_quartile,0.618509958206924,0.2825726008856092,0.2943648227929093,0.9998349109688534,m2
0.2500177116542685,zero,Q2,affine_lora,3529,support,recording_causal_fixed_window,0.41077349970259214,session_iteration_b_m2_old,0.3950420096125584,/home/xinyuan/Work_host/SSM/results/cross_session_iteration_b/official_20261003/adapt/old/m2,1,query_quartile,0.5197358340246008,0.23744663193385374,0.2530956259225901,0.859660608254631,m2
0.2500177116542685,zero,Q3,affine_lora,3529,support,recording_causal_fixed_window,0.4278401281867343,session_iteration_b_m2_old,0.29568996934612335,/home/xinyuan/Work_host/SSM/results/cross_session_iteration_b/official_20261003/adapt/old/m2,1,query_quartile,0.5088278147028117,0.2324631917331428,0.21270935872902333,0.7224852505446784,m2
0.2499468650371945,zero,Q4,affine_lora,3528,support,recording_causal_fixed_window,0.26116458952764665,session_iteration_b_m2_old,0.33468754049259464,/home/xinyuan/Work_host/SSM/results/cross_session_iteration_b/official_20261003/adapt/old/m2,1,query_quartile,0.5417796515502281,0.24751757544739433,0.23983019255547727,0.8146034466558709,m2
0.16436415161176055,zero,"[0,10)",affine_lora,2320,support,recording_causal_fixed_window,0.3419181662362836,session_iteration_b_m2_old,0.40507149818180144,/home/xinyuan/Work_host/SSM/results/cross_session_iteration_b/official_20261003/adapt/old/m2,1,trial_position,0.24363672018674642,0.11130792767507239,0.12216793955578938,0.41495369524823955,m2
0.24654622741764082,zero,"[10,25)",affine_lora,3480,support,recording_causal_fixed_window,0.3523122990740952,session_iteration_b_m2_old,0.354796648115157,/home/xinyuan/Work_host/SSM/results/cross_session_iteration_b/official_20261003/adapt/old/m2,1,trial_position,1.7902000407916852,0.8178711998405578,0.824531006353259,2.800589002131704,m2
0.41091037902940136,zero,"[25,50)",affine_lora,5800,support,recording_causal_fixed_window,0.5048097624423463,session_iteration_b_m2_old,0.16114260435184924,/home/xinyuan/Work_host/SSM/results/cross_session_iteration_b/official_20261003/adapt/old/m2,1,trial_position,0.1012503121767076,0.046257240764877715,0.03658386286855986,0.12426017119517169,m2
0.1756996103436061,zero,"[50,128)",affine_lora,2480,support,recording_causal_fixed_window,0.17706945409378003,session_iteration_b_m2_old,0.03950384295467291,/home/xinyuan/Work_host/SSM/results/cross_session_iteration_b/official_20261003/adapt/old/m2,1,trial_position,0.053088872327426026,0.024254194346578398,0.016525892796189084,0.056131586633851475,m2
0.002479631597591215,zero,"[128,1000000000)",affine_lora,35,support,recording_causal_fixed_window,0.05680319782006749,session_iteration_b_m2_old,-0.06252832975140898,/home/xinyuan/Work_host/SSM/results/cross_session_iteration_b/official_20261003/adapt/old/m2,1,trial_position,0.0006773130019993285,0.0003094373729138247,0.00019129842620273287,0.0006497612150669602,m2
0.2500177116542685,ridge,Q1,affine_lora,3529,support,recording_causal_fixed_window,0.32069555402900896,session_iteration_b_m2_old,0.3832129046217716,/home/xinyuan/Work_host/SSM/results/cross_session_iteration_b/official_20261003/adapt/old/m2,1,query_quartile,0.6166745431097094,0.282852141252188,0.2943648227929093,0.9998349109688534,m2
0.2500177116542685,ridge,Q2,affine_lora,3529,support,recording_causal_fixed_window,0.3988751458530433,session_iteration_b_m2_old,0.3974285879259406,/home/xinyuan/Work_host/SSM/results/cross_session_iteration_b/official_20261003/adapt/old/m2,1,query_quartile,0.5176854598004728,0.23744849278404037,0.2530956259225901,0.859660608254631,m2
0.2500177116542685,ridge,Q3,affine_lora,3529,support,recording_causal_fixed_window,0.41536242101376203,session_iteration_b_m2_old,0.3001686375069945,/home/xinyuan/Work_host/SSM/results/cross_session_iteration_b/official_20261003/adapt/old/m2,1,query_quartile,0.5055922070387273,0.2319016407587978,0.21270935872902333,0.7224852505446784,m2
0.2499468650371945,ridge,Q4,affine_lora,3528,support,recording_causal_fixed_window,0.2516660105039284,session_iteration_b_m2_old,0.33656736324910075,/home/xinyuan/Work_host/SSM/results/cross_session_iteration_b/official_20261003/adapt/old/m2,1,query_quartile,0.5402488674751033,0.24779772520497376,0.23983019255547727,0.8146034466558709,m2
0.16436415161176055,ridge,"[0,10)",affine_lora,2320,support,recording_causal_fixed_window,0.3264003162221779,session_iteration_b_m2_old,0.4060708502691269,/home/xinyuan/Work_host/SSM/results/cross_session_iteration_b/official_20261003/adapt/old/m2,1,trial_position,0.2432274628320834,0.11156194047911651,0.12216793955578938,0.41495369524823955,m2
0.24654622741764082,ridge,"[10,25)",affine_lora,3480,support,recording_causal_fixed_window,0.34307477994308155,session_iteration_b_m2_old,0.35778805663768787,/home/xinyuan/Work_host/SSM/results/cross_session_iteration_b/official_20261003/adapt/old/m2,1,trial_position,1.7818999914453588,0.8173099306742563,0.824531006353259,2.800589002131704,m2
0.41091037902940136,ridge,"[25,50)",affine_lora,5800,support,recording_causal_fixed_window,0.4901421803541971,session_iteration_b_m2_old,0.1615383324091284,/home/xinyuan/Work_host/SSM/results/cross_session_iteration_b/official_20261003/adapt/old/m2,1,trial_position,0.10120254769427654,0.046418905458872194,0.03658386286855986,0.12426017119517169,m2
0.1756996103436061,ridge,"[50,128)",affine_lora,2480,support,recording_causal_fixed_window,0.17069763058466877,session_iteration_b_m2_old,0.03771926450416052,/home/xinyuan/Work_host/SSM/results/cross_session_iteration_b/official_20261003/adapt/old/m2,1,trial_position,0.05318751015832477,0.024395690245767494,0.016525892796189084,0.056131586633851475,m2
0.002479631597591215,ridge,"[128,1000000000)",affine_lora,35,support,recording_causal_fixed_window,0.05615210743450251,session_iteration_b_m2_old,-0.07233655331183741,/home/xinyuan/Work_host/SSM/results/cross_session_iteration_b/official_20261003/adapt/old/m2,1,trial_position,0.000683565293969321,0.00031353314198751724,0.00019129842620273287,0.0006497612150669602,m2
0.2500177116542685,zero,Q1,affine_lora,3529,support,recording_causal_fixed_window,0.4398716576862701,session_iteration_b_m2_old,0.3295072773101638,/home/xinyuan/Work_host/SSM/results/cross_session_iteration_b/official_20261003/adapt/old/m2,2,query_quartile,0.6703703701349113,0.2802415229246382,0.2943648227929093,0.9998349109688534,m2
0.2500177116542685,zero,Q2,affine_lora,3529,support,recording_causal_fixed_window,0.5419428943182812,session_iteration_b_m2_old,0.3309563615473309,/home/xinyuan/Work_host/SSM/results/cross_session_iteration_b/official_20261003/adapt/old/m2,2,query_quartile,0.5747935541893621,0.240286605985994,0.2530956259225901,0.859660608254631,m2
0.2500177116542685,zero,Q3,affine_lora,3529,support,recording_causal_fixed_window,0.6467570437267954,session_iteration_b_m2_old,0.21405532625194912,/home/xinyuan/Work_host/SSM/results/cross_session_iteration_b/official_20261003/adapt/old/m2,2,query_quartile,0.5678046505304785,0.2373649658118542,0.21270935872902333,0.7224852505446784,m2
0.2499468650371945,zero,Q4,affine_lora,3528,support,recording_causal_fixed_window,0.3706678582357173,session_iteration_b_m2_old,0.2887988181091279,/home/xinyuan/Work_host/SSM/results/cross_session_iteration_b/official_20261003/adapt/old/m2,2,query_quartile,0.5791479221540993,0.24210690527751344,0.23983019255547727,0.8146034466558709,m2
0.16436415161176055,zero,"[0,10)",affine_lora,2320,support,recording_causal_fixed_window,0.429238328137133,session_iteration_b_m2_old,0.33558013447979695,/home/xinyuan/Work_host/SSM/results/cross_session_iteration_b/official_20261003/adapt/old/m2,2,trial_position,0.2720950103542504,0.11374655485821164,0.12216793955578938,0.41495369524823955,m2
0.24654622741764082,zero,"[10,25)",affine_lora,3480,support,recording_causal_fixed_window,0.4944566255717109,session_iteration_b_m2_old,0.30409965566551034,/home/xinyuan/Work_host/SSM/results/cross_session_iteration_b/official_20261003/adapt/old/m2,2,trial_position,1.9308653948792625,0.8071786626168306,0.824531006353259,2.800589002131704,m2
0.41091037902940136,zero,"[25,50)",affine_lora,5800,support,recording_causal_fixed_window,0.7359967255905847,session_iteration_b_m2_old,-0.03582320024552765,/home/xinyuan/Work_host/SSM/results/cross_session_iteration_b/official_20261003/adapt/old/m2,2,trial_position,0.1250241375099298,0.052265070562517495,0.03658386286855986,0.12426017119517169,m2
0.1756996103436061,zero,"[50,128)",affine_lora,2480,support,recording_causal_fixed_window,0.22504542624698257,session_iteration_b_m2_old,-0.14256964165993513,/home/xinyuan/Work_host/SSM/results/cross_session_iteration_b/official_20261003/adapt/old/m2,2,trial_position,0.0631525002847197,0.026400261176111953,0.016525892796189084,0.056131586633851475,m2
0.002479631597591215,zero,"[128,1000000000)",affine_lora,35,support,recording_causal_fixed_window,0.09406535210381559,session_iteration_b_m2_old,-0.5365091163133016,/home/xinyuan/Work_host/SSM/results/cross_session_iteration_b/official_20261003/adapt/old/m2,2,trial_position,0.0009794539806886665,0.00040945078632808837,0.00019129842620273287,0.0006497612150669602,m2
0.2500177116542685,ridge,Q1,affine_lora,3529,support,recording_causal_fixed_window,0.4269703167332241,session_iteration_b_m2_old,0.33517183723549415,/home/xinyuan/Work_host/SSM/results/cross_session_iteration_b/official_20261003/adapt/old/m2,2,query_quartile,0.6647068438872867,0.28168591042379454,0.2943648227929093,0.9998349109688534,m2
0.2500177116542685,ridge,Q2,affine_lora,3529,support,recording_causal_fixed_window,0.5237081196001516,session_iteration_b_m2_old,0.34227885663051094,/home/xinyuan/Work_host/SSM/results/cross_session_iteration_b/official_20261003/adapt/old/m2,2,query_quartile,0.5650660912600317,0.23946068530804443,0.2530956259225901,0.859660608254631,m2
0.2500177116542685,ridge,Q3,affine_lora,3529,support,recording_causal_fixed_window,0.6292312967630661,session_iteration_b_m2_old,0.2274850278103976,/home/xinyuan/Work_host/SSM/results/cross_session_iteration_b/official_20261003/adapt/old/m2,2,query_quartile,0.5581023810771353,0.23650964145941325,0.21270935872902333,0.7224852505446784,m2
0.2499468650371945,ridge,Q4,affine_lora,3528,support,recording_causal_fixed_window,0.3544915815927543,session_iteration_b_m2_old,0.2977369156287947,/home/xinyuan/Work_host/SSM/results/cross_session_iteration_b/official_20261003/adapt/old/m2,2,query_quartile,0.5718694182112866,0.24234376280874778,0.23983019255547727,0.8146034466558709,m2
0.16436415161176055,ridge,"[0,10)",affine_lora,2320,support,recording_causal_fixed_window,0.41238626303464704,session_iteration_b_m2_old,0.33468372664322954,/home/xinyuan/Work_host/SSM/results/cross_session_iteration_b/official_20261003/adapt/old/m2,2,trial_position,0.2724621097024637,0.11546253530156285,0.12216793955578938,0.41495369524823955,m2
0.24654622741764082,ridge,"[10,25)",affine_lora,3480,support,recording_causal_fixed_window,0.4791382673095911,session_iteration_b_m2_old,0.31465930088673544,/home/xinyuan/Work_host/SSM/results/cross_session_iteration_b/official_20261003/adapt/old/m2,2,trial_position,1.9015662952224508,0.8058355920760859,0.824531006353259,2.800589002131704,m2
0.41091037902940136,ridge,"[25,50)",affine_lora,5800,support,recording_causal_fixed_window,0.7074591175515158,session_iteration_b_m2_old,-0.014238546376289962,/home/xinyuan/Work_host/SSM/results/cross_session_iteration_b/official_20261003/adapt/old/m2,2,trial_position,0.12241886401073403,0.051878011305323116,0.03658386286855986,0.12426017119517169,m2
0.1756996103436061,ridge,"[50,128)",affine_lora,2480,support,recording_causal_fixed_window,0.21785140803326877,session_iteration_b_m2_old,-0.1282978159119621,/home/xinyuan/Work_host/SSM/results/cross_session_iteration_b/official_20261003/adapt/old/m2,2,trial_position,0.06236366304736504,0.0264281395090293,0.016525892796189084,0.056131586633851475,m2
0.002479631597591215,ridge,"[128,1000000000)",affine_lora,35,support,recording_causal_fixed_window,0.08693707894325897,session_iteration_b_m2_old,-0.46489371602873675,/home/xinyuan/Work_host/SSM/results/cross_session_iteration_b/official_20261003/adapt/old/m2,2,trial_position,0.0009338024527266114,0.00039572180799882207,0.00019129842620273287,0.0006497612150669602,m2
0.2500177116542685,zero,Q1,offset_original,3529,support,recording_causal_fixed_window,0.4834490179368006,session_iteration_b_m2_old,0.3081258528785368,/home/xinyuan/Work_host/SSM/results/cross_session_iteration_b/official_20261003/adapt/old/m2,0,query_quartile,0.6917478928509512,0.2744087771668917,0.2943648227929093,0.9998349109688534,m2
0.2500177116542685,zero,Q2,offset_original,3529,support,recording_causal_fixed_window,0.5454875878450088,session_iteration_b_m2_old,0.25263555494749845,/home/xinyuan/Work_host/SSM/results/cross_session_iteration_b/official_20261003/adapt/old/m2,0,query_quartile,0.6420810855327754,0.2547065012325278,0.2530956259225901,0.859660608254631,m2
0.2500177116542685,zero,Q3,offset_original,3529,support,recording_causal_fixed_window,0.6637483061094914,session_iteration_b_m2_old,0.2114257331427445,/home/xinyuan/Work_host/SSM/results/cross_session_iteration_b/official_20261003/adapt/old/m2,0,query_quartile,0.5697043964620705,0.2259954651042836,0.21270935872902333,0.7224852505446784,m2
0.2499468650371945,zero,Q4,offset_original,3528,support,recording_causal_fixed_window,0.41298716220391346,session_iteration_b_m2_old,0.24190689576389512,/home/xinyuan/Work_host/SSM/results/cross_session_iteration_b/official_20261003/adapt/old/m2,0,query_quartile,0.6173331221840677,0.24488925649629673,0.23983019255547727,0.8146034466558709,m2
0.16436415161176055,zero,"[0,10)",offset_original,2320,support,recording_causal_fixed_window,0.5435627751074049,session_iteration_b_m2_old,0.2944147601767373,/home/xinyuan/Work_host/SSM/results/cross_session_iteration_b/official_20261003/adapt/old/m2,0,trial_position,0.28895316515740027,0.11462454100518636,0.12216793955578938,0.41495369524823955,m2
0.24654622741764082,zero,"[10,25)",offset_original,3480,support,recording_causal_fixed_window,0.501954138833024,session_iteration_b_m2_old,0.2671771081257466,/home/xinyuan/Work_host/SSM/results/cross_session_iteration_b/official_20261003/adapt/old/m2,0,trial_position,2.0333117723178216,0.8065924057118891,0.824531006353259,2.800589002131704,m2
0.41091037902940136,zero,"[25,50)",offset_original,5800,support,recording_causal_fixed_window,0.8263772620861473,session_iteration_b_m2_old,-0.11370611248784712,/home/xinyuan/Work_host/SSM/results/cross_session_iteration_b/official_20261003/adapt/old/m2,0,trial_position,0.13442462586310577,0.053324769884278894,0.03658386286855986,0.12426017119517169,m2
0.1756996103436061,zero,"[50,128)",offset_original,2480,support,recording_causal_fixed_window,0.26259994730848746,session_iteration_b_m2_old,-0.13618400704960476,/home/xinyuan/Work_host/SSM/results/cross_session_iteration_b/official_20261003/adapt/old/m2,0,trial_position,0.06279955130301813,0.024911890961702973,0.016525892796189084,0.056131586633851475,m2
0.002479631597591215,zero,"[128,1000000000)",offset_original,35,support,recording_causal_fixed_window,0.280285262715121,session_iteration_b_m2_old,-1.16075552127572,/home/xinyuan/Work_host/SSM/results/cross_session_iteration_b/official_20261003/adapt/old/m2,0,trial_position,0.0013773823885187952,0.0005463924369424777,0.00019129842620273287,0.0006497612150669602,m2
0.2500177116542685,ridge,Q1,offset_original,3529,support,recording_causal_fixed_window,0.4657333637812391,session_iteration_b_m2_old,0.3156924122501177,/home/xinyuan/Work_host/SSM/results/cross_session_iteration_b/official_20261003/adapt/old/m2,0,query_quartile,0.6841827142368935,0.2754699193063563,0.2943648227929093,0.9998349109688534,m2
0.2500177116542685,ridge,Q2,offset_original,3529,support,recording_causal_fixed_window,0.5270648037629152,session_iteration_b_m2_old,0.26528983201433376,/home/xinyuan/Work_host/SSM/results/cross_session_iteration_b/official_20261003/adapt/old/m2,0,query_quartile,0.6312094525436849,0.2541414936966878,0.2530956259225901,0.859660608254631,m2
0.2500177116542685,ridge,Q3,offset_original,3529,support,recording_causal_fixed_window,0.6395390874329774,session_iteration_b_m2_old,0.22920472756654775,/home/xinyuan/Work_host/SSM/results/cross_session_iteration_b/official_20261003/adapt/old/m2,0,query_quartile,0.5568599863492703,0.22420644706825946,0.21270935872902333,0.7224852505446784,m2
0.2499468650371945,ridge,Q4,offset_original,3528,support,recording_causal_fixed_window,0.3915959588043509,session_iteration_b_m2_old,0.2491426689084444,/home/xinyuan/Work_host/SSM/results/cross_session_iteration_b/official_20261003/adapt/old/m2,0,query_quartile,0.6114408611916118,0.24618213992869653,0.23983019255547727,0.8146034466558709,m2
0.16436415161176055,ridge,"[0,10)",offset_original,2320,support,recording_causal_fixed_window,0.523611338817499,session_iteration_b_m2_old,0.29658933935184884,/home/xinyuan/Work_host/SSM/results/cross_session_iteration_b/official_20261003/adapt/old/m2,0,trial_position,0.28806262564485147,0.11598157420575972,0.12216793955578938,0.41495369524823955,m2
0.24654622741764082,ridge,"[10,25)",offset_original,3480,support,recording_causal_fixed_window,0.4821748849251342,session_iteration_b_m2_old,0.2784699299431288,/home/xinyuan/Work_host/SSM/results/cross_session_iteration_b/official_20261003/adapt/old/m2,0,trial_position,2.0019783794904713,0.806049043882103,0.824531006353259,2.800589002131704,m2
0.41091037902940136,ridge,"[25,50)",offset_original,5800,support,recording_causal_fixed_window,0.7903931800650632,session_iteration_b_m2_old,-0.07458858105079269,/home/xinyuan/Work_host/SSM/results/cross_session_iteration_b/official_20261003/adapt/old/m2,0,trial_position,0.12970312934876235,0.052221884347569816,0.03658386286855986,0.12426017119517169,m2
0.1756996103436061,ridge,"[50,128)",offset_original,2480,support,recording_causal_fixed_window,0.24873480727588163,session_iteration_b_m2_old,-0.13309275865915304,/home/xinyuan/Work_host/SSM/results/cross_session_iteration_b/official_20261003/adapt/old/m2,0,trial_position,0.06262869076398392,0.02521595479105293,0.016525892796189084,0.056131586633851475,m2
0.002479631597591215,ridge,"[128,1000000000)",offset_original,35,support,recording_causal_fixed_window,0.25178557085735587,session_iteration_b_m2_old,-1.0710340521524633,/home/xinyuan/Work_host/SSM/results/cross_session_iteration_b/official_20261003/adapt/old/m2,0,trial_position,0.0013201890733910181,0.0005315427735145001,0.00019129842620273287,0.0006497612150669602,m2
0.2500177116542685,zero,Q1,offset_original,3529,support,recording_causal_fixed_window,0.4770532916392003,session_iteration_b_m2_old,0.30748605552546504,/home/xinyuan/Work_host/SSM/results/cross_session_iteration_b/official_20261003/adapt/old/m2,1,query_quartile,0.6923875734528068,0.2750942013181747,0.2943648227929093,0.9998349109688534,m2
0.2500177116542685,zero,Q2,offset_original,3529,support,recording_causal_fixed_window,0.5365730632099841,session_iteration_b_m2_old,0.24925456349956165,/home/xinyuan/Work_host/SSM/results/cross_session_iteration_b/official_20261003/adapt/old/m2,1,query_quartile,0.6449857870789077,0.25626088156554727,0.2530956259225901,0.859660608254631,m2
0.2500177116542685,zero,Q3,offset_original,3529,support,recording_causal_fixed_window,0.6507375748637154,session_iteration_b_m2_old,0.22969946982477762,/home/xinyuan/Work_host/SSM/results/cross_session_iteration_b/official_20261003/adapt/old/m2,1,query_quartile,0.5565025604840408,0.22110539425836628,0.21270935872902333,0.7224852505446784,m2
0.2499468650371945,zero,Q4,offset_original,3528,support,recording_causal_fixed_window,0.40294766320646086,session_iteration_b_m2_old,0.23490503238293858,/home/xinyuan/Work_host/SSM/results/cross_session_iteration_b/official_20261003/adapt/old/m2,1,query_quartile,0.6230349049306971,0.24753952285791161,0.23983019255547727,0.8146034466558709,m2
0.16436415161176055,zero,"[0,10)",offset_original,2320,support,recording_causal_fixed_window,0.5488344736449587,session_iteration_b_m2_old,0.28715033617421515,/home/xinyuan/Work_host/SSM/results/cross_session_iteration_b/official_20261003/adapt/old/m2,1,trial_position,0.291928111613338,0.11598667247321409,0.12216793955578938,0.41495369524823955,m2
0.24654622741764082,zero,"[10,25)",offset_original,3480,support,recording_causal_fixed_window,0.49065609574849384,session_iteration_b_m2_old,0.27243763833316326,/home/xinyuan/Work_host/SSM/results/cross_session_iteration_b/official_20261003/adapt/old/m2,1,trial_position,2.0187157517540846,0.8020608958185763,0.824531006353259,2.800589002131704,m2
0.41091037902940136,zero,"[25,50)",offset_original,5800,support,recording_causal_fixed_window,0.8160548574249997,session_iteration_b_m2_old,-0.15250920464054496,/home/xinyuan/Work_host/SSM/results/cross_session_iteration_b/official_20261003/adapt/old/m2,1,trial_position,0.139108169471667,0.05526940725814436,0.03658386286855986,0.12426017119517169,m2
0.1756996103436061,zero,"[50,128)",offset_original,2480,support,recording_causal_fixed_window,0.29192084197248735,session_iteration_b_m2_old,-0.18716010865619492,/home/xinyuan/Work_host/SSM/results/cross_session_iteration_b/official_20261003/adapt/old/m2,1,trial_position,0.06561711983787533,0.026070498470362306,0.016525892796189084,0.056131586633851475,m2
0.002479631597591215,zero,"[128,1000000000)",offset_original,35,support,recording_causal_fixed_window,0.34670366318193946,session_iteration_b_m2_old,-1.418485278173919,/home/xinyuan/Work_host/SSM/results/cross_session_iteration_b/official_20261003/adapt/old/m2,1,trial_position,0.0015416732694876983,0.0006125259797029048,0.00019129842620273287,0.0006497612150669602,m2
0.2500177116542685,ridge,Q1,offset_original,3529,support,recording_causal_fixed_window,0.47754832216670434,session_iteration_b_m2_old,0.3123647806492751,/home/xinyuan/Work_host/SSM/results/cross_session_iteration_b/official_20261003/adapt/old/m2,1,query_quartile,0.6875097386063458,0.27564211876682926,0.2943648227929093,0.9998349109688534,m2
0.2500177116542685,ridge,Q2,offset_original,3529,support,recording_causal_fixed_window,0.5360236193320942,session_iteration_b_m2_old,0.25709759755395467,/home/xinyuan/Work_host/SSM/results/cross_session_iteration_b/official_20261003/adapt/old/m2,1,query_quartile,0.6382476235860466,0.2558915421616804,0.2530956259225901,0.859660608254631,m2
0.2500177116542685,ridge,Q3,offset_original,3529,support,recording_causal_fixed_window,0.6501088142854939,session_iteration_b_m2_old,0.23917877630646656,/home/xinyuan/Work_host/SSM/results/cross_session_iteration_b/official_20261003/adapt/old/m2,1,query_quartile,0.5496542485304285,0.22037194987410502,0.21270935872902333,0.7224852505446784,m2
0.2499468650371945,ridge,Q4,offset_original,3528,support,recording_causal_fixed_window,0.39625984138439574,session_iteration_b_m2_old,0.24010570409673904,/home/xinyuan/Work_host/SSM/results/cross_session_iteration_b/official_20261003/adapt/old/m2,1,query_quartile,0.6187998751057393,0.2480943891973852,0.23983019255547727,0.8146034466558709,m2
0.16436415161176055,ridge,"[0,10)",offset_original,2320,support,recording_causal_fixed_window,0.5456943751743395,session_iteration_b_m2_old,0.2860417453194052,/home/xinyuan/Work_host/SSM/results/cross_session_iteration_b/official_20261003/adapt/old/m2,1,trial_position,0.2923821047218703,0.11722426361321278,0.12216793955578938,0.41495369524823955,m2
0.24654622741764082,ridge,"[10,25)",offset_original,3480,support,recording_causal_fixed_window,0.48890524814405645,session_iteration_b_m2_old,0.2797324353679431,/home/xinyuan/Work_host/SSM/results/cross_session_iteration_b/official_20261003/adapt/old/m2,1,trial_position,1.9984753951113607,0.8012453661071489,0.824531006353259,2.800589002131704,m2
0.41091037902940136,ridge,"[25,50)",offset_original,5800,support,recording_causal_fixed_window,0.8129377004864184,session_iteration_b_m2_old,-0.127032259551908,/home/xinyuan/Work_host/SSM/results/cross_session_iteration_b/official_20261003/adapt/old/m2,1,trial_position,0.13603309538050967,0.05453951926426976,0.03658386286855986,0.12426017119517169,m2
0.1756996103436061,ridge,"[50,128)",offset_original,2480,support,recording_causal_fixed_window,0.28469882874760427,session_iteration_b_m2_old,-0.19114565543511586,/home/xinyuan/Work_host/SSM/results/cross_session_iteration_b/official_20261003/adapt/old/m2,1,trial_position,0.06583741034351566,0.02639608177477577,0.016525892796189084,0.056131586633851475,m2
0.002479631597591215,ridge,"[128,1000000000)",offset_original,35,support,recording_causal_fixed_window,0.3208129524659974,session_iteration_b_m2_old,-1.3271955657650283,/home/xinyuan/Work_host/SSM/results/cross_session_iteration_b/official_20261003/adapt/old/m2,1,trial_position,0.001483480271304029,0.0005947692405927746,0.00019129842620273287,0.0006497612150669602,m2
0.2500177116542685,zero,Q1,offset_original,3529,support,recording_causal_fixed_window,0.40608714654040085,session_iteration_b_m2_old,0.323162569769202,/home/xinyuan/Work_host/SSM/results/cross_session_iteration_b/official_20261003/adapt/old/m2,2,query_quartile,0.6767139198837724,0.27721599094646504,0.2943648227929093,0.9998349109688534,m2
0.2500177116542685,zero,Q2,offset_original,3529,support,recording_causal_fixed_window,0.46541053534540877,session_iteration_b_m2_old,0.302920009115517,/home/xinyuan/Work_host/SSM/results/cross_session_iteration_b/official_20261003/adapt/old/m2,2,query_quartile,0.5988803457446306,0.24533145192650044,0.2530956259225901,0.859660608254631,m2
0.2500177116542685,zero,Q3,offset_original,3529,support,recording_causal_fixed_window,0.5864072084992598,session_iteration_b_m2_old,0.22033686366395866,/home/xinyuan/Work_host/SSM/results/cross_session_iteration_b/official_20261003/adapt/old/m2,2,query_quartile,0.5632665624510578,0.2307422585657726,0.21270935872902333,0.7224852505446784,m2
0.2499468650371945,zero,Q4,offset_original,3528,support,recording_causal_fixed_window,0.3748350898639879,session_iteration_b_m2_old,0.2604337611865353,/home/xinyuan/Work_host/SSM/results/cross_session_iteration_b/official_20261003/adapt/old/m2,2,query_quartile,0.6022462580354124,0.2467102985612619,0.23983019255547727,0.8146034466558709,m2
0.16436415161176055,zero,"[0,10)",offset_original,2320,support,recording_causal_fixed_window,0.44379602440905735,session_iteration_b_m2_old,0.31375159198767744,/home/xinyuan/Work_host/SSM/results/cross_session_iteration_b/official_20261003/adapt/old/m2,2,trial_position,0.2810342937857613,0.11512575395987214,0.12216793955578938,0.41495369524823955,m2
0.24654622741764082,zero,"[10,25)",offset_original,3480,support,recording_causal_fixed_window,0.43926027059308664,session_iteration_b_m2_old,0.29182689758000024,/home/xinyuan/Work_host/SSM/results/cross_session_iteration_b/official_20261003/adapt/old/m2,2,trial_position,1.964917747461008,0.8049289433624394,0.824531006353259,2.800589002131704,m2
0.41091037902940136,zero,"[25,50)",offset_original,5800,support,recording_causal_fixed_window,0.7477518282364345,session_iteration_b_m2_old,-0.082297415267792,/home/xinyuan/Work_host/SSM/results/cross_session_iteration_b/official_20261003/adapt/old/m2,2,trial_position,0.13063358770204014,0.05351407500518509,0.03658386286855986,0.12426017119517169,m2
0.1756996103436061,zero,"[50,128)",offset_original,2480,support,recording_causal_fixed_window,0.3240863747349683,session_iteration_b_m2_old,-0.1423705148209773,/home/xinyuan/Work_host/SSM/results/cross_session_iteration_b/official_20261003/adapt/old/m2,2,trial_position,0.06314149407792455,0.02586592552087379,0.016525892796189084,0.056131586633851475,m2
0.002479631597591215,zero,"[128,1000000000)",offset_original,35,support,recording_causal_fixed_window,0.2204883376296834,session_iteration_b_m2_old,-1.1648039692584873,/home/xinyuan/Work_host/SSM/results/cross_session_iteration_b/official_20261003/adapt/old/m2,2,trial_position,0.0013799630881386235,0.0005653021516294453,0.00019129842620273287,0.0006497612150669602,m2
0.2500177116542685,ridge,Q1,offset_original,3529,support,recording_causal_fixed_window,0.45432975495777367,session_iteration_b_m2_old,0.31810507913599995,/home/xinyuan/Work_host/SSM/results/cross_session_iteration_b/official_20261003/adapt/old/m2,2,query_quartile,0.6817704876182172,0.27558797579398486,0.2943648227929093,0.9998349109688534,m2
0.2500177116542685,ridge,Q2,offset_original,3529,support,recording_causal_fixed_window,0.5216281614407718,session_iteration_b_m2_old,0.2931201571812738,/home/xinyuan/Work_host/SSM/results/cross_session_iteration_b/official_20261003/adapt/old/m2,2,query_quartile,0.6072996646052666,0.24548508377595443,0.2530956259225901,0.859660608254631,m2
0.2500177116542685,ridge,Q3,offset_original,3529,support,recording_causal_fixed_window,0.6585733445904176,session_iteration_b_m2_old,0.19911396046643837,/home/xinyuan/Work_host/SSM/results/cross_session_iteration_b/official_20261003/adapt/old/m2,2,query_quartile,0.5785990197293078,0.23388359505065082,0.21270935872902333,0.7224852505446784,m2
0.2499468650371945,ridge,Q4,offset_original,3528,support,recording_causal_fixed_window,0.414733929794301,session_iteration_b_m2_old,0.25557009220578175,/home/xinyuan/Work_host/SSM/results/cross_session_iteration_b/official_20261003/adapt/old/m2,2,query_quartile,0.6062068585742919,0.24504334537941,0.23983019255547727,0.8146034466558709,m2
0.16436415161176055,ridge,"[0,10)",offset_original,2320,support,recording_causal_fixed_window,0.4927898828646301,session_iteration_b_m2_old,0.30414676644190686,/home/xinyuan/Work_host/SSM/results/cross_session_iteration_b/official_20261003/adapt/old/m2,2,trial_position,0.28496768777644377,0.11519077118659363,0.12216793955578938,0.41495369524823955,m2
0.24654622741764082,ridge,"[10,25)",offset_original,3480,support,recording_causal_fixed_window,0.49134210267834144,session_iteration_b_m2_old,0.28406244397698877,/home/xinyuan/Work_host/SSM/results/cross_session_iteration_b/official_20261003/adapt/old/m2,2,trial_position,1.9864612269178803,0.802975251146536,0.824531006353259,2.800589002131704,m2
0.41091037902940136,ridge,"[25,50)",offset_original,5800,support,recording_causal_fixed_window,0.8358600830821995,session_iteration_b_m2_old,-0.12630474380632828,/home/xinyuan/Work_host/SSM/results/cross_session_iteration_b/official_20261003/adapt/old/m2,2,trial_position,0.13594528403529704,0.05495234294595295,0.03658386286855986,0.12426017119517169,m2
0.1756996103436061,ridge,"[50,128)",offset_original,2480,support,recording_causal_fixed_window,0.3598675322999707,session_iteration_b_m2_old,-0.17744069769688298,/home/xinyuan/Work_host/SSM/results/cross_session_iteration_b/official_20261003/adapt/old/m2,2,trial_position,0.06507990522880912,0.02630685791273996,0.016525892796189084,0.056131586633851475,m2
0.002479631597591215,ridge,"[128,1000000000)",offset_original,35,support,recording_causal_fixed_window,0.236792084939153,session_iteration_b_m2_old,-1.2306337801880831,/home/xinyuan/Work_host/SSM/results/cross_session_iteration_b/official_20261003/adapt/old/m2,2,trial_position,0.0014219265686532601,0.0005747768081775322,0.00019129842620273287,0.0006497612150669602,m2
0.25000494159040143,zero,Q1,none,12648,support,recording_causal_fixed_window,1.0859741054953227,session_iteration_b_m1_small,0.6937863113626319,/home/xinyuan/Work_host/SSM/results/cross_session_iteration_b/official_20261003/adapt/small/m1,0,query_quartile,8104.5656379531265,0.24445761150635417,0.245835786123224,26491.366076784812,m1
0.25000494159040143,zero,Q2,none,12648,support,recording_causal_fixed_window,1.043098489496468,session_iteration_b_m1_small,0.67321150350536,/home/xinyuan/Work_host/SSM/results/cross_session_iteration_b/official_20261003/adapt/small/m1,0,query_quartile,8802.23506635317,0.26550137988414374,0.2501516857135609,26956.449203213568,m1
0.25000494159040143,zero,Q3,none,12648,support,recording_causal_fixed_window,0.998050652730216,session_iteration_b_m1_small,0.6952622249893579,/home/xinyuan/Work_host/SSM/results/cross_session_iteration_b/official_20261003/adapt/small/m1,0,query_quartile,8235.160971794368,0.2483967520859803,0.2508980605037958,27036.878859572415,m1
0.24998517522879563,zero,Q4,none,12647,support,recording_causal_fixed_window,1.0651839451032172,session_iteration_b_m1_small,0.705726472447745,/home/xinyuan/Work_host/SSM/results/cross_session_iteration_b/official_20261003/adapt/small/m1,0,query_quartile,8011.293761570443,0.24164425652352187,0.2531144676594194,27275.719812147963,m1
0.07511217410211303,zero,"[0,10)",none,3800,support,recording_causal_fixed_window,0.29583821800711296,session_iteration_b_m1_small,0.1355519289172794,/home/xinyuan/Work_host/SSM/results/cross_session_iteration_b/official_20261003/adapt/small/m1,0,trial_position,463.0760666407271,0.013967740438380808,0.0236832442910817,2552.1162085266437,m1
0.11266826115316954,zero,"[10,25)",none,5700,support,recording_causal_fixed_window,0.295286116095228,session_iteration_b_m1_small,0.17786027623001155,/home/xinyuan/Work_host/SSM/results/cross_session_iteration_b/official_20261003/adapt/small/m1,0,trial_position,620.6639750593253,0.018721056706669063,0.036536049092856585,3937.1397744065434,m1
0.18778043525528257,zero,"[25,50)",none,9500,support,recording_causal_fixed_window,0.31391718079402303,session_iteration_b_m1_small,0.21366507799690537,/home/xinyuan/Work_host/SSM/results/cross_session_iteration_b/official_20261003/adapt/small/m1,0,trial_position,1091.0529486758119,0.03290937599557959,0.06181024434827429,6660.697517426922,m1
0.5796090213674369,zero,"[50,128)",none,29323,support,recording_causal_fixed_window,1.049866718631404,session_iteration_b_m1_small,0.6497914155850362,/home/xinyuan/Work_host/SSM/results/cross_session_iteration_b/official_20261003/adapt/small/m1,0,trial_position,29504.65228163611,0.88994736390535,0.8420067422274752,90734.99509257087,m1
0.04483010812199798,zero,"[128,1000000000)",none,2268,support,recording_causal_fixed_window,0.7542234531562978,session_iteration_b_m1_small,0.550315435880613,/home/xinyuan/Work_host/SSM/results/cross_session_iteration_b/official_20261003/adapt/small/m1,0,trial_position,1473.8101656591357,0.04445446295402071,0.03596372004031278,3875.465358787828,m1
0.25000494159040143,ridge,Q1,none,12648,support,recording_causal_fixed_window,0.7719602582503097,session_iteration_b_m1_small,0.7344162744179793,/home/xinyuan/Work_host/SSM/results/cross_session_iteration_b/official_20261003/adapt/small/m1,0,query_quartile,7029.211352143811,0.23505433785412602,0.245835786123224,26491.366076784812,m1
0.25000494159040143,ridge,Q2,none,12648,support,recording_causal_fixed_window,0.740724004324288,session_iteration_b_m1_small,0.7078370003145127,/home/xinyuan/Work_host/SSM/results/cross_session_iteration_b/official_20261003/adapt/small/m1,0,query_quartile,7869.577505047541,0.2631558843477538,0.2501516857135609,26956.449203213568,m1
0.25000494159040143,ridge,Q3,none,12648,support,recording_causal_fixed_window,0.7206028527410473,session_iteration_b_m1_small,0.7171368904703717,/home/xinyuan/Work_host/SSM/results/cross_session_iteration_b/official_20261003/adapt/small/m1,0,query_quartile,7644.02522751714,0.255613496078232,0.2508980605037958,27036.878859572415,m1
0.24998517522879563,ridge,Q4,none,12647,support,recording_causal_fixed_window,0.7712437992577206,session_iteration_b_m1_small,0.7295835684273684,/home/xinyuan/Work_host/SSM/results/cross_session_iteration_b/official_20261003/adapt/small/m1,0,query_quartile,7361.8088901974825,0.24617628171988767,0.2531144676594194,27275.719812147963,m1
0.07511217410211303,ridge,"[0,10)",none,3800,support,recording_causal_fixed_window,0.36771763655157036,session_iteration_b_m1_small,0.06622410151511149,/home/xinyuan/Work_host/SSM/results/cross_session_iteration_b/official_20261003/adapt/small/m1,0,trial_position,500.21428083320353,0.016726988374103587,0.0236832442910817,2552.1162085266437,m1
0.11266826115316954,ridge,"[10,25)",none,5700,support,recording_causal_fixed_window,0.3599897608531493,session_iteration_b_m1_small,0.058643596200913195,/home/xinyuan/Work_host/SSM/results/cross_session_iteration_b/official_20261003/adapt/small/m1,0,trial_position,710.6650982028862,0.023764389164820102,0.036536049092856585,3937.1397744065434,m1
0.18778043525528257,ridge,"[25,50)",none,9500,support,recording_causal_fixed_window,0.37070600220858874,session_iteration_b_m1_small,0.051266403054672005,/home/xinyuan/Work_host/SSM/results/cross_session_iteration_b/official_20261003/adapt/small/m1,0,trial_position,1316.3838454715556,0.044019409526619986,0.06181024434827429,6660.697517426922,m1
0.5796090213674369,ridge,"[50,128)",none,29323,support,recording_causal_fixed_window,0.7464421453893283,session_iteration_b_m1_small,0.6913721419218222,/home/xinyuan/Work_host/SSM/results/cross_session_iteration_b/official_20261003/adapt/small/m1,0,trial_position,26001.526068341842,0.8694818219296939,0.8420067422274752,90734.99509257087,m1
0.04483010812199798,ridge,"[128,1000000000)",none,2268,support,recording_causal_fixed_window,0.7251956031298812,session_iteration_b_m1_small,0.5802097284763672,/home/xinyuan/Work_host/SSM/results/cross_session_iteration_b/official_20261003/adapt/small/m1,0,trial_position,1375.833682056479,0.046007391004761665,0.03596372004031278,3875.465358787828,m1
0.25000494159040143,zero,Q1,io,12648,support,recording_causal_fixed_window,0.9046616613175562,session_iteration_b_m1_small,0.7423771993311263,/home/xinyuan/Work_host/SSM/results/cross_session_iteration_b/official_20261003/adapt/small/m1,0,query_quartile,6818.509346023425,0.22725957705599042,0.245835786123224,26491.366076784812,m1
0.25000494159040143,zero,Q2,io,12648,support,recording_causal_fixed_window,0.8753820105231477,session_iteration_b_m1_small,0.7004598014580097,/home/xinyuan/Work_host/SSM/results/cross_session_iteration_b/official_20261003/adapt/small/m1,0,query_quartile,8068.286575785091,0.2689144066142262,0.2501516857135609,26956.449203213568,m1
0.25000494159040143,zero,Q3,io,12648,support,recording_causal_fixed_window,0.833491625248036,session_iteration_b_m1_small,0.719778066133032,/home/xinyuan/Work_host/SSM/results/cross_session_iteration_b/official_20261003/adapt/small/m1,0,query_quartile,7572.650726157624,0.25239496111022974,0.2508980605037958,27036.878859572415,m1
0.24998517522879563,zero,Q4,io,12647,support,recording_causal_fixed_window,0.8971051792148005,session_iteration_b_m1_small,0.7229011633607338,/home/xinyuan/Work_host/SSM/results/cross_session_iteration_b/official_20261003/adapt/small/m1,0,query_quartile,7543.730486978253,0.25143105521955367,0.2531144676594194,27275.719812147963,m1
0.07511217410211303,zero,"[0,10)",io,3800,support,recording_causal_fixed_window,0.37274953180396997,session_iteration_b_m1_small,0.08481985269063996,/home/xinyuan/Work_host/SSM/results/cross_session_iteration_b/official_20261003/adapt/small/m1,0,trial_position,490.25272547938357,0.01634002703361676,0.0236832442910817,2552.1162085266437,m1
0.11266826115316954,zero,"[10,25)",io,5700,support,recording_causal_fixed_window,0.37031756865963633,session_iteration_b_m1_small,0.08853332399800573,/home/xinyuan/Work_host/SSM/results/cross_session_iteration_b/official_20261003/adapt/small/m1,0,trial_position,688.1002266468502,0.022934245381814145,0.036536049092856585,3937.1397744065434,m1
0.18778043525528257,zero,"[25,50)",io,9500,support,recording_causal_fixed_window,0.3863719740728921,session_iteration_b_m1_small,0.08616777134920806,/home/xinyuan/Work_host/SSM/results/cross_session_iteration_b/official_20261003/adapt/small/m1,0,trial_position,1267.9576091121532,0.042260778030583174,0.06181024434827429,6660.697517426922,m1
0.5796090213674369,zero,"[50,128)",io,29323,support,recording_causal_fixed_window,0.8860187697561709,session_iteration_b_m1_small,0.6897023694567934,/home/xinyuan/Work_host/SSM/results/cross_session_iteration_b/official_20261003/adapt/small/m1,0,trial_position,26142.202391432053,0.8713144702593679,0.8420067422274752,90734.99509257087,m1
0.04483010812199798,zero,"[128,1000000000)",io,2268,support,recording_causal_fixed_window,0.787765553656933,session_iteration_b_m1_small,0.5683618820089554,/home/xinyuan/Work_host/SSM/results/cross_session_iteration_b/official_20261003/adapt/small/m1,0,trial_position,1414.6641822739696,0.047150479294618595,0.03596372004031278,3875.465358787828,m1
0.25000494159040143,ridge,Q1,io,12648,support,recording_causal_fixed_window,0.8021818233958333,session_iteration_b_m1_small,0.7480684638284909,/home/xinyuan/Work_host/SSM/results/cross_session_iteration_b/official_20261003/adapt/small/m1,0,query_quartile,6667.878500984794,0.2272562237380072,0.245835786123224,26491.366076784812,m1
0.25000494159040143,ridge,Q2,io,12648,support,recording_causal_fixed_window,0.7709025443275557,session_iteration_b_m1_small,0.7129274354939936,/home/xinyuan/Work_host/SSM/results/cross_session_iteration_b/official_20261003/adapt/small/m1,0,query_quartile,7732.4637219111755,0.263539670882296,0.2501516857135609,26956.449203213568,m1
0.25000494159040143,ridge,Q3,io,12648,support,recording_causal_fixed_window,0.7434164718460304,session_iteration_b_m1_small,0.7198127246507053,/home/xinyuan/Work_host/SSM/results/cross_session_iteration_b/official_20261003/adapt/small/m1,0,query_quartile,7571.714122639815,0.2580609647402432,0.2508980605037958,27036.878859572415,m1
0.24998517522879563,ridge,Q4,io,12647,support,recording_causal_fixed_window,0.7968583308661372,session_iteration_b_m1_small,0.7293289851812534,/home/xinyuan/Work_host/SSM/results/cross_session_iteration_b/official_20261003/adapt/small/m1,0,query_quartile,7368.739656917703,0.251143140639454,0.2531144676594194,27275.719812147963,m1
0.07511217410211303,ridge,"[0,10)",io,3800,support,recording_causal_fixed_window,0.40496173096138804,session_iteration_b_m1_small,0.08716186125912695,/home/xinyuan/Work_host/SSM/results/cross_session_iteration_b/official_20261003/adapt/small/m1,0,trial_position,488.99813523595174,0.016666150952246207,0.0236832442910817,2552.1162085266437,m1
0.11266826115316954,ridge,"[10,25)",io,5700,support,recording_causal_fixed_window,0.39841202374969786,session_iteration_b_m1_small,0.09108816293464383,/home/xinyuan/Work_host/SSM/results/cross_session_iteration_b/official_20261003/adapt/small/m1,0,trial_position,686.1714833393515,0.023386259980198693,0.036536049092856585,3937.1397744065434,m1
0.18778043525528257,ridge,"[25,50)",io,9500,support,recording_causal_fixed_window,0.4071169137500888,session_iteration_b_m1_small,0.08985991954780159,/home/xinyuan/Work_host/SSM/results/cross_session_iteration_b/official_20261003/adapt/small/m1,0,trial_position,1262.8346912990135,0.04304023282781473,0.06181024434827429,6660.697517426922,m1
0.5796090213674369,ridge,"[50,128)",io,29323,support,recording_causal_fixed_window,0.77572570002141,session_iteration_b_m1_small,0.6971486698389956,/home/xinyuan/Work_host/SSM/results/cross_session_iteration_b/official_20261003/adapt/small/m1,0,trial_position,25514.860534782514,0.8696035558356686,0.8420067422274752,90734.99509257087,m1
0.04483010812199798,ridge,"[128,1000000000)",io,2268,support,recording_causal_fixed_window,0.7421425600452478,session_iteration_b_m1_small,0.5765185827427262,/home/xinyuan/Work_host/SSM/results/cross_session_iteration_b/official_20261003/adapt/small/m1,0,trial_position,1387.931157796663,0.047303800404072345,0.03596372004031278,3875.465358787828,m1
0.25000494159040143,zero,Q1,io,12648,support,recording_causal_fixed_window,0.9011476750194761,session_iteration_b_m1_small,0.7407951076881862,/home/xinyuan/Work_host/SSM/results/cross_session_iteration_b/official_20261003/adapt/small/m1,1,query_quartile,6860.382606564204,0.2268670397567205,0.245835786123224,26491.366076784812,m1
0.25000494159040143,zero,Q2,io,12648,support,recording_causal_fixed_window,0.872477891843965,session_iteration_b_m1_small,0.6982716664956548,/home/xinyuan/Work_host/SSM/results/cross_session_iteration_b/official_20261003/adapt/small/m1,1,query_quartile,8127.225242544036,0.2687604522884572,0.2501516857135609,26956.449203213568,m1
0.25000494159040143,zero,Q3,io,12648,support,recording_causal_fixed_window,0.8273769843747467,session_iteration_b_m1_small,0.7166195366092218,/home/xinyuan/Work_host/SSM/results/cross_session_iteration_b/official_20261003/adapt/small/m1,1,query_quartile,7658.006074905684,0.2532437720004845,0.2508980605037958,27036.878859572415,m1
0.24998517522879563,zero,Q4,io,12647,support,recording_causal_fixed_window,0.8935833077105488,session_iteration_b_m1_small,0.7210528799454734,/home/xinyuan/Work_host/SSM/results/cross_session_iteration_b/official_20261003/adapt/small/m1,1,query_quartile,7594.048099702221,0.2511287359543375,0.2531144676594194,27275.719812147963,m1
0.07511217410211303,zero,"[0,10)",io,3800,support,recording_causal_fixed_window,0.36704937850503905,session_iteration_b_m1_small,0.07095577512300699,/home/xinyuan/Work_host/SSM/results/cross_session_iteration_b/official_20261003/adapt/small/m1,1,trial_position,497.6795712580782,0.016457841720180652,0.0236832442910817,2552.1162085266437,m1
0.11266826115316954,zero,"[10,25)",io,5700,support,recording_causal_fixed_window,0.36508309635745567,session_iteration_b_m1_small,0.07128402963720348,/home/xinyuan/Work_host/SSM/results/cross_session_iteration_b/official_20261003/adapt/small/m1,1,trial_position,701.122363025142,0.023185522459717656,0.036536049092856585,3937.1397744065434,m1
0.18778043525528257,zero,"[25,50)",io,9500,support,recording_causal_fixed_window,0.38191724272772304,session_iteration_b_m1_small,0.06476625817613813,/home/xinyuan/Work_host/SSM/results/cross_session_iteration_b/official_20261003/adapt/small/m1,1,trial_position,1297.6525691097588,0.04291227091400839,0.06181024434827429,6660.697517426922,m1
0.5796090213674369,zero,"[50,128)",io,29323,support,recording_causal_fixed_window,0.8837934193192946,session_iteration_b_m1_small,0.687458459532231,/home/xinyuan/Work_host/SSM/results/cross_session_iteration_b/official_20261003/adapt/small/m1,1,trial_position,26331.249105367195,0.8707520965252953,0.8420067422274752,90734.99509257087,m1
0.04483010812199798,zero,"[128,1000000000)",io,2268,support,recording_causal_fixed_window,0.7851309775571442,session_iteration_b_m1_small,0.5691874576667619,/home/xinyuan/Work_host/SSM/results/cross_session_iteration_b/official_20261003/adapt/small/m1,1,trial_position,1411.9584149559857,0.046692268380798194,0.03596372004031278,3875.465358787828,m1
0.25000494159040143,ridge,Q1,io,12648,support,recording_causal_fixed_window,0.8009734748064311,session_iteration_b_m1_small,0.747062474759246,/home/xinyuan/Work_host/SSM/results/cross_session_iteration_b/official_20261003/adapt/small/m1,1,query_quartile,6694.504039767983,0.22671083914993057,0.245835786123224,26491.366076784812,m1
0.25000494159040143,ridge,Q2,io,12648,support,recording_causal_fixed_window,0.7698932019322903,session_iteration_b_m1_small,0.7102477923992755,/home/xinyuan/Work_host/SSM/results/cross_session_iteration_b/official_20261003/adapt/small/m1,1,query_quartile,7804.641441343311,0.26430588433741375,0.2501516857135609,26956.449203213568,m1
0.25000494159040143,ridge,Q3,io,12648,support,recording_causal_fixed_window,0.7396777828826588,session_iteration_b_m1_small,0.7174632920236381,/home/xinyuan/Work_host/SSM/results/cross_session_iteration_b/official_20261003/adapt/small/m1,1,query_quartile,7635.204629767157,0.25856786976499296,0.2508980605037958,27036.878859572415,m1
0.24998517522879563,ridge,Q4,io,12647,support,recording_causal_fixed_window,0.7936828349887265,session_iteration_b_m1_small,0.7283837761465086,/home/xinyuan/Work_host/SSM/results/cross_session_iteration_b/official_20261003/adapt/small/m1,1,query_quartile,7394.471999566452,0.2504154067476634,0.2531144676594194,27275.719812147963,m1
0.07511217410211303,ridge,"[0,10)",io,3800,support,recording_causal_fixed_window,0.4062407846448446,session_iteration_b_m1_small,0.08287309756655736,/home/xinyuan/Work_host/SSM/results/cross_session_iteration_b/official_20261003/adapt/small/m1,1,trial_position,491.2955824603052,0.016637832034841815,0.0236832442910817,2552.1162085266437,m1
0.11266826115316954,ridge,"[10,25)",io,5700,support,recording_causal_fixed_window,0.3997907202433004,session_iteration_b_m1_small,0.08724707870010517,/home/xinyuan/Work_host/SSM/results/cross_session_iteration_b/official_20261003/adapt/small/m1,1,trial_position,689.0712612488951,0.023335548525152922,0.036536049092856585,3937.1397744065434,m1
0.18778043525528257,ridge,"[25,50)",io,9500,support,recording_causal_fixed_window,0.4081147499161114,session_iteration_b_m1_small,0.08461959056711754,/home/xinyuan/Work_host/SSM/results/cross_session_iteration_b/official_20261003/adapt/small/m1,1,trial_position,1270.1057360236227,0.043012407717216844,0.06181024434827429,6660.697517426922,m1
0.5796090213674369,ridge,"[50,128)",io,29323,support,recording_causal_fixed_window,0.7737633712187214,session_iteration_b_m1_small,0.695083317675872,/home/xinyuan/Work_host/SSM/results/cross_session_iteration_b/official_20261003/adapt/small/m1,1,trial_position,25688.86397194522,0.8699589802757015,0.8420067422274752,90734.99509257087,m1
0.04483010812199798,ridge,"[128,1000000000)",io,2268,support,recording_causal_fixed_window,0.7417753830400577,session_iteration_b_m1_small,0.5760443085525773,/home/xinyuan/Work_host/SSM/results/cross_session_iteration_b/official_20261003/adapt/small/m1,1,trial_position,1389.485558766863,0.04705523144708765,0.03596372004031278,3875.465358787828,m1
0.25000494159040143,zero,Q1,io,12648,support,recording_causal_fixed_window,0.8925955380893574,session_iteration_b_m1_small,0.7421120456820685,/home/xinyuan/Work_host/SSM/results/cross_session_iteration_b/official_20261003/adapt/small/m1,2,query_quartile,6825.527174529053,0.22728458653831488,0.245835786123224,26491.366076784812,m1
0.25000494159040143,zero,Q2,io,12648,support,recording_causal_fixed_window,0.8636267167624508,session_iteration_b_m1_small,0.7007498281532107,/home/xinyuan/Work_host/SSM/results/cross_session_iteration_b/official_20261003/adapt/small/m1,2,query_quartile,8060.474540863233,0.268407344440632,0.2501516857135609,26956.449203213568,m1
0.25000494159040143,zero,Q3,io,12648,support,recording_causal_fixed_window,0.8206059802430077,session_iteration_b_m1_small,0.7193286485574906,/home/xinyuan/Work_host/SSM/results/cross_session_iteration_b/official_20261003/adapt/small/m1,2,query_quartile,7584.79567956226,0.2525676194565662,0.2508980605037958,27036.878859572415,m1
0.24998517522879563,zero,Q4,io,12647,support,recording_causal_fixed_window,0.8846306514710769,session_iteration_b_m1_small,0.722305193776099,/home/xinyuan/Work_host/SSM/results/cross_session_iteration_b/official_20261003/adapt/small/m1,2,query_quartile,7559.95514522456,0.25174044956448755,0.2531144676594194,27275.719812147963,m1
0.07511217410211303,zero,"[0,10)",io,3800,support,recording_causal_fixed_window,0.3777291697203554,session_iteration_b_m1_small,0.06664800502420398,/home/xinyuan/Work_host/SSM/results/cross_session_iteration_b/official_20261003/adapt/small/m1,2,trial_position,499.9872000215362,0.016649173188470305,0.0236832442910817,2552.1162085266437,m1
0.11266826115316954,zero,"[10,25)",io,5700,support,recording_causal_fixed_window,0.37600512416349297,session_iteration_b_m1_small,0.06808403194316781,/home/xinyuan/Work_host/SSM/results/cross_session_iteration_b/official_20261003/adapt/small/m1,2,trial_position,703.5381607679554,0.02342725710341989,0.036536049092856585,3937.1397744065434,m1
0.18778043525528257,zero,"[25,50)",io,9500,support,recording_causal_fixed_window,0.39195780593674345,session_iteration_b_m1_small,0.06215834812828536,/home/xinyuan/Work_host/SSM/results/cross_session_iteration_b/official_20261003/adapt/small/m1,2,trial_position,1301.2710882267056,0.043331284705093356,0.06181024434827429,6660.697517426922,m1
0.5796090213674369,zero,"[50,128)",io,29323,support,recording_causal_fixed_window,0.8762442236358257,session_iteration_b_m1_small,0.6900061022519328,/home/xinyuan/Work_host/SSM/results/cross_session_iteration_b/official_20261003/adapt/small/m1,2,trial_position,26116.61326853237,0.8696622981255675,0.8420067422274752,90734.99509257087,m1
0.04483010812199798,zero,"[128,1000000000)",io,2268,support,recording_causal_fixed_window,0.7682620477813124,session_iteration_b_m1_small,0.5699855193996677,/home/xinyuan/Work_host/SSM/results/cross_session_iteration_b/official_20261003/adapt/small/m1,2,trial_position,1409.3428226305446,0.046929986877449724,0.03596372004031278,3875.465358787828,m1
0.25000494159040143,ridge,Q1,io,12648,support,recording_causal_fixed_window,0.8025864924087726,session_iteration_b_m1_small,0.747390901318808,/home/xinyuan/Work_host/SSM/results/cross_session_iteration_b/official_20261003/adapt/small/m1,2,query_quartile,6685.811565499241,0.22745547428404636,0.245835786123224,26491.366076784812,m1
0.25000494159040143,ridge,Q2,io,12648,support,recording_causal_fixed_window,0.7720021316270992,session_iteration_b_m1_small,0.7120531991541814,/home/xinyuan/Work_host/SSM/results/cross_session_iteration_b/official_20261003/adapt/small/m1,2,query_quartile,7756.011777761122,0.2638643521703223,0.2501516857135609,26956.449203213568,m1
0.25000494159040143,ridge,Q3,io,12648,support,recording_causal_fixed_window,0.7430543346960718,session_iteration_b_m1_small,0.7197516906574148,/home/xinyuan/Work_host/SSM/results/cross_session_iteration_b/official_20261003/adapt/small/m1,2,query_quartile,7573.363490721868,0.25765054366724344,0.2508980605037958,27036.878859572415,m1
0.24998517522879563,ridge,Q4,io,12647,support,recording_causal_fixed_window,0.7973200859339427,session_iteration_b_m1_small,0.7289613268230759,/home/xinyuan/Work_host/SSM/results/cross_session_iteration_b/official_20261003/adapt/small/m1,2,query_quartile,7378.748777125547,0.25102962987838773,0.2531144676594194,27275.719812147963,m1
0.07511217410211303,ridge,"[0,10)",io,3800,support,recording_causal_fixed_window,0.4125587016460458,session_iteration_b_m1_small,0.082926019650999,/home/xinyuan/Work_host/SSM/results/cross_session_iteration_b/official_20261003/adapt/small/m1,2,trial_position,491.2672326362713,0.01671321728182001,0.0236832442910817,2552.1162085266437,m1
0.11266826115316954,ridge,"[10,25)",io,5700,support,recording_causal_fixed_window,0.40680975703790107,session_iteration_b_m1_small,0.08795161286225761,/home/xinyuan/Work_host/SSM/results/cross_session_iteration_b/official_20261003/adapt/small/m1,2,trial_position,688.5393821035335,0.02342453869441487,0.036536049092856585,3937.1397744065434,m1
0.18778043525528257,ridge,"[25,50)",io,9500,support,recording_causal_fixed_window,0.41566292883767725,session_iteration_b_m1_small,0.08418590527903169,/home/xinyuan/Work_host/SSM/results/cross_session_iteration_b/official_20261003/adapt/small/m1,2,trial_position,1270.70748166549,0.04323026009437462,0.06181024434827429,6660.697517426922,m1
0.5796090213674369,ridge,"[50,128)",io,29323,support,recording_causal_fixed_window,0.775891940799485,session_iteration_b_m1_small,0.6966748969991294,/home/xinyuan/Work_host/SSM/results/cross_session_iteration_b/official_20261003/adapt/small/m1,2,trial_position,25554.775327060055,0.8693893755895371,0.8420067422274752,90734.99509257087,m1
0.04483010812199798,ridge,"[128,1000000000)",io,2268,support,recording_causal_fixed_window,0.740020432517934,session_iteration_b_m1_small,0.5763004149677856,/home/xinyuan/Work_host/SSM/results/cross_session_iteration_b/official_20261003/adapt/small/m1,2,trial_position,1388.646187642431,0.04724260833985328,0.03596372004031278,3875.465358787828,m1
0.25000494159040143,zero,Q1,lora,12648,support,recording_causal_fixed_window,0.8841767515210128,session_iteration_b_m1_small,0.7501868577575808,/home/xinyuan/Work_host/SSM/results/cross_session_iteration_b/official_20261003/adapt/small/m1,0,query_quartile,6611.8109139290045,0.22338710409348192,0.245835786123224,26491.366076784812,m1
0.25000494159040143,zero,Q2,lora,12648,support,recording_causal_fixed_window,0.8677915613256051,session_iteration_b_m1_small,0.7023937776082678,/home/xinyuan/Work_host/SSM/results/cross_session_iteration_b/official_20261003/adapt/small/m1,0,query_quartile,8016.193822001233,0.27083568284998055,0.2501516857135609,26956.449203213568,m1
0.25000494159040143,zero,Q3,lora,12648,support,recording_causal_fixed_window,0.8213817459925785,session_iteration_b_m1_small,0.7208891274616829,/home/xinyuan/Work_host/SSM/results/cross_session_iteration_b/official_20261003/adapt/small/m1,0,query_quartile,7542.625669727857,0.2548356762701816,0.2508980605037958,27036.878859572415,m1
0.24998517522879563,zero,Q4,lora,12647,support,recording_causal_fixed_window,0.8904765975078998,session_iteration_b_m1_small,0.727175468183116,/home/xinyuan/Work_host/SSM/results/cross_session_iteration_b/official_20261003/adapt/small/m1,0,query_quartile,7427.366939623422,0.2509415367863557,0.2531144676594194,27275.719812147963,m1
0.07511217410211303,zero,"[0,10)",lora,3800,support,recording_causal_fixed_window,0.3459503103392801,session_iteration_b_m1_small,0.0864301403062675,/home/xinyuan/Work_host/SSM/results/cross_session_iteration_b/official_20261003/adapt/small/m1,0,trial_position,489.3901107311418,0.016534568370354958,0.0236832442910817,2552.1162085266437,m1
0.11266826115316954,zero,"[10,25)",lora,5700,support,recording_causal_fixed_window,0.34359375953203164,session_iteration_b_m1_small,0.09146501376102112,/home/xinyuan/Work_host/SSM/results/cross_session_iteration_b/official_20261003/adapt/small/m1,0,trial_position,685.8869845794192,0.023173425437473475,0.036536049092856585,3937.1397744065434,m1
0.18778043525528257,zero,"[25,50)",lora,9500,support,recording_causal_fixed_window,0.3676415565228136,session_iteration_b_m1_small,0.09097058400384184,/home/xinyuan/Work_host/SSM/results/cross_session_iteration_b/official_20261003/adapt/small/m1,0,trial_position,1261.2936256591138,0.04261415429379339,0.06181024434827429,6660.697517426922,m1
0.5796090213674369,zero,"[50,128)",lora,29323,support,recording_causal_fixed_window,0.8722015050932371,session_iteration_b_m1_small,0.6944249298295839,/home/xinyuan/Work_host/SSM/results/cross_session_iteration_b/official_20261003/adapt/small/m1,0,trial_position,25744.332356604125,0.8697998062598062,0.8420067422274752,90734.99509257087,m1
0.04483010812199798,zero,"[128,1000000000)",lora,2268,support,recording_causal_fixed_window,0.7496499841154176,session_iteration_b_m1_small,0.5676204215858203,/home/xinyuan/Work_host/SSM/results/cross_session_iteration_b/official_20261003/adapt/small/m1,0,trial_position,1417.0942677077235,0.047878045638572064,0.03596372004031278,3875.465358787828,m1
0.25000494159040143,ridge,Q1,lora,12648,support,recording_causal_fixed_window,0.7913114093285594,session_iteration_b_m1_small,0.7449162802723923,/home/xinyuan/Work_host/SSM/results/cross_session_iteration_b/official_20261003/adapt/small/m1,0,query_quartile,6751.307424907038,0.22688604012536812,0.245835786123224,26491.366076784812,m1
0.25000494159040143,ridge,Q2,lora,12648,support,recording_causal_fixed_window,0.7720388556591887,session_iteration_b_m1_small,0.7067244323726352,/home/xinyuan/Work_host/SSM/results/cross_session_iteration_b/official_20261003/adapt/small/m1,0,query_quartile,7899.545158917681,0.2654739900135763,0.2501516857135609,26956.449203213568,m1
0.25000494159040143,ridge,Q3,lora,12648,support,recording_causal_fixed_window,0.741296500564398,session_iteration_b_m1_small,0.715439832591732,/home/xinyuan/Work_host/SSM/results/cross_session_iteration_b/official_20261003/adapt/small/m1,0,query_quartile,7689.886114991825,0.2584281384089942,0.2508980605037958,27036.878859572415,m1
0.24998517522879563,ridge,Q4,lora,12647,support,recording_causal_fixed_window,0.7967726068355663,session_iteration_b_m1_small,0.7276061461694892,/home/xinyuan/Work_host/SSM/results/cross_session_iteration_b/official_20261003/adapt/small/m1,0,query_quartile,7415.642174931957,0.2492118314520615,0.2531144676594194,27275.719812147963,m1
0.07511217410211303,ridge,"[0,10)",lora,3800,support,recording_causal_fixed_window,0.41623600318649845,session_iteration_b_m1_small,0.08864480216421078,/home/xinyuan/Work_host/SSM/results/cross_session_iteration_b/official_20261003/adapt/small/m1,0,trial_position,488.2037388293212,0.016406690749815663,0.0236832442910817,2552.1162085266437,m1
0.11266826115316954,ridge,"[10,25)",lora,5700,support,recording_causal_fixed_window,0.40726119235507646,session_iteration_b_m1_small,0.09375888699151547,/home/xinyuan/Work_host/SSM/results/cross_session_iteration_b/official_20261003/adapt/small/m1,0,trial_position,684.155254027595,0.02299188388972284,0.036536049092856585,3937.1397744065434,m1
0.18778043525528257,ridge,"[25,50)",lora,9500,support,recording_causal_fixed_window,0.42518018479331565,session_iteration_b_m1_small,0.09114896481465617,/home/xinyuan/Work_host/SSM/results/cross_session_iteration_b/official_20261003/adapt/small/m1,0,trial_position,1261.0461192796051,0.042379015264995414,0.06181024434827429,6660.697517426922,m1
0.5796090213674369,ridge,"[50,128)",lora,29323,support,recording_causal_fixed_window,0.7742890568826979,session_iteration_b_m1_small,0.6920186181730726,/home/xinyuan/Work_host/SSM/results/cross_session_iteration_b/official_20261003/adapt/small/m1,0,trial_position,25947.061221246946,0.8719830994009695,0.8420067422274752,90734.99509257087,m1
0.04483010812199798,ridge,"[128,1000000000)",lora,2268,support,recording_causal_fixed_window,0.7419649484985937,session_iteration_b_m1_small,0.5801850572303116,/home/xinyuan/Work_host/SSM/results/cross_session_iteration_b/official_20261003/adapt/small/m1,0,trial_position,1375.91454036503,0.0462393106944965,0.03596372004031278,3875.465358787828,m1
0.25000494159040143,zero,Q1,lora,12648,support,recording_causal_fixed_window,0.8805316666682282,session_iteration_b_m1_small,0.7499055374703423,/home/xinyuan/Work_host/SSM/results/cross_session_iteration_b/official_20261003/adapt/small/m1,1,query_quartile,6619.256625266594,0.22125506307038129,0.245835786123224,26491.366076784812,m1
0.25000494159040143,zero,Q2,lora,12648,support,recording_causal_fixed_window,0.8628867097649779,session_iteration_b_m1_small,0.7003610392379295,/home/xinyuan/Work_host/SSM/results/cross_session_iteration_b/official_20261003/adapt/small/m1,1,query_quartile,8070.946792671995,0.2697792127946712,0.2501516857135609,26956.449203213568,m1
0.25000494159040143,zero,Q3,lora,12648,support,recording_causal_fixed_window,0.8178130612446896,session_iteration_b_m1_small,0.7175278107315024,/home/xinyuan/Work_host/SSM/results/cross_session_iteration_b/official_20261003/adapt/small/m1,1,query_quartile,7633.461091589341,0.2551558295561442,0.2508980605037958,27036.878859572415,m1
0.24998517522879563,zero,Q4,lora,12647,support,recording_causal_fixed_window,0.8871599064059759,session_iteration_b_m1_small,0.7210842183452569,/home/xinyuan/Work_host/SSM/results/cross_session_iteration_b/official_20261003/adapt/small/m1,1,query_quartile,7593.194944038604,0.2538098945788036,0.2531144676594194,27275.719812147963,m1
0.07511217410211303,zero,"[0,10)",lora,3800,support,recording_causal_fixed_window,0.33089622371321953,session_iteration_b_m1_small,0.08285990087237549,/home/xinyuan/Work_host/SSM/results/cross_session_iteration_b/official_20261003/adapt/small/m1,1,trial_position,491.3026517955711,0.016422266934740058,0.0236832442910817,2552.1162085266437,m1
0.11266826115316954,zero,"[10,25)",lora,5700,support,recording_causal_fixed_window,0.33126783643995766,session_iteration_b_m1_small,0.08400506358631932,/home/xinyuan/Work_host/SSM/results/cross_session_iteration_b/official_20261003/adapt/small/m1,1,trial_position,691.5187795107516,0.023114684901469916,0.036536049092856585,3937.1397744065434,m1
0.18778043525528257,zero,"[25,50)",lora,9500,support,recording_causal_fixed_window,0.35158744144780596,session_iteration_b_m1_small,0.0883899143641853,/home/xinyuan/Work_host/SSM/results/cross_session_iteration_b/official_20261003/adapt/small/m1,1,trial_position,1264.8743482508726,0.04227965004863106,0.06181024434827429,6660.697517426922,m1
0.5796090213674369,zero,"[50,128)",lora,29323,support,recording_causal_fixed_window,0.868693698609045,session_iteration_b_m1_small,0.6907970012516684,/home/xinyuan/Work_host/SSM/results/cross_session_iteration_b/official_20261003/adapt/small/m1,1,trial_position,26049.980978475643,0.8707458421198053,0.8420067422274752,90734.99509257087,m1
0.04483010812199798,zero,"[128,1000000000)",lora,2268,support,recording_causal_fixed_window,0.7518643649656336,session_iteration_b_m1_small,0.5669832067134434,/home/xinyuan/Work_host/SSM/results/cross_session_iteration_b/official_20261003/adapt/small/m1,1,trial_position,1419.1826955336983,0.04743755599535402,0.03596372004031278,3875.465358787828,m1
0.25000494159040143,ridge,Q1,lora,12648,support,recording_causal_fixed_window,0.7880390630420987,session_iteration_b_m1_small,0.7447592622949782,/home/xinyuan/Work_host/SSM/results/cross_session_iteration_b/official_20261003/adapt/small/m1,1,query_quartile,6755.463223787076,0.22551960040136965,0.245835786123224,26491.366076784812,m1
0.25000494159040143,ridge,Q2,lora,12648,support,recording_causal_fixed_window,0.7679403468307265,session_iteration_b_m1_small,0.7051466386415319,/home/xinyuan/Work_host/SSM/results/cross_session_iteration_b/official_20261003/adapt/small/m1,1,query_quartile,7942.043935515884,0.26513157060806114,0.2501516857135609,26956.449203213568,m1
0.25000494159040143,ridge,Q3,lora,12648,support,recording_causal_fixed_window,0.739522505404122,session_iteration_b_m1_small,0.7140865105763341,/home/xinyuan/Work_host/SSM/results/cross_session_iteration_b/official_20261003/adapt/small/m1,1,query_quartile,7726.457966456863,0.25793460128356865,0.2508980605037958,27036.878859572415,m1
0.24998517522879563,ridge,Q4,lora,12647,support,recording_causal_fixed_window,0.7929313166626867,session_iteration_b_m1_small,0.7233636599417692,/home/xinyuan/Work_host/SSM/results/cross_session_iteration_b/official_20261003/adapt/small/m1,1,query_quartile,7531.139493812078,0.2514142277070007,0.2531144676594194,27275.719812147963,m1
0.07511217410211303,ridge,"[0,10)",lora,3800,support,recording_causal_fixed_window,0.4075738142972096,session_iteration_b_m1_small,0.08541370986422825,/home/xinyuan/Work_host/SSM/results/cross_session_iteration_b/official_20261003/adapt/small/m1,1,trial_position,489.9346022128845,0.016355629814518286,0.0236832442910817,2552.1162085266437,m1
0.11266826115316954,ridge,"[10,25)",lora,5700,support,recording_causal_fixed_window,0.40233119219418306,session_iteration_b_m1_small,0.09021243749970409,/home/xinyuan/Work_host/SSM/results/cross_session_iteration_b/official_20261003/adapt/small/m1,1,trial_position,686.8326011685909,0.022928733178913092,0.036536049092856585,3937.1397744065434,m1
0.18778043525528257,ridge,"[25,50)",lora,9500,support,recording_causal_fixed_window,0.41795215510821215,session_iteration_b_m1_small,0.09357394225959059,/home/xinyuan/Work_host/SSM/results/cross_session_iteration_b/official_20261003/adapt/small/m1,1,trial_position,1257.681422230378,0.04198554597631555,0.06181024434827429,6660.697517426922,m1
0.5796090213674369,ridge,"[50,128)",lora,29323,support,recording_causal_fixed_window,0.7712155381278919,session_iteration_b_m1_small,0.6897123412625519,/home/xinyuan/Work_host/SSM/results/cross_session_iteration_b/official_20261003/adapt/small/m1,1,trial_position,26141.362278783145,0.8726847263856008,0.8420067422274752,90734.99509257087,m1
0.04483010812199798,ridge,"[128,1000000000)",lora,2268,support,recording_causal_fixed_window,0.7347516583690931,session_iteration_b_m1_small,0.5791540134854843,/home/xinyuan/Work_host/SSM/results/cross_session_iteration_b/official_20261003/adapt/small/m1,1,trial_position,1379.2937151769147,0.046045364644652906,0.03596372004031278,3875.465358787828,m1
0.25000494159040143,zero,Q1,lora,12648,support,recording_causal_fixed_window,0.8807186099695394,session_iteration_b_m1_small,0.7476416487465325,/home/xinyuan/Work_host/SSM/results/cross_session_iteration_b/official_20261003/adapt/small/m1,2,query_quartile,6679.175026827229,0.22225252030833656,0.245835786123224,26491.366076784812,m1
0.25000494159040143,zero,Q2,lora,12648,support,recording_causal_fixed_window,0.8610018874375284,session_iteration_b_m1_small,0.698620016553529,/home/xinyuan/Work_host/SSM/results/cross_session_iteration_b/official_20261003/adapt/small/m1,2,query_quartile,8117.842234489352,0.2701248116472494,0.2501516857135609,26956.449203213568,m1
0.25000494159040143,zero,Q3,lora,12648,support,recording_causal_fixed_window,0.8119659813490285,session_iteration_b_m1_small,0.7160710260271623,/home/xinyuan/Work_host/SSM/results/cross_session_iteration_b/official_20261003/adapt/small/m1,2,query_quartile,7672.8288940912435,0.25531679477734354,0.2508980605037958,27036.878859572415,m1
0.24998517522879563,zero,Q4,lora,12647,support,recording_causal_fixed_window,0.8742902722350906,session_iteration_b_m1_small,0.7214827948915778,/home/xinyuan/Work_host/SSM/results/cross_session_iteration_b/official_20261003/adapt/small/m1,2,query_quartile,7582.344107996336,0.25230587326707027,0.2531144676594194,27275.719812147963,m1
0.07511217410211303,zero,"[0,10)",lora,3800,support,recording_causal_fixed_window,0.3439578171510712,session_iteration_b_m1_small,0.078269566431589,/home/xinyuan/Work_host/SSM/results/cross_session_iteration_b/official_20261003/adapt/small/m1,2,trial_position,493.7616474119792,0.016430138471912104,0.0236832442910817,2552.1162085266437,m1
0.11266826115316954,zero,"[10,25)",lora,5700,support,recording_causal_fixed_window,0.3450311496234424,session_iteration_b_m1_small,0.07948815445762292,/home/xinyuan/Work_host/SSM/results/cross_session_iteration_b/official_20261003/adapt/small/m1,2,trial_position,694.9287628672824,0.023124063729675196,0.036536049092856585,3937.1397744065434,m1
0.18778043525528257,zero,"[25,50)",lora,9500,support,recording_causal_fixed_window,0.3655679167213003,session_iteration_b_m1_small,0.08002841581705145,/home/xinyuan/Work_host/SSM/results/cross_session_iteration_b/official_20261003/adapt/small/m1,2,trial_position,1276.476068319415,0.04247530902510737,0.06181024434827429,6660.697517426922,m1
0.5796090213674369,zero,"[50,128)",lora,29323,support,recording_causal_fixed_window,0.8622634176957293,session_iteration_b_m1_small,0.6891098411379717,/home/xinyuan/Work_host/SSM/results/cross_session_iteration_b/official_20261003/adapt/small/m1,2,trial_position,26192.122190065955,0.8715545176739153,0.8420067422274752,90734.99509257087,m1
0.04483010812199798,zero,"[128,1000000000)",lora,2268,support,recording_causal_fixed_window,0.7348167860395575,session_iteration_b_m1_small,0.5743917838025265,/home/xinyuan/Work_host/SSM/results/cross_session_iteration_b/official_20261003/adapt/small/m1,2,trial_position,1394.9015947395394,0.046415971099390066,0.03596372004031278,3875.465358787828,m1
0.25000494159040143,ridge,Q1,lora,12648,support,recording_causal_fixed_window,0.788229024489906,session_iteration_b_m1_small,0.743298041948032,/home/xinyuan/Work_host/SSM/results/cross_session_iteration_b/official_20261003/adapt/small/m1,2,query_quartile,6794.13738060233,0.2252775656719692,0.245835786123224,26491.366076784812,m1
0.25000494159040143,ridge,Q2,lora,12648,support,recording_causal_fixed_window,0.7649190559300946,session_iteration_b_m1_small,0.7032369064439103,/home/xinyuan/Work_host/SSM/results/cross_session_iteration_b/official_20261003/adapt/small/m1,2,query_quartile,7993.483664568665,0.2650450587493177,0.2501516857135609,26956.449203213568,m1
0.25000494159040143,ridge,Q3,lora,12648,support,recording_causal_fixed_window,0.7322955453228434,session_iteration_b_m1_small,0.7118023827468589,/home/xinyuan/Work_host/SSM/results/cross_session_iteration_b/official_20261003/adapt/small/m1,2,query_quartile,7788.183692305017,0.2582377960471942,0.2508980605037958,27036.878859572415,m1
0.24998517522879563,ridge,Q4,lora,12647,support,recording_causal_fixed_window,0.782748909028235,session_iteration_b_m1_small,0.7214529522336479,/home/xinyuan/Work_host/SSM/results/cross_session_iteration_b/official_20261003/adapt/small/m1,2,query_quartile,7583.15654362822,0.2514395795315195,0.2531144676594194,27275.719812147963,m1
0.07511217410211303,ridge,"[0,10)",lora,3800,support,recording_causal_fixed_window,0.405109711971272,session_iteration_b_m1_small,0.08420019337757656,/home/xinyuan/Work_host/SSM/results/cross_session_iteration_b/official_20261003/adapt/small/m1,2,trial_position,490.58467069037965,0.016266630210429376,0.0236832442910817,2552.1162085266437,m1
0.11266826115316954,ridge,"[10,25)",lora,5700,support,recording_causal_fixed_window,0.3996504417046455,session_iteration_b_m1_small,0.08583057602352173,/home/xinyuan/Work_host/SSM/results/cross_session_iteration_b/official_20261003/adapt/small/m1,2,trial_position,690.1406320097421,0.022883435061874714,0.036536049092856585,3937.1397744065434,m1
0.18778043525528257,ridge,"[25,50)",lora,9500,support,recording_causal_fixed_window,0.4121746798921777,session_iteration_b_m1_small,0.08500873927250796,/home/xinyuan/Work_host/SSM/results/cross_session_iteration_b/official_20261003/adapt/small/m1,2,trial_position,1269.5657856403839,0.0420958060792305,0.06181024434827429,6660.697517426922,m1
0.5796090213674369,ridge,"[50,128)",lora,29323,support,recording_causal_fixed_window,0.7644538361644894,session_iteration_b_m1_small,0.6875038993909721,/home/xinyuan/Work_host/SSM/results/cross_session_iteration_b/official_20261003/adapt/small/m1,2,trial_position,26327.420851887564,0.8729551593801985,0.8420067422274752,90734.99509257087,m1
0.04483010812199798,ridge,"[128,1000000000)",lora,2268,support,recording_causal_fixed_window,0.7411068231902451,session_iteration_b_m1_small,0.5785573188021127,/home/xinyuan/Work_host/SSM/results/cross_session_iteration_b/official_20261003/adapt/small/m1,2,trial_position,1381.2493408761648,0.04579896926826761,0.03596372004031278,3875.465358787828,m1
0.25000494159040143,zero,Q1,affine_lora,12648,support,recording_causal_fixed_window,0.8819577169197059,session_iteration_b_m1_small,0.7509722552250736,/home/xinyuan/Work_host/SSM/results/cross_session_iteration_b/official_20261003/adapt/small/m1,0,query_quartile,6591.023778789802,0.22244996135589554,0.245835786123224,26491.366076784812,m1
0.25000494159040143,zero,Q2,affine_lora,12648,support,recording_causal_fixed_window,0.8656403648963962,session_iteration_b_m1_small,0.7017935211273127,/home/xinyuan/Work_host/SSM/results/cross_session_iteration_b/official_20261003/adapt/small/m1,0,query_quartile,8032.362073644555,0.2710957649142136,0.2501516857135609,26956.449203213568,m1
0.25000494159040143,zero,Q3,affine_lora,12648,support,recording_causal_fixed_window,0.8182116181754735,session_iteration_b_m1_small,0.7199951152249215,/home/xinyuan/Work_host/SSM/results/cross_session_iteration_b/official_20261003/adapt/small/m1,0,query_quartile,7566.78524325046,0.2553823414150219,0.2508980605037958,27036.878859572415,m1
0.24998517522879563,zero,Q4,affine_lora,12647,support,recording_causal_fixed_window,0.8886721666995735,session_iteration_b_m1_small,0.7267455474780622,/home/xinyuan/Work_host/SSM/results/cross_session_iteration_b/official_20261003/adapt/small/m1,0,query_quartile,7439.071088110768,0.2510719323148682,0.2531144676594194,27275.719812147963,m1
0.07511217410211303,zero,"[0,10)",affine_lora,3800,support,recording_causal_fixed_window,0.3490923600644087,session_iteration_b_m1_small,0.08527016197258674,/home/xinyuan/Work_host/SSM/results/cross_session_iteration_b/official_20261003/adapt/small/m1,0,trial_position,490.0114993629385,0.01653810436066193,0.0236832442910817,2552.1162085266437,m1
0.11266826115316954,zero,"[10,25)",affine_lora,5700,support,recording_causal_fixed_window,0.34684370955323646,session_iteration_b_m1_small,0.09091722067756036,/home/xinyuan/Work_host/SSM/results/cross_session_iteration_b/official_20261003/adapt/small/m1,0,trial_position,686.3005340319766,0.023162945909136954,0.036536049092856585,3937.1397744065434,m1
0.18778043525528257,zero,"[25,50)",affine_lora,9500,support,recording_causal_fixed_window,0.3711186908101016,session_iteration_b_m1_small,0.0905285201859567,/home/xinyuan/Work_host/SSM/results/cross_session_iteration_b/official_20261003/adapt/small/m1,0,trial_position,1261.9069966521988,0.04258991805542508,0.06181024434827429,6660.697517426922,m1
0.5796090213674369,zero,"[50,128)",affine_lora,29323,support,recording_causal_fixed_window,0.8694716133220949,session_iteration_b_m1_small,0.6941147941234187,/home/xinyuan/Work_host/SSM/results/cross_session_iteration_b/official_20261003/adapt/small/m1,0,trial_position,25770.460917061355,0.8697644292487291,0.8420067422274752,90734.99509257087,m1
0.04483010812199798,zero,"[128,1000000000)",affine_lora,2268,support,recording_causal_fixed_window,0.7502898544886553,session_iteration_b_m1_small,0.566562285229309,/home/xinyuan/Work_host/SSM/results/cross_session_iteration_b/official_20261003/adapt/small/m1,0,trial_position,1420.562236687121,0.047944602426046326,0.03596372004031278,3875.465358787828,m1
0.25000494159040143,ridge,Q1,affine_lora,12648,support,recording_causal_fixed_window,0.7891343679007299,session_iteration_b_m1_small,0.7456107102987056,/home/xinyuan/Work_host/SSM/results/cross_session_iteration_b/official_20261003/adapt/small/m1,0,query_quartile,6732.927927392522,0.2260667478329462,0.245835786123224,26491.366076784812,m1
0.25000494159040143,ridge,Q2,affine_lora,12648,support,recording_causal_fixed_window,0.769728970701948,session_iteration_b_m1_small,0.7062018190921355,/home/xinyuan/Work_host/SSM/results/cross_session_iteration_b/official_20261003/adapt/small/m1,0,query_quartile,7913.622046547142,0.26571007724047474,0.2501516857135609,26956.449203213568,m1
0.25000494159040143,ridge,Q3,affine_lora,12648,support,recording_causal_fixed_window,0.7381789533790571,session_iteration_b_m1_small,0.7146484424877746,/home/xinyuan/Work_host/SSM/results/cross_session_iteration_b/official_20261003/adapt/small/m1,0,query_quartile,7711.272452466224,0.25891592837203353,0.2508980605037958,27036.878859572415,m1
0.24998517522879563,ridge,Q4,affine_lora,12647,support,recording_causal_fixed_window,0.7945822422484176,session_iteration_b_m1_small,0.7272588172188259,/home/xinyuan/Work_host/SSM/results/cross_session_iteration_b/official_20261003/adapt/small/m1,0,query_quartile,7425.097847954286,0.2493072465545456,0.2531144676594194,27275.719812147963,m1
0.07511217410211303,ridge,"[0,10)",affine_lora,3800,support,recording_causal_fixed_window,0.41722336839217566,session_iteration_b_m1_small,0.08930423787220254,/home/xinyuan/Work_host/SSM/results/cross_session_iteration_b/official_20261003/adapt/small/m1,0,trial_position,487.8504858068732,0.016380209909330447,0.0236832442910817,2552.1162085266437,m1
0.11266826115316954,ridge,"[10,25)",affine_lora,5700,support,recording_causal_fixed_window,0.40847898961089457,session_iteration_b_m1_small,0.09558752207060406,/home/xinyuan/Work_host/SSM/results/cross_session_iteration_b/official_20261003/adapt/small/m1,0,trial_position,682.7747491276303,0.022925043710889038,0.036536049092856585,3937.1397744065434,m1
0.18778043525528257,ridge,"[25,50)",affine_lora,9500,support,recording_causal_fixed_window,0.4266840525299554,session_iteration_b_m1_small,0.09397891737659958,/home/xinyuan/Work_host/SSM/results/cross_session_iteration_b/official_20261003/adapt/small/m1,0,trial_position,1257.119512434451,0.04220941065731197,0.06181024434827429,6660.697517426922,m1
0.5796090213674369,ridge,"[50,128)",affine_lora,29323,support,recording_causal_fixed_window,0.7716432183560414,session_iteration_b_m1_small,0.6916657097188236,/home/xinyuan/Work_host/SSM/results/cross_session_iteration_b/official_20261003/adapt/small/m1,0,trial_position,25976.793334316826,0.8722043740176814,0.8420067422274752,90734.99509257087,m1
0.04483010812199798,ridge,"[128,1000000000)",affine_lora,2268,support,recording_causal_fixed_window,0.7403386260838174,session_iteration_b_m1_small,0.5794321345140834,/home/xinyuan/Work_host/SSM/results/cross_session_iteration_b/official_20261003/adapt/small/m1,0,trial_position,1378.3821926743901,0.046280961704787085,0.03596372004031278,3875.465358787828,m1
0.25000494159040143,zero,Q1,affine_lora,12648,support,recording_causal_fixed_window,0.8793788024034365,session_iteration_b_m1_small,0.7502887386957533,/home/xinyuan/Work_host/SSM/results/cross_session_iteration_b/official_20261003/adapt/small/m1,1,query_quartile,6609.114428496395,0.22047060341854613,0.245835786123224,26491.366076784812,m1
0.25000494159040143,zero,Q2,affine_lora,12648,support,recording_causal_fixed_window,0.8617910586178984,session_iteration_b_m1_small,0.6994083606013313,/home/xinyuan/Work_host/SSM/results/cross_session_iteration_b/official_20261003/adapt/small/m1,1,query_quartile,8096.607736652526,0.2700912524144573,0.2501516857135609,26956.449203213568,m1
0.25000494159040143,zero,Q3,affine_lora,12648,support,recording_causal_fixed_window,0.8152698925442481,session_iteration_b_m1_small,0.7164968861483036,/home/xinyuan/Work_host/SSM/results/cross_session_iteration_b/official_20261003/adapt/small/m1,1,query_quartile,7661.320551717399,0.25557069457553955,0.2508980605037958,27036.878859572415,m1
0.24998517522879563,zero,Q4,affine_lora,12647,support,recording_causal_fixed_window,0.8861304681043761,session_iteration_b_m1_small,0.7204573107390562,/home/xinyuan/Work_host/SSM/results/cross_session_iteration_b/official_20261003/adapt/small/m1,1,query_quartile,7610.261858063838,0.25386744959145713,0.2531144676594194,27275.719812147963,m1
0.07511217410211303,zero,"[0,10)",affine_lora,3800,support,recording_causal_fixed_window,0.3331667149854837,session_iteration_b_m1_small,0.08102012369207945,/home/xinyuan/Work_host/SSM/results/cross_session_iteration_b/official_20261003/adapt/small/m1,1,trial_position,492.288201776705,0.016422030224438614,0.0236832442910817,2552.1162085266437,m1
0.11266826115316954,zero,"[10,25)",affine_lora,5700,support,recording_causal_fixed_window,0.33388162704683166,session_iteration_b_m1_small,0.08259218166248228,/home/xinyuan/Work_host/SSM/results/cross_session_iteration_b/official_20261003/adapt/small/m1,1,trial_position,692.5854168301564,0.023103658806247762,0.036536049092856585,3937.1397744065434,m1
0.18778043525528257,zero,"[25,50)",affine_lora,9500,support,recording_causal_fixed_window,0.35424129199779275,session_iteration_b_m1_small,0.08716467993096555,/home/xinyuan/Work_host/SSM/results/cross_session_iteration_b/official_20261003/adapt/small/m1,1,trial_position,1266.574381663834,0.04225110961854331,0.06181024434827429,6660.697517426922,m1
0.5796090213674369,zero,"[50,128)",affine_lora,29323,support,recording_causal_fixed_window,0.8667772367221562,session_iteration_b_m1_small,0.6901579664885432,/home/xinyuan/Work_host/SSM/results/cross_session_iteration_b/official_20261003/adapt/small/m1,1,trial_position,26103.81888914075,0.8707860582959558,0.8420067422274752,90734.99509257087,m1
0.04483010812199798,zero,"[128,1000000000)",affine_lora,2268,support,recording_causal_fixed_window,0.7546620171359977,session_iteration_b_m1_small,0.5661121006803296,/home/xinyuan/Work_host/SSM/results/cross_session_iteration_b/official_20261003/adapt/small/m1,1,trial_position,1422.037685518699,0.04743714305481423,0.03596372004031278,3875.465358787828,m1
0.25000494159040143,ridge,Q1,affine_lora,12648,support,recording_causal_fixed_window,0.7867569805268458,session_iteration_b_m1_small,0.7451594998133937,/home/xinyuan/Work_host/SSM/results/cross_session_iteration_b/official_20261003/adapt/small/m1,1,query_quartile,6744.870127008145,0.22479121760963172,0.245835786123224,26491.366076784812,m1
0.25000494159040143,ridge,Q2,affine_lora,12648,support,recording_causal_fixed_window,0.7664002175169041,session_iteration_b_m1_small,0.7043233116445831,/home/xinyuan/Work_host/SSM/results/cross_session_iteration_b/official_20261003/adapt/small/m1,1,query_quartile,7964.220719097184,0.2654294062073867,0.2501516857135609,26956.449203213568,m1
0.25000494159040143,ridge,Q3,affine_lora,12648,support,recording_causal_fixed_window,0.7366888209428412,session_iteration_b_m1_small,0.7131042606610412,/home/xinyuan/Work_host/SSM/results/cross_session_iteration_b/official_20261003/adapt/small/m1,1,query_quartile,7753.00205396517,0.25838996734157604,0.2508980605037958,27036.878859572415,m1
0.24998517522879563,ridge,Q4,affine_lora,12647,support,recording_causal_fixed_window,0.791103366761807,session_iteration_b_m1_small,0.7229298326216418,/home/xinyuan/Work_host/SSM/results/cross_session_iteration_b/official_20261003/adapt/small/m1,1,query_quartile,7542.949995871996,0.2513894088414054,0.2531144676594194,27275.719812147963,m1
0.07511217410211303,ridge,"[0,10)",affine_lora,3800,support,recording_causal_fixed_window,0.407819836242408,session_iteration_b_m1_small,0.08557624651083384,/home/xinyuan/Work_host/SSM/results/cross_session_iteration_b/official_20261003/adapt/small/m1,1,trial_position,489.847532979332,0.01632550683823794,0.0236832442910817,2552.1162085266437,m1
0.11266826115316954,ridge,"[10,25)",affine_lora,5700,support,recording_causal_fixed_window,0.4030159943157572,session_iteration_b_m1_small,0.09128096461102975,/home/xinyuan/Work_host/SSM/results/cross_session_iteration_b/official_20261003/adapt/small/m1,1,trial_position,686.025930154894,0.022863687698565612,0.036536049092856585,3937.1397744065434,m1
0.18778043525528257,ridge,"[25,50)",affine_lora,9500,support,recording_causal_fixed_window,0.41860521457442024,session_iteration_b_m1_small,0.09567886498070777,/home/xinyuan/Work_host/SSM/results/cross_session_iteration_b/official_20261003/adapt/small/m1,1,trial_position,1254.7608065011932,0.04181833070036608,0.06181024434827429,6660.697517426922,m1
0.5796090213674369,ridge,"[50,128)",affine_lora,29323,support,recording_causal_fixed_window,0.769380080804228,session_iteration_b_m1_small,0.6890997727206711,/home/xinyuan/Work_host/SSM/results/cross_session_iteration_b/official_20261003/adapt/small/m1,1,trial_position,26192.970442121154,0.8729522744879381,0.8420067422274752,90734.99509257087,m1
0.04483010812199798,ridge,"[128,1000000000)",affine_lora,2268,support,recording_causal_fixed_window,0.7346940639600898,session_iteration_b_m1_small,0.5784996994944043,/home/xinyuan/Work_host/SSM/results/cross_session_iteration_b/official_20261003/adapt/small/m1,1,trial_position,1381.4381841859304,0.04604020027489241,0.03596372004031278,3875.465358787828,m1
0.25000494159040143,zero,Q1,affine_lora,12648,support,recording_causal_fixed_window,0.8782643203118633,session_iteration_b_m1_small,0.7483237232993936,/home/xinyuan/Work_host/SSM/results/cross_session_iteration_b/official_20261003/adapt/small/m1,2,query_quartile,6661.122541948978,0.22127479990730475,0.245835786123224,26491.366076784812,m1
0.25000494159040143,zero,Q2,affine_lora,12648,support,recording_causal_fixed_window,0.8584181122439934,session_iteration_b_m1_small,0.6978114250142682,/home/xinyuan/Work_host/SSM/results/cross_session_iteration_b/official_20261003/adapt/small/m1,2,query_quartile,8139.622110089579,0.27038884848441225,0.2501516857135609,26956.449203213568,m1
0.25000494159040143,zero,Q3,affine_lora,12648,support,recording_causal_fixed_window,0.8086609793161884,session_iteration_b_m1_small,0.71512851024281,/home/xinyuan/Work_host/SSM/results/cross_session_iteration_b/official_20261003/adapt/small/m1,2,query_quartile,7698.29921591901,0.25572861149175474,0.2508980605037958,27036.878859572415,m1
0.24998517522879563,zero,Q4,affine_lora,12647,support,recording_causal_fixed_window,0.8726197618692567,session_iteration_b_m1_small,0.7206744526011633,/home/xinyuan/Work_host/SSM/results/cross_session_iteration_b/official_20261003/adapt/small/m1,2,query_quartile,7604.35039446824,0.252607740116528,0.2531144676594194,27275.719812147963,m1
0.07511217410211303,zero,"[0,10)",affine_lora,3800,support,recording_causal_fixed_window,0.3460747366876097,session_iteration_b_m1_small,0.07512088123263128,/home/xinyuan/Work_host/SSM/results/cross_session_iteration_b/official_20261003/adapt/small/m1,2,trial_position,495.4483661470872,0.016458222678413757,0.0236832442910817,2552.1162085266437,m1
0.11266826115316954,zero,"[10,25)",affine_lora,5700,support,recording_causal_fixed_window,0.347546073309601,session_iteration_b_m1_small,0.07655824740889916,/home/xinyuan/Work_host/SSM/results/cross_session_iteration_b/official_20261003/adapt/small/m1,2,trial_position,697.1406590971305,0.023158207776167,0.036536049092856585,3937.1397744065434,m1
0.18778043525528257,zero,"[25,50)",affine_lora,9500,support,recording_causal_fixed_window,0.3685834578052139,session_iteration_b_m1_small,0.07740057184418991,/home/xinyuan/Work_host/SSM/results/cross_session_iteration_b/official_20261003/adapt/small/m1,2,trial_position,1280.1222460930624,0.04252418298526801,0.06181024434827429,6660.697517426922,m1
0.5796090213674369,zero,"[50,128)",affine_lora,29323,support,recording_causal_fixed_window,0.8594611113265248,session_iteration_b_m1_small,0.6886277488532966,/home/xinyuan/Work_host/SSM/results/cross_session_iteration_b/official_20261003/adapt/small/m1,2,trial_position,26232.737885568557,0.871421264223068,0.8420067422274752,90734.99509257087,m1
0.04483010812199798,zero,"[128,1000000000)",affine_lora,2268,support,recording_causal_fixed_window,0.7362925946699104,session_iteration_b_m1_small,0.5734631568663142,/home/xinyuan/Work_host/SSM/results/cross_session_iteration_b/official_20261003/adapt/small/m1,2,trial_position,1397.9451055199793,0.04643812233708323,0.03596372004031278,3875.465358787828,m1
0.25000494159040143,ridge,Q1,affine_lora,12648,support,recording_causal_fixed_window,0.7861213846606474,session_iteration_b_m1_small,0.7437799150974891,/home/xinyuan/Work_host/SSM/results/cross_session_iteration_b/official_20261003/adapt/small/m1,2,query_quartile,6781.383631459626,0.22442301857844352,0.245835786123224,26491.366076784812,m1
0.25000494159040143,ridge,Q2,affine_lora,12648,support,recording_causal_fixed_window,0.7625021443922122,session_iteration_b_m1_small,0.7023212473899543,/home/xinyuan/Work_host/SSM/results/cross_session_iteration_b/official_20261003/adapt/small/m1,2,query_quartile,8018.147464916628,0.26535246422806624,0.2501516857135609,26956.449203213568,m1
0.25000494159040143,ridge,Q3,affine_lora,12648,support,recording_causal_fixed_window,0.7292269348015181,session_iteration_b_m1_small,0.7107662093113525,/home/xinyuan/Work_host/SSM/results/cross_session_iteration_b/official_20261003/adapt/small/m1,2,query_quartile,7816.184996166329,0.25866872100695887,0.2508980605037958,27036.878859572415,m1
0.24998517522879563,ridge,Q4,affine_lora,12647,support,recording_causal_fixed_window,0.7808865608354447,session_iteration_b_m1_small,0.7207881918741884,/home/xinyuan/Work_host/SSM/results/cross_session_iteration_b/official_20261003/adapt/small/m1,2,query_quartile,7601.253959882324,0.25155579618653146,0.2531144676594194,27275.719812147963,m1
0.07511217410211303,ridge,"[0,10)",affine_lora,3800,support,recording_causal_fixed_window,0.4056512823682731,session_iteration_b_m1_small,0.08334565038785746,/home/xinyuan/Work_host/SSM/results/cross_session_iteration_b/official_20261003/adapt/small/m1,2,trial_position,491.04244070536606,0.016250551920110864,0.0236832442910817,2552.1162085266437,m1
0.11266826115316954,ridge,"[10,25)",affine_lora,5700,support,recording_causal_fixed_window,0.4006205613683374,session_iteration_b_m1_small,0.08580070974528264,/home/xinyuan/Work_host/SSM/results/cross_session_iteration_b/official_20261003/adapt/small/m1,2,trial_position,690.1631791783512,0.022840250957688782,0.036536049092856585,3937.1397744065434,m1
0.18778043525528257,ridge,"[25,50)",affine_lora,9500,support,recording_causal_fixed_window,0.41362711885001335,session_iteration_b_m1_small,0.0861978042162882,/home/xinyuan/Work_host/SSM/results/cross_session_iteration_b/official_20261003/adapt/small/m1,2,trial_position,1267.91593800323,0.041960392977967685,0.06181024434827429,6660.697517426922,m1
0.5796090213674369,ridge,"[50,128)",affine_lora,29323,support,recording_causal_fixed_window,0.7619801471504314,session_iteration_b_m1_small,0.6868262834083618,/home/xinyuan/Work_host/SSM/results/cross_session_iteration_b/official_20261003/adapt/small/m1,2,trial_position,26384.50918391915,0.8731685916272667,0.8420067422274752,90734.99509257087,m1
0.04483010812199798,ridge,"[128,1000000000)",affine_lora,2268,support,recording_causal_fixed_window,0.7403405612874522,session_iteration_b_m1_small,0.577919633464716,/home/xinyuan/Work_host/SSM/results/cross_session_iteration_b/official_20261003/adapt/small/m1,2,trial_position,1383.3393106188164,0.04578021251696623,0.03596372004031278,3875.465358787828,m1
0.25000494159040143,zero,Q1,offset_original,12648,support,recording_causal_fixed_window,0.8621228468620592,session_iteration_b_m1_small,0.7427505489258833,/home/xinyuan/Work_host/SSM/results/cross_session_iteration_b/official_20261003/adapt/small/m1,0,query_quartile,6808.6278926172245,0.2245464154686697,0.245835786123224,26491.366076784812,m1
0.25000494159040143,zero,Q2,offset_original,12648,support,recording_causal_fixed_window,0.8326767220741637,session_iteration_b_m1_small,0.6902281615852095,/home/xinyuan/Work_host/SSM/results/cross_session_iteration_b/official_20261003/adapt/small/m1,0,query_quartile,8343.881647951705,0.2751786034854326,0.2501516857135609,26956.449203213568,m1
0.25000494159040143,zero,Q3,offset_original,12648,support,recording_causal_fixed_window,0.7929758745198148,session_iteration_b_m1_small,0.7140028059909851,/home/xinyuan/Work_host/SSM/results/cross_session_iteration_b/official_20261003/adapt/small/m1,0,query_quartile,7728.71997921325,0.2548907643161448,0.2508980605037958,27036.878859572415,m1
0.24998517522879563,zero,Q4,offset_original,12647,support,recording_causal_fixed_window,0.8670608336212382,session_iteration_b_m1_small,0.7266943332001352,/home/xinyuan/Work_host/SSM/results/cross_session_iteration_b/official_20261003/adapt/small/m1,0,query_quartile,7440.465344089797,0.24538421672975297,0.2531144676594194,27275.719812147963,m1
0.07511217410211303,zero,"[0,10)",offset_original,3800,support,recording_causal_fixed_window,0.3728119624662892,session_iteration_b_m1_small,0.09091417375307997,/home/xinyuan/Work_host/SSM/results/cross_session_iteration_b/official_20261003/adapt/small/m1,0,trial_position,486.98805947937075,0.01606071367928752,0.0236832442910817,2552.1162085266437,m1
0.11266826115316954,zero,"[10,25)",offset_original,5700,support,recording_causal_fixed_window,0.36311430967867264,session_iteration_b_m1_small,0.11277182304018596,/home/xinyuan/Work_host/SSM/results/cross_session_iteration_b/official_20261003/adapt/small/m1,0,trial_position,669.8016786871361,0.022089849584404294,0.036536049092856585,3937.1397744065434,m1
0.18778043525528257,zero,"[25,50)",offset_original,9500,support,recording_causal_fixed_window,0.38545083934762225,session_iteration_b_m1_small,0.12480154268858923,/home/xinyuan/Work_host/SSM/results/cross_session_iteration_b/official_20261003/adapt/small/m1,0,trial_position,1214.3526006624165,0.040048968440392387,0.06181024434827429,6660.697517426922,m1
0.5796090213674369,zero,"[50,128)",offset_original,29323,support,recording_causal_fixed_window,0.8447210379071459,session_iteration_b_m1_small,0.6860624882547952,/home/xinyuan/Work_host/SSM/results/cross_session_iteration_b/official_20261003/adapt/small/m1,0,trial_position,26448.858007515322,0.8722750534314261,0.8420067422274752,90734.99509257087,m1
0.04483010812199798,zero,"[128,1000000000)",offset_original,2268,support,recording_causal_fixed_window,0.7786882570410556,session_iteration_b_m1_small,0.5418074455654742,/home/xinyuan/Work_host/SSM/results/cross_session_iteration_b/official_20261003/adapt/small/m1,0,trial_position,1501.6945175277315,0.04952541486448988,0.03596372004031278,3875.465358787828,m1
0.25000494159040143,ridge,Q1,offset_original,12648,support,recording_causal_fixed_window,0.7722318322460936,session_iteration_b_m1_small,0.7425066130637501,/home/xinyuan/Work_host/SSM/results/cross_session_iteration_b/official_20261003/adapt/small/m1,0,query_quartile,6815.084149406091,0.22520639611677712,0.245835786123224,26491.366076784812,m1
0.25000494159040143,ridge,Q2,offset_original,12648,support,recording_causal_fixed_window,0.7465096127066625,session_iteration_b_m1_small,0.6966017725015738,/home/xinyuan/Work_host/SSM/results/cross_session_iteration_b/official_20261003/adapt/small/m1,0,query_quartile,8172.204792404147,0.27005283416580844,0.2501516857135609,26956.449203213568,m1
0.25000494159040143,ridge,Q3,offset_original,12648,support,recording_causal_fixed_window,0.7152695353897727,session_iteration_b_m1_small,0.7121016830817898,/home/xinyuan/Work_host/SSM/results/cross_session_iteration_b/official_20261003/adapt/small/m1,0,query_quartile,7780.095471417463,0.2570954700119259,0.2508980605037958,27036.878859572415,m1
0.24998517522879563,ridge,Q4,offset_original,12647,support,recording_causal_fixed_window,0.78072280638175,session_iteration_b_m1_small,0.7247235051099248,/home/xinyuan/Work_host/SSM/results/cross_session_iteration_b/official_20261003/adapt/small/m1,0,query_quartile,7494.119109399785,0.2476452997054887,0.2531144676594194,27275.719812147963,m1
0.07511217410211303,ridge,"[0,10)",offset_original,3800,support,recording_causal_fixed_window,0.3946214569304315,session_iteration_b_m1_small,0.11472865433214707,/home/xinyuan/Work_host/SSM/results/cross_session_iteration_b/official_20261003/adapt/small/m1,0,trial_position,474.2308836991831,0.015671094575475594,0.0236832442910817,2552.1162085266437,m1
0.11266826115316954,ridge,"[10,25)",offset_original,5700,support,recording_causal_fixed_window,0.3867408402658464,session_iteration_b_m1_small,0.13961038794898573,/home/xinyuan/Work_host/SSM/results/cross_session_iteration_b/official_20261003/adapt/small/m1,0,trial_position,649.540243921768,0.02146424229834074,0.036536049092856585,3937.1397744065434,m1
0.18778043525528257,ridge,"[25,50)",offset_original,9500,support,recording_causal_fixed_window,0.4119272363951199,session_iteration_b_m1_small,0.15312414907932514,/home/xinyuan/Work_host/SSM/results/cross_session_iteration_b/official_20261003/adapt/small/m1,0,trial_position,1175.0545072519408,0.038830010755193156,0.06181024434827429,6660.697517426922,m1
0.5796090213674369,ridge,"[50,128)",offset_original,29323,support,recording_causal_fixed_window,0.755933211647515,session_iteration_b_m1_small,0.6851649274486329,/home/xinyuan/Work_host/SSM/results/cross_session_iteration_b/official_20261003/adapt/small/m1,0,trial_position,26524.476426554596,0.8765088755990398,0.8420067422274752,90734.99509257087,m1
0.04483010812199798,ridge,"[128,1000000000)",offset_original,2268,support,recording_causal_fixed_window,0.745041964864244,session_iteration_b_m1_small,0.5611802576308462,/home/xinyuan/Work_host/SSM/results/cross_session_iteration_b/official_20261003/adapt/small/m1,0,trial_position,1438.2014611999873,0.047525776771950495,0.03596372004031278,3875.465358787828,m1
0.25000494159040143,zero,Q1,offset_original,12648,support,recording_causal_fixed_window,0.8558145439162752,session_iteration_b_m1_small,0.7425483649047836,/home/xinyuan/Work_host/SSM/results/cross_session_iteration_b/official_20261003/adapt/small/m1,1,query_quartile,6813.979102346743,0.22295428807288617,0.245835786123224,26491.366076784812,m1
0.25000494159040143,zero,Q2,offset_original,12648,support,recording_causal_fixed_window,0.8259953018737745,session_iteration_b_m1_small,0.6880995460692518,/home/xinyuan/Work_host/SSM/results/cross_session_iteration_b/official_20261003/adapt/small/m1,1,query_quartile,8401.217124378592,0.2748889238985889,0.2501516857135609,26956.449203213568,m1
0.25000494159040143,zero,Q3,offset_original,12648,support,recording_causal_fixed_window,0.7836553771258692,session_iteration_b_m1_small,0.7105191983255326,/home/xinyuan/Work_host/SSM/results/cross_session_iteration_b/official_20261003/adapt/small/m1,1,query_quartile,7822.860162151106,0.2559650083965562,0.2508980605037958,27036.878859572415,m1
0.24998517522879563,zero,Q4,offset_original,12647,support,recording_causal_fixed_window,0.8594894255800823,session_iteration_b_m1_small,0.7236197191220218,/home/xinyuan/Work_host/SSM/results/cross_session_iteration_b/official_20261003/adapt/small/m1,1,query_quartile,7524.1685463047925,0.24619177963196848,0.2531144676594194,27275.719812147963,m1
0.07511217410211303,zero,"[0,10)",offset_original,3800,support,recording_causal_fixed_window,0.35908278863990584,session_iteration_b_m1_small,0.08903252063961764,/home/xinyuan/Work_host/SSM/results/cross_session_iteration_b/official_20261003/adapt/small/m1,1,trial_position,487.99604197330245,0.015967294364473878,0.0236832442910817,2552.1162085266437,m1
0.11266826115316954,zero,"[10,25)",offset_original,5700,support,recording_causal_fixed_window,0.3493924563187641,session_iteration_b_m1_small,0.10254467790949828,/home/xinyuan/Work_host/SSM/results/cross_session_iteration_b/official_20261003/adapt/small/m1,1,trial_position,677.5225324140595,0.022168625937771292,0.036536049092856585,3937.1397744065434,m1
0.18778043525528257,zero,"[25,50)",offset_original,9500,support,recording_causal_fixed_window,0.36393957285122236,session_iteration_b_m1_small,0.11419508720228244,/home/xinyuan/Work_host/SSM/results/cross_session_iteration_b/official_20261003/adapt/small/m1,1,trial_position,1229.0692362963205,0.04021530627770153,0.06181024434827429,6660.697517426922,m1
0.5796090213674369,zero,"[50,128)",offset_original,29323,support,recording_causal_fixed_window,0.8394497355963486,session_iteration_b_m1_small,0.6835975100538483,/home/xinyuan/Work_host/SSM/results/cross_session_iteration_b/official_20261003/adapt/small/m1,1,trial_position,26656.529458008885,0.8722051327920051,0.8420067422274752,90734.99509257087,m1
0.04483010812199798,zero,"[128,1000000000)",offset_original,2268,support,recording_causal_fixed_window,0.7698016424145192,session_iteration_b_m1_small,0.5389353336163758,/home/xinyuan/Work_host/SSM/results/cross_session_iteration_b/official_20261003/adapt/small/m1,1,trial_position,1511.107666488674,0.049443640628048166,0.03596372004031278,3875.465358787828,m1
0.25000494159040143,ridge,Q1,offset_original,12648,support,recording_causal_fixed_window,0.7689135119928292,session_iteration_b_m1_small,0.7416108491775995,/home/xinyuan/Work_host/SSM/results/cross_session_iteration_b/official_20261003/adapt/small/m1,1,query_quartile,6838.79235540995,0.22444876927283836,0.245835786123224,26491.366076784812,m1
0.25000494159040143,ridge,Q2,offset_original,12648,support,recording_causal_fixed_window,0.7421045125786003,session_iteration_b_m1_small,0.6950315137363888,/home/xinyuan/Work_host/SSM/results/cross_session_iteration_b/official_20261003/adapt/small/m1,1,query_quartile,8214.50061038557,0.2695994345746587,0.2501516857135609,26956.449203213568,m1
0.25000494159040143,ridge,Q3,offset_original,12648,support,recording_causal_fixed_window,0.7099239497782338,session_iteration_b_m1_small,0.7097912719867219,/home/xinyuan/Work_host/SSM/results/cross_session_iteration_b/official_20261003/adapt/small/m1,1,query_quartile,7842.531469968149,0.2573914289158641,0.2508980605037958,27036.878859572415,m1
0.24998517522879563,ridge,Q4,offset_original,12647,support,recording_causal_fixed_window,0.7753163597353881,session_iteration_b_m1_small,0.7218092986059141,/home/xinyuan/Work_host/SSM/results/cross_session_iteration_b/official_20261003/adapt/small/m1,1,query_quartile,7573.4553805883725,0.24856036723663888,0.2531144676594194,27275.719812147963,m1
0.07511217410211303,ridge,"[0,10)",offset_original,3800,support,recording_causal_fixed_window,0.40183813824880676,session_iteration_b_m1_small,0.10908141194947518,/home/xinyuan/Work_host/SSM/results/cross_session_iteration_b/official_20261003/adapt/small/m1,1,trial_position,477.25605418358145,0.015663516074556214,0.0236832442910817,2552.1162085266437,m1
0.11266826115316954,ridge,"[10,25)",offset_original,5700,support,recording_causal_fixed_window,0.3931243708344865,session_iteration_b_m1_small,0.12684900966988288,/home/xinyuan/Work_host/SSM/results/cross_session_iteration_b/official_20261003/adapt/small/m1,1,trial_position,659.1742848772682,0.02163406187643159,0.036536049092856585,3937.1397744065434,m1
0.18778043525528257,ridge,"[25,50)",offset_original,9500,support,recording_causal_fixed_window,0.40946607425581516,session_iteration_b_m1_small,0.13978300455449033,/home/xinyuan/Work_host/SSM/results/cross_session_iteration_b/official_20261003/adapt/small/m1,1,trial_position,1193.5655699877173,0.03917275292300026,0.06181024434827429,6660.697517426922,m1
0.5796090213674369,ridge,"[50,128)",offset_original,29323,support,recording_causal_fixed_window,0.7524832338967616,session_iteration_b_m1_small,0.6830453472980939,/home/xinyuan/Work_host/SSM/results/cross_session_iteration_b/official_20261003/adapt/small/m1,1,trial_position,26703.048506474297,0.8763925064006104,0.8420067422274752,90734.99509257087,m1
0.04483010812199798,ridge,"[128,1000000000)",offset_original,2268,support,recording_causal_fixed_window,0.73998978856603,session_iteration_b_m1_small,0.5617801361100949,/home/xinyuan/Work_host/SSM/results/cross_session_iteration_b/official_20261003/adapt/small/m1,1,trial_position,1436.2354008291848,0.04713716272540173,0.03596372004031278,3875.465358787828,m1
0.25000494159040143,zero,Q1,offset_original,12648,support,recording_causal_fixed_window,0.8607884426155421,session_iteration_b_m1_small,0.7422979680996108,/home/xinyuan/Work_host/SSM/results/cross_session_iteration_b/official_20261003/adapt/small/m1,2,query_quartile,6820.606361082585,0.22337771468019135,0.245835786123224,26491.366076784812,m1
0.25000494159040143,zero,Q2,offset_original,12648,support,recording_causal_fixed_window,0.8310777667907855,session_iteration_b_m1_small,0.6879755432478031,/home/xinyuan/Work_host/SSM/results/cross_session_iteration_b/official_20261003/adapt/small/m1,2,query_quartile,8404.557211300227,0.27525276835668055,0.2501516857135609,26956.449203213568,m1
0.25000494159040143,zero,Q3,offset_original,12648,support,recording_causal_fixed_window,0.7903828693959695,session_iteration_b_m1_small,0.7114143875170471,/home/xinyuan/Work_host/SSM/results/cross_session_iteration_b/official_20261003/adapt/small/m1,2,query_quartile,7798.668782883882,0.2554096685902056,0.2508980605037958,27036.878859572415,m1
0.24998517522879563,zero,Q4,offset_original,12647,support,recording_causal_fixed_window,0.8665691797801374,session_iteration_b_m1_small,0.7241354485478037,/home/xinyuan/Work_host/SSM/results/cross_session_iteration_b/official_20261003/adapt/small/m1,2,query_quartile,7510.128343756534,0.24595984837292278,0.2531144676594194,27275.719812147963,m1
0.07511217410211303,zero,"[0,10)",offset_original,3800,support,recording_causal_fixed_window,0.35842766808518906,session_iteration_b_m1_small,0.08987374409291371,/home/xinyuan/Work_host/SSM/results/cross_session_iteration_b/official_20261003/adapt/small/m1,2,trial_position,487.5454070989249,0.015967316258271122,0.0236832442910817,2552.1162085266437,m1
0.11266826115316954,zero,"[10,25)",offset_original,5700,support,recording_causal_fixed_window,0.34983322897027147,session_iteration_b_m1_small,0.10649913843841108,/home/xinyuan/Work_host/SSM/results/cross_session_iteration_b/official_20261003/adapt/small/m1,2,trial_position,674.5371625065753,0.022091374556860346,0.036536049092856585,3937.1397744065434,m1
0.18778043525528257,zero,"[25,50)",offset_original,9500,support,recording_causal_fixed_window,0.36710329375214157,session_iteration_b_m1_small,0.11813551321888438,/home/xinyuan/Work_host/SSM/results/cross_session_iteration_b/official_20261003/adapt/small/m1,2,trial_position,1223.601828828901,0.04007347231792448,0.06181024434827429,6660.697517426922,m1
0.5796090213674369,zero,"[50,128)",offset_original,29323,support,recording_causal_fixed_window,0.8441538468471922,session_iteration_b_m1_small,0.6838545461390985,/home/xinyuan/Work_host/SSM/results/cross_session_iteration_b/official_20261003/adapt/small/m1,2,trial_position,26634.874476787307,0.8723032933503236,0.8420067422274752,90734.99509257087,m1
0.04483010812199798,zero,"[128,1000000000)",offset_original,2268,support,recording_causal_fixed_window,0.7768081458451932,session_iteration_b_m1_small,0.5382353471762731,/home/xinyuan/Work_host/SSM/results/cross_session_iteration_b/official_20261003/adapt/small/m1,2,trial_position,1513.4018238015165,0.0495645435166205,0.03596372004031278,3875.465358787828,m1
0.25000494159040143,ridge,Q1,offset_original,12648,support,recording_causal_fixed_window,0.7715575208815043,session_iteration_b_m1_small,0.7421634490945193,/home/xinyuan/Work_host/SSM/results/cross_session_iteration_b/official_20261003/adapt/small/m1,2,query_quartile,6824.166679078715,0.22430128462676152,0.245835786123224,26491.366076784812,m1
0.25000494159040143,ridge,Q2,offset_original,12648,support,recording_causal_fixed_window,0.7448279911212008,session_iteration_b_m1_small,0.6947965147967468,/home/xinyuan/Work_host/SSM/results/cross_session_iteration_b/official_20261003/adapt/small/m1,2,query_quartile,8220.83044123721,0.27020776534098834,0.2501516857135609,26956.449203213568,m1
0.25000494159040143,ridge,Q3,offset_original,12648,support,recording_causal_fixed_window,0.7134724273183054,session_iteration_b_m1_small,0.7103988430794667,/home/xinyuan/Work_host/SSM/results/cross_session_iteration_b/official_20261003/adapt/small/m1,2,query_quartile,7826.112613623913,0.25723391520479855,0.2508980605037958,27036.878859572415,m1
0.24998517522879563,ridge,Q4,offset_original,12647,support,recording_causal_fixed_window,0.7792737471946778,session_iteration_b_m1_small,0.7225607081806591,/home/xinyuan/Work_host/SSM/results/cross_session_iteration_b/official_20261003/adapt/small/m1,2,query_quartile,7552.999028674526,0.24825703482745143,0.2531144676594194,27275.719812147963,m1
0.07511217410211303,ridge,"[0,10)",offset_original,3800,support,recording_causal_fixed_window,0.3893983083117878,session_iteration_b_m1_small,0.1149003002090031,/home/xinyuan/Work_host/SSM/results/cross_session_iteration_b/official_20261003/adapt/small/m1,2,trial_position,474.13893474334816,0.015584316321074215,0.0236832442910817,2552.1162085266437,m1
0.11266826115316954,ridge,"[10,25)",offset_original,5700,support,recording_causal_fixed_window,0.3820832442335395,session_iteration_b_m1_small,0.13506228730739644,/home/xinyuan/Work_host/SSM/results/cross_session_iteration_b/official_20261003/adapt/small/m1,2,trial_position,652.9737749160305,0.021462379720335968,0.036536049092856585,3937.1397744065434,m1
0.18778043525528257,ridge,"[25,50)",offset_original,9500,support,recording_causal_fixed_window,0.40189452950538,session_iteration_b_m1_small,0.14769217347267094,/home/xinyuan/Work_host/SSM/results/cross_session_iteration_b/official_20261003/adapt/small/m1,2,trial_position,1182.591464898026,0.03887020895584009,0.06181024434827429,6660.697517426922,m1
0.5796090213674369,ridge,"[50,128)",offset_original,29323,support,recording_causal_fixed_window,0.7553488686960068,session_iteration_b_m1_small,0.683399469886341,/home/xinyuan/Work_host/SSM/results/cross_session_iteration_b/official_20261003/adapt/small/m1,2,trial_position,26673.214104074483,0.8767130801494818,0.8420067422274752,90734.99509257087,m1
0.04483010812199798,ridge,"[128,1000000000)",offset_original,2268,support,recording_causal_fixed_window,0.740576334629219,session_iteration_b_m1_small,0.5602682559101315,/home/xinyuan/Work_host/SSM/results/cross_session_iteration_b/official_20261003/adapt/small/m1,2,trial_position,1441.19048398248,0.04737001485326787,0.03596372004031278,3875.465358787828,m1
0.2500177116542685,zero,Q1,none,3529,support,recording_causal_fixed_window,0.41642506302387283,session_iteration_b_m2_small,0.4126518463192016,/home/xinyuan/Work_host/SSM/results/cross_session_iteration_b/official_20261003/adapt/small/m2,0,query_quartile,0.5872409734761498,0.274275307804921,0.2943648227929093,0.9998349109688534,m2
0.2500177116542685,zero,Q2,none,3529,support,recording_causal_fixed_window,0.424123957533263,session_iteration_b_m2_small,0.3502450224922977,/home/xinyuan/Work_host/SSM/results/cross_session_iteration_b/official_20261003/adapt/small/m2,0,query_quartile,0.5582221418884358,0.2607218445328582,0.2530956259225901,0.859660608254631,m2
0.2500177116542685,zero,Q3,none,3529,support,recording_causal_fixed_window,0.5750175023014018,session_iteration_b_m2_small,0.3594418523300049,/home/xinyuan/Work_host/SSM/results/cross_session_iteration_b/official_20261003/adapt/small/m2,0,query_quartile,0.4627703543656901,0.21614037017087842,0.21270935872902333,0.7224852505446784,m2
0.2499468650371945,zero,Q4,none,3528,support,recording_causal_fixed_window,0.4114003276152692,session_iteration_b_m2_small,0.3456772412053335,/home/xinyuan/Work_host/SSM/results/cross_session_iteration_b/official_20261003/adapt/small/m2,0,query_quartile,0.5328304786650588,0.24886247749134255,0.23983019255547727,0.8146034466558709,m2
0.16436415161176055,zero,"[0,10)",none,2320,support,recording_causal_fixed_window,0.4406351967888732,session_iteration_b_m2_small,0.47623992381419133,/home/xinyuan/Work_host/SSM/results/cross_session_iteration_b/official_20261003/adapt/small/m2,0,trial_position,0.21449163510687835,0.10017992936064972,0.12216793955578938,0.41495369524823955,m2
0.24654622741764082,zero,"[10,25)",none,3480,support,recording_causal_fixed_window,0.46466119208563483,session_iteration_b_m2_small,0.36861467170636464,/home/xinyuan/Work_host/SSM/results/cross_session_iteration_b/official_20261003/adapt/small/m2,0,trial_position,1.7518601494622683,0.8182194421494215,0.824531006353259,2.800589002131704,m2
0.41091037902940136,zero,"[25,50)",none,5800,support,recording_causal_fixed_window,0.2884120158564336,session_iteration_b_m2_small,0.12460193892516813,/home/xinyuan/Work_host/SSM/results/cross_session_iteration_b/official_20261003/adapt/small/m2,0,trial_position,0.10566078027389525,0.04934966111268417,0.03658386286855986,0.12426017119517169,m2
0.1756996103436061,zero,"[50,128)",none,2480,support,recording_causal_fixed_window,0.3379091562738571,session_iteration_b_m2_small,-0.2351065762670701,/home/xinyuan/Work_host/SSM/results/cross_session_iteration_b/official_20261003/adapt/small/m2,0,trial_position,0.06826723340561205,0.031884724160983785,0.016525892796189084,0.056131586633851475,m2
0.002479631597591215,zero,"[128,1000000000)",none,35,support,recording_causal_fixed_window,0.07725706567881513,session_iteration_b_m2_small,-0.2301280843085538,/home/xinyuan/Work_host/SSM/results/cross_session_iteration_b/official_20261003/adapt/small/m2,0,trial_position,0.0007841501466804582,0.00036624321626084835,0.00019129842620273287,0.0006497612150669602,m2
0.2500177116542685,ridge,Q1,none,3529,support,recording_causal_fixed_window,0.3632383904656693,session_iteration_b_m2_small,0.39698392241729363,/home/xinyuan/Work_host/SSM/results/cross_session_iteration_b/official_20261003/adapt/small/m2,0,query_quartile,0.6029060382709341,0.2871052978282665,0.2943648227929093,0.9998349109688534,m2
0.2500177116542685,ridge,Q2,none,3529,support,recording_causal_fixed_window,0.37291037673024363,session_iteration_b_m2_small,0.3888500027069195,/home/xinyuan/Work_host/SSM/results/cross_session_iteration_b/official_20261003/adapt/small/m2,0,query_quartile,0.525055555268926,0.2500327115717631,0.2530956259225901,0.859660608254631,m2
0.2500177116542685,ridge,Q3,none,3529,support,recording_causal_fixed_window,0.4970017898253464,session_iteration_b_m2_small,0.39235970115008023,/home/xinyuan/Work_host/SSM/results/cross_session_iteration_b/official_20261003/adapt/small/m2,0,query_quartile,0.43898889967834687,0.2090475642720577,0.21270935872902333,0.7224852505446784,m2
0.2499468650371945,ridge,Q4,none,3528,support,recording_causal_fixed_window,0.33383322095127077,session_iteration_b_m2_small,0.3454728029929597,/home/xinyuan/Work_host/SSM/results/cross_session_iteration_b/official_20261003/adapt/small/m2,0,query_quartile,0.5329969575305613,0.2538144263279127,0.23983019255547727,0.8146034466558709,m2
0.16436415161176055,ridge,"[0,10)",none,2320,support,recording_causal_fixed_window,0.41911706687138156,session_iteration_b_m2_small,0.4693507404074301,/home/xinyuan/Work_host/SSM/results/cross_session_iteration_b/official_20261003/adapt/small/m2,0,trial_position,0.2173129120247914,0.10348492860966838,0.12216793955578938,0.41495369524823955,m2
0.24654622741764082,ridge,"[10,25)",none,3480,support,recording_causal_fixed_window,0.39325695121831256,session_iteration_b_m2_small,0.3829118031318569,/home/xinyuan/Work_host/SSM/results/cross_session_iteration_b/official_20261003/adapt/small/m2,0,trial_position,1.7121909115602176,0.8153494083624377,0.824531006353259,2.800589002131704,m2
0.41091037902940136,ridge,"[25,50)",none,5800,support,recording_causal_fixed_window,0.24027168158090143,session_iteration_b_m2_small,0.1315248106558513,/home/xinyuan/Work_host/SSM/results/cross_session_iteration_b/official_20261003/adapt/small/m2,0,trial_position,0.10482518780308037,0.04991800521756073,0.03658386286855986,0.12426017119517169,m2
0.1756996103436061,ridge,"[50,128)",none,2480,support,recording_causal_fixed_window,0.25645596882915356,session_iteration_b_m2_small,-0.1735277486719793,/home/xinyuan/Work_host/SSM/results/cross_session_iteration_b/official_20261003/adapt/small/m2,0,trial_position,0.0648636273710758,0.03088821453505786,0.016525892796189084,0.056131586633851475,m2
0.002479631597591215,ridge,"[128,1000000000)",none,35,support,recording_causal_fixed_window,0.0663930173316488,session_iteration_b_m2_small,-0.18410412943791932,/home/xinyuan/Work_host/SSM/results/cross_session_iteration_b/official_20261003/adapt/small/m2,0,trial_position,0.0007548119896031741,0.0003594432752753096,0.00019129842620273287,0.0006497612150669602,m2
0.2500177116542685,zero,Q1,io,3529,support,recording_causal_fixed_window,0.5757876453308444,session_iteration_b_m2_small,0.42414940837215953,/home/xinyuan/Work_host/SSM/results/cross_session_iteration_b/official_20261003/adapt/small/m2,0,query_quartile,0.5757455095161987,0.2700363814859709,0.2943648227929093,0.9998349109688534,m2
0.2500177116542685,zero,Q2,io,3529,support,recording_causal_fixed_window,0.635104972254619,session_iteration_b_m2_small,0.34799927394975116,/home/xinyuan/Work_host/SSM/results/cross_session_iteration_b/official_20261003/adapt/small/m2,0,query_quartile,0.5601515254329401,0.2627224850418085,0.2530956259225901,0.859660608254631,m2
0.2500177116542685,zero,Q3,io,3529,support,recording_causal_fixed_window,0.8354673523480879,session_iteration_b_m2_small,0.30668478528739695,/home/xinyuan/Work_host/SSM/results/cross_session_iteration_b/official_20261003/adapt/small/m2,0,query_quartile,0.5008846250207564,0.23492510049486884,0.21270935872902333,0.7224852505446784,m2
0.2499468650371945,zero,Q4,io,3528,support,recording_causal_fixed_window,0.5010178524911042,session_iteration_b_m2_small,0.39173835817285585,/home/xinyuan/Work_host/SSM/results/cross_session_iteration_b/official_20261003/adapt/small/m2,0,query_quartile,0.4953218230791479,0.23231603297735168,0.23983019255547727,0.8146034466558709,m2
0.16436415161176055,zero,"[0,10)",io,2320,support,recording_causal_fixed_window,0.6621636351299022,session_iteration_b_m2_small,0.48772563562436533,/home/xinyuan/Work_host/SSM/results/cross_session_iteration_b/official_20261003/adapt/small/m2,0,trial_position,0.20978797551435793,0.09839483739051344,0.12216793955578938,0.41495369524823955,m2
0.24654622741764082,zero,"[10,25)",io,3480,support,recording_causal_fixed_window,0.6435719211579595,session_iteration_b_m2_small,0.3666418260867256,/home/xinyuan/Work_host/SSM/results/cross_session_iteration_b/official_20261003/adapt/small/m2,0,trial_position,1.7573340644666402,0.8242255023914417,0.824531006353259,2.800589002131704,m2
0.41091037902940136,zero,"[25,50)",io,5800,support,recording_causal_fixed_window,0.4159226876998292,session_iteration_b_m2_small,0.10401452235527275,/home/xinyuan/Work_host/SSM/results/cross_session_iteration_b/official_20261003/adapt/small/m2,0,trial_position,0.1081456869641477,0.05072253191458254,0.03658386286855986,0.12426017119517169,m2
0.1756996103436061,zero,"[50,128)",io,2480,support,recording_causal_fixed_window,0.3393633656622777,session_iteration_b_m2_small,-0.016859596432011736,/home/xinyuan/Work_host/SSM/results/cross_session_iteration_b/official_20261003/adapt/small/m2,0,trial_position,0.05620421163991128,0.02636092107477621,0.016525892796189084,0.056131586633851475,m2
0.002479631597591215,zero,"[128,1000000000)",io,35,support,recording_causal_fixed_window,0.07792632001443517,session_iteration_b_m2_small,0.009270628938226388,/home/xinyuan/Work_host/SSM/results/cross_session_iteration_b/official_20261003/adapt/small/m2,0,trial_position,0.0006315444639859653,0.00029620722868611263,0.00019129842620273287,0.0006497612150669602,m2
0.2500177116542685,ridge,Q1,io,3529,support,recording_causal_fixed_window,0.4830718193153165,session_iteration_b_m2_small,0.4402301042196358,/home/xinyuan/Work_host/SSM/results/cross_session_iteration_b/official_20261003/adapt/small/m2,0,query_quartile,0.5596677480991127,0.2732721098116698,0.2943648227929093,0.9998349109688534,m2
0.2500177116542685,ridge,Q2,io,3529,support,recording_causal_fixed_window,0.5247563682041247,session_iteration_b_m2_small,0.377028462978485,/home/xinyuan/Work_host/SSM/results/cross_session_iteration_b/official_20261003/adapt/small/m2,0,query_quartile,0.535211761001952,0.2613308478499665,0.2530956259225901,0.859660608254631,m2
0.2500177116542685,ridge,Q3,io,3529,support,recording_causal_fixed_window,0.699507462358122,session_iteration_b_m2_small,0.3530911068793625,/home/xinyuan/Work_host/SSM/results/cross_session_iteration_b/official_20261003/adapt/small/m2,0,query_quartile,0.46735844169760576,0.2281997271323584,0.21270935872902333,0.7224852505446784,m2
0.2499468650371945,ridge,Q4,io,3528,support,recording_causal_fixed_window,0.41703337376369404,session_iteration_b_m2_small,0.40344882292923556,/home/xinyuan/Work_host/SSM/results/cross_session_iteration_b/official_20261003/adapt/small/m2,0,query_quartile,0.4857857150076111,0.23719731520600534,0.23983019255547727,0.8146034466558709,m2
0.16436415161176055,ridge,"[0,10)",io,2320,support,recording_causal_fixed_window,0.5362117715557063,session_iteration_b_m2_small,0.5014949798738157,/home/xinyuan/Work_host/SSM/results/cross_session_iteration_b/official_20261003/adapt/small/m2,0,trial_position,0.20414911662323781,0.09968103398007701,0.12216793955578938,0.41495369524823955,m2
0.24654622741764082,ridge,"[10,25)",io,3480,support,recording_causal_fixed_window,0.5393156943309204,session_iteration_b_m2_small,0.3928985731295661,/home/xinyuan/Work_host/SSM/results/cross_session_iteration_b/official_20261003/adapt/small/m2,0,trial_position,1.6844813282094058,0.8224911441861911,0.824531006353259,2.800589002131704,m2
0.41091037902940136,ridge,"[25,50)",io,5800,support,recording_causal_fixed_window,0.34534327498152095,session_iteration_b_m2_small,0.1336428812782472,/home/xinyuan/Work_host/SSM/results/cross_session_iteration_b/official_20261003/adapt/small/m2,0,trial_position,0.10456953611205105,0.051058753791735766,0.03658386286855986,0.12426017119517169,m2
0.1756996103436061,ridge,"[50,128)",io,2480,support,recording_causal_fixed_window,0.28536617431953853,session_iteration_b_m2_small,0.019283510469995657,/home/xinyuan/Work_host/SSM/results/cross_session_iteration_b/official_20261003/adapt/small/m2,0,trial_position,0.05420649746504173,0.02646771049088503,0.016525892796189084,0.056131586633851475,m2
0.002479631597591215,ridge,"[128,1000000000)",io,35,support,recording_causal_fixed_window,0.06147202289141765,session_iteration_b_m2_small,0.031793141931379165,/home/xinyuan/Work_host/SSM/results/cross_session_iteration_b/official_20261003/adapt/small/m2,0,trial_position,0.0006171873965452032,0.0003013575511112193,0.00019129842620273287,0.0006497612150669602,m2
0.2500177116542685,zero,Q1,io,3529,support,recording_causal_fixed_window,0.6101235030933789,session_iteration_b_m2_small,0.41789742693740883,/home/xinyuan/Work_host/SSM/results/cross_session_iteration_b/official_20261003/adapt/small/m2,1,query_quartile,0.5819963500796528,0.26975167422981045,0.2943648227929093,0.9998349109688534,m2
0.2500177116542685,zero,Q2,io,3529,support,recording_causal_fixed_window,0.6697625694223756,session_iteration_b_m2_small,0.3395532832763213,/home/xinyuan/Work_host/SSM/results/cross_session_iteration_b/official_20261003/adapt/small/m2,1,query_quartile,0.5674077053273618,0.262989928479797,0.2530956259225901,0.859660608254631,m2
0.2500177116542685,zero,Q3,io,3529,support,recording_causal_fixed_window,0.8762136740207684,session_iteration_b_m2_small,0.30049521027472836,/home/xinyuan/Work_host/SSM/results/cross_session_iteration_b/official_20261003/adapt/small/m2,1,query_quartile,0.5053562749910279,0.23422947797303748,0.21270935872902333,0.7224852505446784,m2
0.2499468650371945,zero,Q4,io,3528,support,recording_causal_fixed_window,0.5344257664803543,session_iteration_b_m2_small,0.38259676537418863,/home/xinyuan/Work_host/SSM/results/cross_session_iteration_b/official_20261003/adapt/small/m2,1,query_quartile,0.5027660380345434,0.23302891931735525,0.23983019255547727,0.8146034466558709,m2
0.16436415161176055,zero,"[0,10)",io,2320,support,recording_causal_fixed_window,0.7331275259150561,session_iteration_b_m2_small,0.47506130539679425,/home/xinyuan/Work_host/SSM/results/cross_session_iteration_b/official_20261003/adapt/small/m2,1,trial_position,0.21497430609118778,0.09963924855637513,0.12216793955578938,0.41495369524823955,m2
0.24654622741764082,zero,"[10,25)",io,3480,support,recording_causal_fixed_window,0.6758805666223381,session_iteration_b_m2_small,0.3594179620479694,/home/xinyuan/Work_host/SSM/results/cross_session_iteration_b/official_20261003/adapt/small/m2,1,trial_position,1.7773776083494737,0.8238034233809689,0.824531006353259,2.800589002131704,m2
0.41091037902940136,zero,"[25,50)",io,5800,support,recording_causal_fixed_window,0.4128279911069064,session_iteration_b_m2_small,0.1112427193073735,/home/xinyuan/Work_host/SSM/results/cross_session_iteration_b/official_20261003/adapt/small/m2,1,trial_position,0.10727324165738676,0.04972047768543351,0.03658386286855986,0.12426017119517169,m2
0.1756996103436061,zero,"[50,128)",io,2480,support,recording_causal_fixed_window,0.362821984051024,session_iteration_b_m2_small,-0.03574390978556741,/home/xinyuan/Work_host/SSM/results/cross_session_iteration_b/official_20261003/adapt/small/m2,1,trial_position,0.057247991870851556,0.026534086771065266,0.016525892796189084,0.056131586633851475,m2
0.002479631597591215,zero,"[128,1000000000)",io,35,support,recording_causal_fixed_window,0.0785089981755887,session_iteration_b_m2_small,-0.024733389423671648,/home/xinyuan/Work_host/SSM/results/cross_session_iteration_b/official_20261003/adapt/small/m2,1,trial_position,0.0006532204636857811,0.0003027636061571461,0.00019129842620273287,0.0006497612150669602,m2
0.2500177116542685,ridge,Q1,io,3529,support,recording_causal_fixed_window,0.5096940880067811,session_iteration_b_m2_small,0.4366796821301404,/home/xinyuan/Work_host/SSM/results/cross_session_iteration_b/official_20261003/adapt/small/m2,1,query_quartile,0.5632175223020628,0.2730991635905765,0.2943648227929093,0.9998349109688534,m2
0.2500177116542685,ridge,Q2,io,3529,support,recording_causal_fixed_window,0.5514276087254885,session_iteration_b_m2_small,0.3715954941514339,/home/xinyuan/Work_host/SSM/results/cross_session_iteration_b/official_20261003/adapt/small/m2,1,query_quartile,0.5398793720252375,0.2617827022448766,0.2530956259225901,0.859660608254631,m2
0.2500177116542685,ridge,Q3,io,3529,support,recording_causal_fixed_window,0.72995143963697,session_iteration_b_m2_small,0.35115606043962333,/home/xinyuan/Work_host/SSM/results/cross_session_iteration_b/official_20261003/adapt/small/m2,1,query_quartile,0.46875641334138146,0.22729581261605747,0.21270935872902333,0.7224852505446784,m2
0.2499468650371945,ridge,Q4,io,3528,support,recording_causal_fixed_window,0.4433219911932643,session_iteration_b_m2_small,0.3977020721013018,/home/xinyuan/Work_host/SSM/results/cross_session_iteration_b/official_20261003/adapt/small/m2,1,query_quartile,0.4904654299544935,0.23782232154848937,0.23983019255547727,0.8146034466558709,m2
0.16436415161176055,ridge,"[0,10)",io,2320,support,recording_causal_fixed_window,0.5918285235565889,session_iteration_b_m2_small,0.49655253737487404,/home/xinyuan/Work_host/SSM/results/cross_session_iteration_b/official_20261003/adapt/small/m2,1,trial_position,0.20617315896861818,0.09997152971913206,0.12216793955578938,0.41495369524823955,m2
0.24654622741764082,ridge,"[10,25)",io,3480,support,recording_causal_fixed_window,0.5640899301201407,session_iteration_b_m2_small,0.38850036918068587,/home/xinyuan/Work_host/SSM/results/cross_session_iteration_b/official_20261003/adapt/small/m2,1,trial_position,1.6966847131820568,0.8227073159105793,0.824531006353259,2.800589002131704,m2
0.41091037902940136,ridge,"[25,50)",io,5800,support,recording_causal_fixed_window,0.3415013611372673,session_iteration_b_m2_small,0.13872032725121652,/home/xinyuan/Work_host/SSM/results/cross_session_iteration_b/official_20261003/adapt/small/m2,1,trial_position,0.10395668702412439,0.050407672261143587,0.03658386286855986,0.12426017119517169,m2
0.1756996103436061,ridge,"[50,128)",io,2480,support,recording_causal_fixed_window,0.3040951375198882,session_iteration_b_m2_small,0.007298370870681747,/home/xinyuan/Work_host/SSM/results/cross_session_iteration_b/official_20261003/adapt/small/m2,1,trial_position,0.0548689442029565,0.026605462677506884,0.016525892796189084,0.056131586633851475,m2
0.002479631597591215,ridge,"[128,1000000000)",io,35,support,recording_causal_fixed_window,0.061702870151798,session_iteration_b_m2_small,0.0034823194090085607,/home/xinyuan/Work_host/SSM/results/cross_session_iteration_b/official_20261003/adapt/small/m2,1,trial_position,0.0006352342454195135,0.0003080194316382063,0.00019129842620273287,0.0006497612150669602,m2
0.2500177116542685,zero,Q1,io,3529,support,recording_causal_fixed_window,0.6247806261259085,session_iteration_b_m2_small,0.41759646423458774,/home/xinyuan/Work_host/SSM/results/cross_session_iteration_b/official_20261003/adapt/small/m2,2,query_quartile,0.5822972578623318,0.2685244400645906,0.2943648227929093,0.9998349109688534,m2
0.2500177116542685,zero,Q2,io,3529,support,recording_causal_fixed_window,0.6849837939228276,session_iteration_b_m2_small,0.33571063015520264,/home/xinyuan/Work_host/SSM/results/cross_session_iteration_b/official_20261003/adapt/small/m2,2,query_quartile,0.5707090329509423,0.2631805687623337,0.2530956259225901,0.859660608254631,m2
0.2500177116542685,zero,Q3,io,3529,support,recording_causal_fixed_window,0.8961498959220392,session_iteration_b_m2_small,0.29224230677990914,/home/xinyuan/Work_host/SSM/results/cross_session_iteration_b/official_20261003/adapt/small/m2,2,query_quartile,0.5113185737904975,0.23579285642828762,0.21270935872902333,0.7224852505446784,m2
0.2499468650371945,zero,Q4,io,3528,support,recording_causal_fixed_window,0.5461739551087846,session_iteration_b_m2_small,0.3808571852852115,/home/xinyuan/Work_host/SSM/results/cross_session_iteration_b/official_20261003/adapt/small/m2,2,query_quartile,0.5041826191927372,0.23250213474478804,0.23983019255547727,0.8146034466558709,m2
0.16436415161176055,zero,"[0,10)",io,2320,support,recording_causal_fixed_window,0.7639032417542592,session_iteration_b_m2_small,0.4672523083035047,/home/xinyuan/Work_host/SSM/results/cross_session_iteration_b/official_20261003/adapt/small/m2,2,trial_position,0.2181722675839426,0.10060941417733917,0.12216793955578938,0.41495369524823955,m2
0.24654622741764082,zero,"[10,25)",io,3480,support,recording_causal_fixed_window,0.6889890231341856,session_iteration_b_m2_small,0.3576468934562126,/home/xinyuan/Work_host/SSM/results/cross_session_iteration_b/official_20261003/adapt/small/m2,2,trial_position,1.7822916669264255,0.8218978630436096,0.824531006353259,2.800589002131704,m2
0.41091037902940136,zero,"[25,50)",io,5800,support,recording_causal_fixed_window,0.42428424694539074,session_iteration_b_m2_small,0.10835462550216524,/home/xinyuan/Work_host/SSM/results/cross_session_iteration_b/official_20261003/adapt/small/m2,2,trial_position,0.10762183535267988,0.04962945074289586,0.03658386286855986,0.12426017119517169,m2
0.1756996103436061,zero,"[50,128)",io,2480,support,recording_causal_fixed_window,0.3841680185567674,session_iteration_b_m2_small,-0.08121154407959508,/home/xinyuan/Work_host/SSM/results/cross_session_iteration_b/official_20261003/adapt/small/m2,2,trial_position,0.05976109451510484,0.0275586295927733,0.016525892796189084,0.056131586633851475,m2
0.002479631597591215,zero,"[128,1000000000)",io,35,support,recording_causal_fixed_window,0.07976882491434943,session_iteration_b_m2_small,-0.03634042918877434,/home/xinyuan/Work_host/SSM/results/cross_session_iteration_b/official_20261003/adapt/small/m2,2,trial_position,0.0006606194183559748,0.0003046424433820247,0.00019129842620273287,0.0006497612150669602,m2
0.2500177116542685,ridge,Q1,io,3529,support,recording_causal_fixed_window,0.5160856091151648,session_iteration_b_m2_small,0.4375600602147861,/home/xinyuan/Work_host/SSM/results/cross_session_iteration_b/official_20261003/adapt/small/m2,2,query_quartile,0.5623373048701794,0.2724438842133071,0.2943648227929093,0.9998349109688534,m2
0.2500177116542685,ridge,Q2,io,3529,support,recording_causal_fixed_window,0.5585481318690018,session_iteration_b_m2_small,0.371052709413048,/home/xinyuan/Work_host/SSM/results/cross_session_iteration_b/official_20261003/adapt/small/m2,2,query_quartile,0.5403456931304768,0.26178928230341114,0.2530956259225901,0.859660608254631,m2
0.2500177116542685,ridge,Q3,io,3529,support,recording_causal_fixed_window,0.7382678700321145,session_iteration_b_m2_small,0.3481398654453489,/home/xinyuan/Work_host/SSM/results/cross_session_iteration_b/official_20261003/adapt/small/m2,2,query_quartile,0.47093545927407876,0.2281610781060092,0.21270935872902333,0.7224852505446784,m2
0.2499468650371945,ridge,Q4,io,3528,support,recording_causal_fixed_window,0.4476850140634778,session_iteration_b_m2_small,0.39774591424804173,/home/xinyuan/Work_host/SSM/results/cross_session_iteration_b/official_20261003/adapt/small/m2,2,query_quartile,0.4904297282587796,0.2376057553772726,0.23983019255547727,0.8146034466558709,m2
0.16436415161176055,ridge,"[0,10)",io,2320,support,recording_causal_fixed_window,0.6117985482192675,session_iteration_b_m2_small,0.4906805291361471,/home/xinyuan/Work_host/SSM/results/cross_session_iteration_b/official_20261003/adapt/small/m2,2,trial_position,0.20857787957591928,0.10105281506400789,0.12216793955578938,0.41495369524823955,m2
0.24654622741764082,ridge,"[10,25)",io,3480,support,recording_causal_fixed_window,0.5685616360432885,session_iteration_b_m2_small,0.3892786302775201,/home/xinyuan/Work_host/SSM/results/cross_session_iteration_b/official_20261003/adapt/small/m2,2,trial_position,1.6945253272408198,0.8209717869560392,0.824531006353259,2.800589002131704,m2
0.41091037902940136,ridge,"[25,50)",io,5800,support,recording_causal_fixed_window,0.34694372433813586,session_iteration_b_m2_small,0.14104943343133935,/home/xinyuan/Work_host/SSM/results/cross_session_iteration_b/official_20261003/adapt/small/m2,2,trial_position,0.10367556328479331,0.050229235931328456,0.03658386286855986,0.12426017119517169,m2
0.1756996103436061,ridge,"[50,128)",io,2480,support,recording_causal_fixed_window,0.3170976795997222,session_iteration_b_m2_small,-0.024678965632360494,/home/xinyuan/Work_host/SSM/results/cross_session_iteration_b/official_20261003/adapt/small/m2,2,trial_position,0.05663640649057608,0.027439478829771952,0.016525892796189084,0.056131586633851475,m2
0.002479631597591215,ridge,"[128,1000000000)",io,35,support,recording_causal_fixed_window,0.061907564248014746,session_iteration_b_m2_small,0.006973243914769056,/home/xinyuan/Work_host/SSM/results/cross_session_iteration_b/official_20261003/adapt/small/m2,2,trial_position,0.0006330089414059228,0.0003066832188524237,0.00019129842620273287,0.0006497612150669602,m2
0.2500177116542685,zero,Q1,lora,3529,support,recording_causal_fixed_window,0.5707630511117001,session_iteration_b_m2_small,0.47917645701242106,/home/xinyuan/Work_host/SSM/results/cross_session_iteration_b/official_20261003/adapt/small/m2,0,query_quartile,0.5207285022973624,0.25164643419705296,0.2943648227929093,0.9998349109688534,m2
0.2500177116542685,zero,Q2,lora,3529,support,recording_causal_fixed_window,0.6172598792755011,session_iteration_b_m2_small,0.41705640581286163,/home/xinyuan/Work_host/SSM/results/cross_session_iteration_b/official_20261003/adapt/small/m2,0,query_quartile,0.5008226685626737,0.24202677240217524,0.2530956259225901,0.859660608254631,m2
0.2500177116542685,zero,Q3,lora,3529,support,recording_causal_fixed_window,0.8556144841968792,session_iteration_b_m2_small,0.2900785432941717,/home/xinyuan/Work_host/SSM/results/cross_session_iteration_b/official_20261003/adapt/small/m2,0,query_quartile,0.5128817817501504,0.24785444040924404,0.21270935872902333,0.7224852505446784,m2
0.2499468650371945,zero,Q4,lora,3528,support,recording_causal_fixed_window,0.5316464790202562,session_iteration_b_m2_small,0.3431932122772948,/home/xinyuan/Work_host/SSM/results/cross_session_iteration_b/official_20261003/adapt/small/m2,0,query_quartile,0.5348532820980051,0.25847235299152777,0.23983019255547727,0.8146034466558709,m2
0.16436415161176055,zero,"[0,10)",lora,2320,support,recording_causal_fixed_window,0.7246544359565813,session_iteration_b_m2_small,0.4005031896387201,/home/xinyuan/Work_host/SSM/results/cross_session_iteration_b/official_20261003/adapt/small/m2,0,trial_position,0.24550754618825066,0.11864358930647015,0.12216793955578938,0.41495369524823955,m2
0.24654622741764082,zero,"[10,25)",lora,3480,support,recording_causal_fixed_window,0.6275469254068463,session_iteration_b_m2_small,0.3971971659148057,/home/xinyuan/Work_host/SSM/results/cross_session_iteration_b/official_20261003/adapt/small/m2,0,trial_position,1.6725543272770607,0.8082759645443263,0.824531006353259,2.800589002131704,m2
0.41091037902940136,zero,"[25,50)",lora,5800,support,recording_causal_fixed_window,0.36983727450838977,session_iteration_b_m2_small,0.1793845980751414,/home/xinyuan/Work_host/SSM/results/cross_session_iteration_b/official_20261003/adapt/small/m2,0,trial_position,0.0990484986517976,0.04786602113833001,0.03658386286855986,0.12426017119517169,m2
0.1756996103436061,zero,"[50,128)",lora,2480,support,recording_causal_fixed_window,0.48492478780005,session_iteration_b_m2_small,0.06455478511286106,/home/xinyuan/Work_host/SSM/results/cross_session_iteration_b/official_20261003/adapt/small/m2,0,trial_position,0.05170424807863268,0.024986513325897592,0.016525892796189084,0.056131586633851475,m2
0.002479631597591215,zero,"[128,1000000000)",lora,35,support,recording_causal_fixed_window,0.1807674326719687,session_iteration_b_m2_small,0.2601592192667558,/home/xinyuan/Work_host/SSM/results/cross_session_iteration_b/official_20261003/adapt/small/m2,0,trial_position,0.0004716145124499407,0.00022791168497597784,0.00019129842620273287,0.0006497612150669602,m2
0.2500177116542685,ridge,Q1,lora,3529,support,recording_causal_fixed_window,0.4751085688238508,session_iteration_b_m2_small,0.49050838778178774,/home/xinyuan/Work_host/SSM/results/cross_session_iteration_b/official_20261003/adapt/small/m2,0,query_quartile,0.5093986393963483,0.2553804823033736,0.2943648227929093,0.9998349109688534,m2
0.2500177116542685,ridge,Q2,lora,3529,support,recording_causal_fixed_window,0.5088322508296121,session_iteration_b_m2_small,0.4343585014514574,/home/xinyuan/Work_host/SSM/results/cross_session_iteration_b/official_20261003/adapt/small/m2,0,query_quartile,0.4859579684512829,0.2436288022074876,0.2530956259225901,0.859660608254631,m2
0.2500177116542685,ridge,Q3,lora,3529,support,recording_causal_fixed_window,0.7099284625797693,session_iteration_b_m2_small,0.33673339125157986,/home/xinyuan/Work_host/SSM/results/cross_session_iteration_b/official_20261003/adapt/small/m2,0,query_quartile,0.47917605089548615,0.2402287747194018,0.21270935872902333,0.7224852505446784,m2
0.2499468650371945,ridge,Q4,lora,3528,support,recording_causal_fixed_window,0.4464483360348056,session_iteration_b_m2_small,0.361270095627253,/home/xinyuan/Work_host/SSM/results/cross_session_iteration_b/official_20261003/adapt/small/m2,0,query_quartile,0.5201328489804505,0.2607619407697371,0.23983019255547727,0.8146034466558709,m2
0.16436415161176055,ridge,"[0,10)",lora,2320,support,recording_causal_fixed_window,0.5874530865068462,session_iteration_b_m2_small,0.4289725339340036,/home/xinyuan/Work_host/SSM/results/cross_session_iteration_b/official_20261003/adapt/small/m2,0,trial_position,0.23384870374118005,0.11723705194464522,0.12216793955578938,0.41495369524823955,m2
0.24654622741764082,ridge,"[10,25)",lora,3480,support,recording_causal_fixed_window,0.5243071273032192,session_iteration_b_m2_small,0.41849447450632304,/home/xinyuan/Work_host/SSM/results/cross_session_iteration_b/official_20261003/adapt/small/m2,0,trial_position,1.613462193614227,0.808888601806529,0.824531006353259,2.800589002131704,m2
0.41091037902940136,ridge,"[25,50)",lora,5800,support,recording_causal_fixed_window,0.3046854691422047,session_iteration_b_m2_small,0.19787185372581972,/home/xinyuan/Work_host/SSM/results/cross_session_iteration_b/official_20261003/adapt/small/m2,0,trial_position,0.09681708194660722,0.04853800377643302,0.03658386286855986,0.12426017119517169,m2
0.1756996103436061,ridge,"[50,128)",lora,2480,support,recording_causal_fixed_window,0.3961318194903594,session_iteration_b_m2_small,0.09427308388449784,/home/xinyuan/Work_host/SSM/results/cross_session_iteration_b/official_20261003/adapt/small/m2,0,trial_position,0.05006164809767172,0.02509776596819237,0.016525892796189084,0.056131586633851475,m2
0.002479631597591215,ridge,"[128,1000000000)",lora,35,support,recording_causal_fixed_window,0.14369443796354125,session_iteration_b_m2_small,0.2534672681566442,/home/xinyuan/Work_host/SSM/results/cross_session_iteration_b/official_20261003/adapt/small/m2,0,trial_position,0.0004758803238817007,0.00023857650420034781,0.00019129842620273287,0.0006497612150669602,m2
0.2500177116542685,zero,Q1,lora,3529,support,recording_causal_fixed_window,0.46591640826760267,session_iteration_b_m2_small,0.420133703987955,/home/xinyuan/Work_host/SSM/results/cross_session_iteration_b/official_20261003/adapt/small/m2,1,query_quartile,0.5797604811084212,0.2699930468741168,0.2943648227929093,0.9998349109688534,m2
0.2500177116542685,zero,Q2,lora,3529,support,recording_causal_fixed_window,0.550746979631446,session_iteration_b_m2_small,0.39211437118802783,/home/xinyuan/Work_host/SSM/results/cross_session_iteration_b/official_20261003/adapt/small/m2,1,query_quartile,0.5222510476798852,0.24321104351009157,0.2530956259225901,0.859660608254631,m2
0.2500177116542685,zero,Q3,lora,3529,support,recording_causal_fixed_window,0.6940826454116087,session_iteration_b_m2_small,0.3140693684185858,/home/xinyuan/Work_host/SSM/results/cross_session_iteration_b/official_20261003/adapt/small/m2,1,query_quartile,0.49554964307587956,0.23077626428700435,0.21270935872902333,0.7224852505446784,m2
0.2499468650371945,zero,Q4,lora,3528,support,recording_causal_fixed_window,0.39748535139193913,session_iteration_b_m2_small,0.3248935029756642,/home/xinyuan/Work_host/SSM/results/cross_session_iteration_b/official_20261003/adapt/small/m2,1,query_quartile,0.5497551676515215,0.25601964532878746,0.23983019255547727,0.8146034466558709,m2
0.16436415161176055,zero,"[0,10)",lora,2320,support,recording_causal_fixed_window,0.5539753617321133,session_iteration_b_m2_small,0.4534314359589482,/home/xinyuan/Work_host/SSM/results/cross_session_iteration_b/official_20261003/adapt/small/m2,1,trial_position,0.22383222839916075,0.10423812471414554,0.12216793955578938,0.41495369524823955,m2
0.24654622741764082,zero,"[10,25)",lora,3480,support,recording_causal_fixed_window,0.5149747232845063,session_iteration_b_m2_small,0.3673107239979503,/home/xinyuan/Work_host/SSM/results/cross_session_iteration_b/official_20261003/adapt/small/m2,1,trial_position,1.7554781208103314,0.81752189395916,0.824531006353259,2.800589002131704,m2
0.41091037902940136,zero,"[25,50)",lora,5800,support,recording_causal_fixed_window,0.46000274018058135,session_iteration_b_m2_small,0.03653306090309094,/home/xinyuan/Work_host/SSM/results/cross_session_iteration_b/official_20261003/adapt/small/m2,1,trial_position,0.1162907174229835,0.054156304445208574,0.03658386286855986,0.12426017119517169,m2
0.1756996103436061,zero,"[50,128)",lora,2480,support,recording_causal_fixed_window,0.43652502339461724,session_iteration_b_m2_small,0.07078399674508729,/home/xinyuan/Work_host/SSM/results/cross_session_iteration_b/official_20261003/adapt/small/m2,1,trial_position,0.05135994496131352,0.023918201531916317,0.016525892796189084,0.056131586633851475,m2
0.002479631597591215,zero,"[128,1000000000)",lora,35,support,recording_causal_fixed_window,0.1744034588164054,session_iteration_b_m2_small,0.442582702125504,/home/xinyuan/Work_host/SSM/results/cross_session_iteration_b/official_20261003/adapt/small/m2,1,trial_position,0.0003553279219181479,0.00016547534956972684,0.00019129842620273287,0.0006497612150669602,m2
0.2500177116542685,ridge,Q1,lora,3529,support,recording_causal_fixed_window,0.4047858151192576,session_iteration_b_m2_small,0.43612833541575136,/home/xinyuan/Work_host/SSM/results/cross_session_iteration_b/official_20261003/adapt/small/m2,1,query_quartile,0.5637687684058459,0.2720627579833542,0.2943648227929093,0.9998349109688534,m2
0.2500177116542685,ridge,Q2,lora,3529,support,recording_causal_fixed_window,0.47422462099567536,session_iteration_b_m2_small,0.41477058240345543,/home/xinyuan/Work_host/SSM/results/cross_session_iteration_b/official_20261003/adapt/small/m2,1,query_quartile,0.5027864815133214,0.24263400972717408,0.2530956259225901,0.859660608254631,m2
0.2500177116542685,ridge,Q3,lora,3529,support,recording_causal_fixed_window,0.6014458641388328,session_iteration_b_m2_small,0.3500815888002572,/home/xinyuan/Work_host/SSM/results/cross_session_iteration_b/official_20261003/adapt/small/m2,1,query_quartile,0.4695326639021058,0.2265864280947877,0.21270935872902333,0.7224852505446784,m2
0.2499468650371945,ridge,Q4,lora,3528,support,recording_causal_fixed_window,0.3454649492167092,session_iteration_b_m2_small,0.3416459341785457,/home/xinyuan/Work_host/SSM/results/cross_session_iteration_b/official_20261003/adapt/small/m2,1,query_quartile,0.5361132672030672,0.258716804194684,0.23983019255547727,0.8146034466558709,m2
0.16436415161176055,ridge,"[0,10)",lora,2320,support,recording_causal_fixed_window,0.46439143742524347,session_iteration_b_m2_small,0.4590733171094018,/home/xinyuan/Work_host/SSM/results/cross_session_iteration_b/official_20261003/adapt/small/m2,1,trial_position,0.22152175005600014,0.10690166190644505,0.12216793955578938,0.41495369524823955,m2
0.24654622741764082,ridge,"[10,25)",lora,3480,support,recording_causal_fixed_window,0.44923619839552514,session_iteration_b_m2_small,0.39079111434497593,/home/xinyuan/Work_host/SSM/results/cross_session_iteration_b/official_20261003/adapt/small/m2,1,trial_position,1.690328744827932,0.8157165241998178,0.824531006353259,2.800589002131704,m2
0.41091037902940136,ridge,"[25,50)",lora,5800,support,recording_causal_fixed_window,0.39930586931046647,session_iteration_b_m2_small,0.08622181604212464,/home/xinyuan/Work_host/SSM/results/cross_session_iteration_b/official_20261003/adapt/small/m2,1,trial_position,0.11029327137840056,0.053225175426200595,0.03658386286855986,0.12426017119517169,m2
0.1756996103436061,ridge,"[50,128)",lora,2480,support,recording_causal_fixed_window,0.36994347429869184,session_iteration_b_m2_small,0.10093972349981528,/home/xinyuan/Work_host/SSM/results/cross_session_iteration_b/official_20261003/adapt/small/m2,1,trial_position,0.049693167311158956,0.0239808604329597,0.016525892796189084,0.056131586633851475,m2
0.002479631597591215,ridge,"[128,1000000000)",lora,35,support,recording_causal_fixed_window,0.1408476962961057,session_iteration_b_m2_small,0.4285902759524066,/home/xinyuan/Work_host/SSM/results/cross_session_iteration_b/official_20261003/adapt/small/m2,1,trial_position,0.00036424745084851715,0.00017577803457696162,0.00019129842620273287,0.0006497612150669602,m2
0.2500177116542685,zero,Q1,lora,3529,support,recording_causal_fixed_window,0.6255247005935561,session_iteration_b_m2_small,0.46350042052717855,/home/xinyuan/Work_host/SSM/results/cross_session_iteration_b/official_20261003/adapt/small/m2,2,query_quartile,0.5364016781950846,0.2637970062818589,0.2943648227929093,0.9998349109688534,m2
0.2500177116542685,zero,Q2,lora,3529,support,recording_causal_fixed_window,0.6588830992282062,session_iteration_b_m2_small,0.42099949073183374,/home/xinyuan/Work_host/SSM/results/cross_session_iteration_b/official_20261003/adapt/small/m2,2,query_quartile,0.497435057254855,0.24463360995629024,0.2530956259225901,0.859660608254631,m2
0.2500177116542685,zero,Q3,lora,3529,support,recording_causal_fixed_window,0.8845385660922769,session_iteration_b_m2_small,0.30962570390360644,/home/xinyuan/Work_host/SSM/results/cross_session_iteration_b/official_20261003/adapt/small/m2,2,query_quartile,0.49875996240404563,0.24528518512126726,0.21270935872902333,0.7224852505446784,m2
0.2499468650371945,zero,Q4,lora,3528,support,recording_causal_fixed_window,0.5817367226064012,session_iteration_b_m2_small,0.385021714661718,/home/xinyuan/Work_host/SSM/results/cross_session_iteration_b/official_20261003/adapt/small/m2,2,query_quartile,0.5007913445484221,0.24628419864058376,0.23983019255547727,0.8146034466558709,m2
0.16436415161176055,zero,"[0,10)",lora,2320,support,recording_causal_fixed_window,0.6945342013404677,session_iteration_b_m2_small,0.44250227818254406,/home/xinyuan/Work_host/SSM/results/cross_session_iteration_b/official_20261003/adapt/small/m2,2,trial_position,0.2283079664868617,0.1122795854632451,0.12216793955578938,0.41495369524823955,m2
0.24654622741764082,zero,"[10,25)",lora,3480,support,recording_causal_fixed_window,0.6887870938828325,session_iteration_b_m2_small,0.40744647050570604,/home/xinyuan/Work_host/SSM/results/cross_session_iteration_b/official_20261003/adapt/small/m2,2,trial_position,1.6441163077858183,0.8085600355175336,0.824531006353259,2.800589002131704,m2
0.41091037902940136,zero,"[25,50)",lora,5800,support,recording_causal_fixed_window,0.39520295832278246,session_iteration_b_m2_small,0.1480082854646838,/home/xinyuan/Work_host/SSM/results/cross_session_iteration_b/official_20261003/adapt/small/m2,2,trial_position,0.102835627981817,0.050573538270795956,0.03658386286855986,0.12426017119517169,m2
0.1756996103436061,zero,"[50,128)",lora,2480,support,recording_causal_fixed_window,0.4781335532367921,session_iteration_b_m2_small,-0.04068560277713118,/home/xinyuan/Work_host/SSM/results/cross_session_iteration_b/official_20261003/adapt/small/m2,2,trial_position,0.05752113081720352,0.028288319601429083,0.016525892796189084,0.056131586633851475,m2
0.002479631597591215,zero,"[128,1000000000)",lora,35,support,recording_causal_fixed_window,0.08372323174523749,session_iteration_b_m2_small,0.047759885908649435,/home/xinyuan/Work_host/SSM/results/cross_session_iteration_b/official_20261003/adapt/small/m2,2,trial_position,0.00060700933070678,0.00029852114699642414,0.00019129842620273287,0.0006497612150669602,m2
0.2500177116542685,ridge,Q1,lora,3529,support,recording_causal_fixed_window,0.5254113628420072,session_iteration_b_m2_small,0.47916663238847623,/home/xinyuan/Work_host/SSM/results/cross_session_iteration_b/official_20261003/adapt/small/m2,2,query_quartile,0.5207383251284946,0.267367213996168,0.2943648227929093,0.9998349109688534,m2
0.2500177116542685,ridge,Q2,lora,3529,support,recording_causal_fixed_window,0.5491031481421609,session_iteration_b_m2_small,0.4450714963536826,/home/xinyuan/Work_host/SSM/results/cross_session_iteration_b/official_20261003/adapt/small/m2,2,query_quartile,0.47675414367521307,0.244784032602396,0.2530956259225901,0.859660608254631,m2
0.2500177116542685,ridge,Q3,lora,3529,support,recording_causal_fixed_window,0.7405109112346236,session_iteration_b_m2_small,0.35737190066496727,/home/xinyuan/Work_host/SSM/results/cross_session_iteration_b/official_20261003/adapt/small/m2,2,query_quartile,0.46426578810427205,0.23837202742576122,0.21270935872902333,0.7224852505446784,m2
0.2499468650371945,ridge,Q4,lora,3528,support,recording_causal_fixed_window,0.4884091356218852,session_iteration_b_m2_small,0.40331599743898894,/home/xinyuan/Work_host/SSM/results/cross_session_iteration_b/official_20261003/adapt/small/m2,2,query_quartile,0.4858938779418752,0.24947672597567475,0.23983019255547727,0.8146034466558709,m2
0.16436415161176055,ridge,"[0,10)",lora,2320,support,recording_causal_fixed_window,0.5668556191123629,session_iteration_b_m2_small,0.45121881303275935,/home/xinyuan/Work_host/SSM/results/cross_session_iteration_b/official_20261003/adapt/small/m2,2,trial_position,0.2247383476909734,0.11538936736682628,0.12216793955578938,0.41495369524823955,m2
0.24654622741764082,ridge,"[10,25)",lora,3480,support,recording_causal_fixed_window,0.5801483554495749,session_iteration_b_m2_small,0.43436040237529583,/home/xinyuan/Work_host/SSM/results/cross_session_iteration_b/official_20261003/adapt/small/m2,2,trial_position,1.5694401273381322,0.8058113146879388,0.824531006353259,2.800589002131704,m2
0.41091037902940136,ridge,"[25,50)",lora,5800,support,recording_causal_fixed_window,0.32455984507954116,session_iteration_b_m2_small,0.18638383502756561,/home/xinyuan/Work_host/SSM/results/cross_session_iteration_b/official_20261003/adapt/small/m2,2,trial_position,0.09820368887827927,0.05042157535275149,0.03658386286855986,0.12426017119517169,m2
0.1756996103436061,ridge,"[50,128)",lora,2480,support,recording_causal_fixed_window,0.3931404925299582,session_iteration_b_m2_small,0.010317996546454378,/home/xinyuan/Work_host/SSM/results/cross_session_iteration_b/official_20261003/adapt/small/m2,2,trial_position,0.05470204241912131,0.028086146103979862,0.016525892796189084,0.056131586633851475,m2
0.002479631597591215,ridge,"[128,1000000000)",lora,35,support,recording_causal_fixed_window,0.06552569828751967,session_iteration_b_m2_small,0.10906753074160014,/home/xinyuan/Work_host/SSM/results/cross_session_iteration_b/official_20261003/adapt/small/m2,2,trial_position,0.000567928523348891,0.00029159648850366843,0.00019129842620273287,0.0006497612150669602,m2
0.2500177116542685,zero,Q1,affine_lora,3529,support,recording_causal_fixed_window,0.644057301045308,session_iteration_b_m2_small,0.48161143979615473,/home/xinyuan/Work_host/SSM/results/cross_session_iteration_b/official_20261003/adapt/small/m2,0,query_quartile,0.5182939638530746,0.24786107678491176,0.2943648227929093,0.9998349109688534,m2
0.2500177116542685,zero,Q2,affine_lora,3529,support,recording_causal_fixed_window,0.6921724958863118,session_iteration_b_m2_small,0.40006446469586976,/home/xinyuan/Work_host/SSM/results/cross_session_iteration_b/official_20261003/adapt/small/m2,0,query_quartile,0.5154209065039244,0.24648710923388883,0.2530956259225901,0.859660608254631,m2
0.2500177116542685,zero,Q3,affine_lora,3529,support,recording_causal_fixed_window,0.9456166484275403,session_iteration_b_m2_small,0.2604416549470402,/home/xinyuan/Work_host/SSM/results/cross_session_iteration_b/official_20261003/adapt/small/m2,0,query_quartile,0.5342929110482266,0.2555121716379853,0.21270935872902333,0.7224852505446784,m2
0.2499468650371945,zero,Q4,affine_lora,3528,support,recording_causal_fixed_window,0.6220990680914031,session_iteration_b_m2_small,0.3576772406224181,/home/xinyuan/Work_host/SSM/results/cross_session_iteration_b/official_20261003/adapt/small/m2,0,query_quartile,0.5230585956800256,0.25013964234321434,0.23983019255547727,0.8146034466558709,m2
0.16436415161176055,zero,"[0,10)",affine_lora,2320,support,recording_causal_fixed_window,0.7885413513655091,session_iteration_b_m2_small,0.4098233598084573,/home/xinyuan/Work_host/SSM/results/cross_session_iteration_b/official_20261003/adapt/small/m2,0,trial_position,0.24169072503277167,0.1155825217608184,0.12216793955578938,0.41495369524823955,m2
0.24654622741764082,zero,"[10,25)",affine_lora,3480,support,recording_causal_fixed_window,0.719732641236321,session_iteration_b_m2_small,0.3903920027118386,/home/xinyuan/Work_host/SSM/results/cross_session_iteration_b/official_20261003/adapt/small/m2,0,trial_position,1.6914361316073645,0.8088868675537058,0.824531006353259,2.800589002131704,m2
0.41091037902940136,zero,"[25,50)",affine_lora,5800,support,recording_causal_fixed_window,0.3658582754567305,session_iteration_b_m2_small,0.14490752739085744,/home/xinyuan/Work_host/SSM/results/cross_session_iteration_b/official_20261003/adapt/small/m2,0,trial_position,0.10320989031125238,0.04935753902519213,0.03658386286855986,0.12426017119517169,m2
0.1756996103436061,zero,"[50,128)",affine_lora,2480,support,recording_causal_fixed_window,0.477273892888657,session_iteration_b_m2_small,0.01889333265840698,/home/xinyuan/Work_host/SSM/results/cross_session_iteration_b/official_20261003/adapt/small/m2,0,trial_position,0.054228063506584406,0.02593321001228723,0.016525892796189084,0.056131586633851475,m2
0.002479631597591215,zero,"[128,1000000000)",affine_lora,35,support,recording_causal_fixed_window,0.1620024534593522,session_iteration_b_m2_small,0.21317212401394559,/home/xinyuan/Work_host/SSM/results/cross_session_iteration_b/official_20261003/adapt/small/m2,0,trial_position,0.0005015666272781214,0.0002398616479966829,0.00019129842620273287,0.0006497612150669602,m2
0.2500177116542685,ridge,Q1,affine_lora,3529,support,recording_causal_fixed_window,0.5269644882907125,session_iteration_b_m2_small,0.4973458726537111,/home/xinyuan/Work_host/SSM/results/cross_session_iteration_b/official_20261003/adapt/small/m2,0,query_quartile,0.5025624022392995,0.2534247888876246,0.2943648227929093,0.9998349109688534,m2
0.2500177116542685,ridge,Q2,affine_lora,3529,support,recording_causal_fixed_window,0.5597597515101581,session_iteration_b_m2_small,0.42946339754785345,/home/xinyuan/Work_host/SSM/results/cross_session_iteration_b/official_20261003/adapt/small/m2,0,query_quartile,0.49016348511591484,0.24717244501862837,0.2530956259225901,0.859660608254631,m2
0.2500177116542685,ridge,Q3,affine_lora,3529,support,recording_causal_fixed_window,0.7697907782565077,session_iteration_b_m2_small,0.3252998336110292,/home/xinyuan/Work_host/SSM/results/cross_session_iteration_b/official_20261003/adapt/small/m2,0,query_quartile,0.4874362089158382,0.24579717422208047,0.21270935872902333,0.7224852505446784,m2
0.2499468650371945,ridge,Q4,affine_lora,3528,support,recording_causal_fixed_window,0.5110689588028007,session_iteration_b_m2_small,0.3824065319916239,/home/xinyuan/Work_host/SSM/results/cross_session_iteration_b/official_20261003/adapt/small/m2,0,query_quartile,0.502920949571591,0.2536055918716666,0.23983019255547727,0.8146034466558709,m2
0.16436415161176055,ridge,"[0,10)",affine_lora,2320,support,recording_causal_fixed_window,0.6263833334861216,session_iteration_b_m2_small,0.44234480130371334,/home/xinyuan/Work_host/SSM/results/cross_session_iteration_b/official_20261003/adapt/small/m2,0,trial_position,0.22837245684183094,0.11516030925714049,0.12216793955578938,0.41495369524823955,m2
0.24654622741764082,ridge,"[10,25)",affine_lora,3480,support,recording_causal_fixed_window,0.5899770873868978,session_iteration_b_m2_small,0.42187930169927823,/home/xinyuan/Work_host/SSM/results/cross_session_iteration_b/official_20261003/adapt/small/m2,0,trial_position,1.604070553348876,0.808877145468853,0.824531006353259,2.800589002131704,m2
0.41091037902940136,ridge,"[25,50)",affine_lora,5800,support,recording_causal_fixed_window,0.2953588841599523,session_iteration_b_m2_small,0.1845452654919706,/home/xinyuan/Work_host/SSM/results/cross_session_iteration_b/official_20261003/adapt/small/m2,0,trial_position,0.09842560471332265,0.049632618724497264,0.03658386286855986,0.12426017119517169,m2
0.1756996103436061,ridge,"[50,128)",affine_lora,2480,support,recording_causal_fixed_window,0.3819964994677687,session_iteration_b_m2_small,0.06402513425866407,/home/xinyuan/Work_host/SSM/results/cross_session_iteration_b/official_20261003/adapt/small/m2,0,trial_position,0.05173352312192184,0.026087421417058932,0.016525892796189084,0.056131586633851475,m2
0.002479631597591215,ridge,"[128,1000000000)",affine_lora,35,support,recording_causal_fixed_window,0.12276161912284686,session_iteration_b_m2_small,0.2455804366282266,/home/xinyuan/Work_host/SSM/results/cross_session_iteration_b/official_20261003/adapt/small/m2,0,trial_position,0.00048090781669219855,0.00024250513245039276,0.00019129842620273287,0.0006497612150669602,m2
0.2500177116542685,zero,Q1,affine_lora,3529,support,recording_causal_fixed_window,0.6933038203293114,session_iteration_b_m2_small,0.46134215779149,/home/xinyuan/Work_host/SSM/results/cross_session_iteration_b/official_20261003/adapt/small/m2,1,query_quartile,0.5385595470876321,0.26432476103716057,0.2943648227929093,0.9998349109688534,m2
0.2500177116542685,zero,Q2,affine_lora,3529,support,recording_causal_fixed_window,0.7799588688477926,session_iteration_b_m2_small,0.41864239720566643,/home/xinyuan/Work_host/SSM/results/cross_session_iteration_b/official_20261003/adapt/small/m2,1,query_quartile,0.49946010029778093,0.2451347717680057,0.2530956259225901,0.859660608254631,m2
0.2500177116542685,zero,Q3,affine_lora,3529,support,recording_causal_fixed_window,1.0079750852287321,session_iteration_b_m2_small,0.3021629814836515,/home/xinyuan/Work_host/SSM/results/cross_session_iteration_b/official_20261003/adapt/small/m2,1,query_quartile,0.5041513959708146,0.24743725737880765,0.21270935872902333,0.7224852505446784,m2
0.2499468650371945,zero,Q4,affine_lora,3528,support,recording_causal_fixed_window,0.67908974984119,session_iteration_b_m2_small,0.3917396030180397,/home/xinyuan/Work_host/SSM/results/cross_session_iteration_b/official_20261003/adapt/small/m2,1,query_quartile,0.4953208093723095,0.24310320981602623,0.23983019255547727,0.8146034466558709,m2
0.16436415161176055,zero,"[0,10)",affine_lora,2320,support,recording_causal_fixed_window,0.9086488170761206,session_iteration_b_m2_small,0.4267803878838303,/home/xinyuan/Work_host/SSM/results/cross_session_iteration_b/official_20261003/adapt/small/m2,1,trial_position,0.23474643728765207,0.11521343605535794,0.12216793955578938,0.41495369524823955,m2
0.24654622741764082,zero,"[10,25)",affine_lora,3480,support,recording_causal_fixed_window,0.7880638132388657,session_iteration_b_m2_small,0.40955488558153375,/home/xinyuan/Work_host/SSM/results/cross_session_iteration_b/official_20261003/adapt/small/m2,1,trial_position,1.6382662378137294,0.8040602643980251,0.824531006353259,2.800589002131704,m2
0.41091037902940136,zero,"[25,50)",affine_lora,5800,support,recording_causal_fixed_window,0.31915820007636914,session_iteration_b_m2_small,0.11856611134905803,/home/xinyuan/Work_host/SSM/results/cross_session_iteration_b/official_20261003/adapt/small/m2,1,trial_position,0.1063893062778339,0.05221581923646031,0.03658386286855986,0.12426017119517169,m2
0.1756996103436061,zero,"[50,128)",affine_lora,2480,support,recording_causal_fixed_window,0.46005441389238777,session_iteration_b_m2_small,-0.03994152730900091,/home/xinyuan/Work_host/SSM/results/cross_session_iteration_b/official_20261003/adapt/small/m2,1,trial_position,0.05748000402326501,0.028211157726245543,0.016525892796189084,0.056131586633851475,m2
0.002479631597591215,zero,"[128,1000000000)",affine_lora,35,support,recording_causal_fixed_window,0.13360733059804464,session_iteration_b_m2_small,0.04327643288653438,/home/xinyuan/Work_host/SSM/results/cross_session_iteration_b/official_20261003/adapt/small/m2,1,trial_position,0.0006098673260568356,0.00029932258391125483,0.00019129842620273287,0.0006497612150669602,m2
0.2500177116542685,ridge,Q1,affine_lora,3529,support,recording_causal_fixed_window,0.6113065383495369,session_iteration_b_m2_small,0.4799683187361292,/home/xinyuan/Work_host/SSM/results/cross_session_iteration_b/official_20261003/adapt/small/m2,1,query_quartile,0.5199367850738132,0.2685519487307304,0.2943648227929093,0.9998349109688534,m2
0.2500177116542685,ridge,Q2,affine_lora,3529,support,recording_causal_fixed_window,0.6774002729323465,session_iteration_b_m2_small,0.4501729692424622,/home/xinyuan/Work_host/SSM/results/cross_session_iteration_b/official_20261003/adapt/small/m2,1,query_quartile,0.47237132981254193,0.24398397033530805,0.2530956259225901,0.859660608254631,m2
0.2500177116542685,ridge,Q3,affine_lora,3529,support,recording_causal_fixed_window,0.8799763260662681,session_iteration_b_m2_small,0.3533668678588465,/home/xinyuan/Work_host/SSM/results/cross_session_iteration_b/official_20261003/adapt/small/m2,1,query_quartile,0.46715921855656817,0.24129186876647135,0.21270935872902333,0.7224852505446784,m2
0.2499468650371945,ridge,Q4,affine_lora,3528,support,recording_causal_fixed_window,0.5907056477272342,session_iteration_b_m2_small,0.41471926144766047,/home/xinyuan/Work_host/SSM/results/cross_session_iteration_b/official_20261003/adapt/small/m2,1,query_quartile,0.47660793069578344,0.24617221216749025,0.23983019255547727,0.8146034466558709,m2
0.16436415161176055,ridge,"[0,10)",affine_lora,2320,support,recording_causal_fixed_window,0.758913192073738,session_iteration_b_m2_small,0.4621152696195203,/home/xinyuan/Work_host/SSM/results/cross_session_iteration_b/official_20261003/adapt/small/m2,1,trial_position,0.22027600148240836,0.11377450327603952,0.12216793955578938,0.41495369524823955,m2
0.24654622741764082,ridge,"[10,25)",affine_lora,3480,support,recording_causal_fixed_window,0.6946018369826822,session_iteration_b_m2_small,0.43844940844740543,/home/xinyuan/Work_host/SSM/results/cross_session_iteration_b/official_20261003/adapt/small/m2,1,trial_position,1.5580946518137049,0.804769670205382,0.824531006353259,2.800589002131704,m2
0.41091037902940136,ridge,"[25,50)",affine_lora,5800,support,recording_causal_fixed_window,0.275763412242397,session_iteration_b_m2_small,0.15012210389810565,/home/xinyuan/Work_host/SSM/results/cross_session_iteration_b/official_20261003/adapt/small/m2,1,trial_position,0.10258048953113497,0.052983730246029204,0.03658386286855986,0.12426017119517169,m2
0.1756996103436061,ridge,"[50,128)",affine_lora,2480,support,recording_causal_fixed_window,0.3912171321002213,session_iteration_b_m2_small,0.013253389506101554,/home/xinyuan/Work_host/SSM/results/cross_session_iteration_b/official_20261003/adapt/small/m2,1,trial_position,0.05453979637480093,0.02817028727396288,0.016525892796189084,0.056131586633851475,m2
0.002479631597591215,ridge,"[128,1000000000)",affine_lora,35,support,recording_causal_fixed_window,0.10039376699075563,session_iteration_b_m2_small,0.08334581331466895,/home/xinyuan/Work_host/SSM/results/cross_session_iteration_b/official_20261003/adapt/small/m2,1,trial_position,0.0005843249366577853,0.0003018089985864942,0.00019129842620273287,0.0006497612150669602,m2
0.2500177116542685,zero,Q1,affine_lora,3529,support,recording_causal_fixed_window,0.6823565560568178,session_iteration_b_m2_small,0.4801737076952266,/home/xinyuan/Work_host/SSM/results/cross_session_iteration_b/official_20261003/adapt/small/m2,2,query_quartile,0.5197314335944127,0.2601394849561792,0.2943648227929093,0.9998349109688534,m2
0.2500177116542685,zero,Q2,affine_lora,3529,support,recording_causal_fixed_window,0.7334132405920394,session_iteration_b_m2_small,0.44086276689252424,/home/xinyuan/Work_host/SSM/results/cross_session_iteration_b/official_20261003/adapt/small/m2,2,query_quartile,0.4803699774214177,0.24043802325094243,0.2530956259225901,0.859660608254631,m2
0.2500177116542685,zero,Q3,affine_lora,3529,support,recording_causal_fixed_window,0.9575815092255024,session_iteration_b_m2_small,0.2849678879049752,/home/xinyuan/Work_host/SSM/results/cross_session_iteration_b/official_20261003/adapt/small/m2,2,query_quartile,0.5165739677196869,0.258559088825937,0.21270935872902333,0.7224852505446784,m2
0.2499468650371945,zero,Q4,affine_lora,3528,support,recording_causal_fixed_window,0.7072437004984293,session_iteration_b_m2_small,0.4090557749609015,/home/xinyuan/Work_host/SSM/results/cross_session_iteration_b/official_20261003/adapt/small/m2,2,query_quartile,0.4812198415228067,0.24086340296694134,0.23983019255547727,0.8146034466558709,m2
0.16436415161176055,zero,"[0,10)",affine_lora,2320,support,recording_causal_fixed_window,0.8821294064343029,session_iteration_b_m2_small,0.43835087621393254,/home/xinyuan/Work_host/SSM/results/cross_session_iteration_b/official_20261003/adapt/small/m2,2,trial_position,0.2300080597866754,0.1151251864734607,0.12216793955578938,0.41495369524823955,m2
0.24654622741764082,zero,"[10,25)",affine_lora,3480,support,recording_causal_fixed_window,0.7658541982640595,session_iteration_b_m2_small,0.4220737762969725,/home/xinyuan/Work_host/SSM/results/cross_session_iteration_b/official_20261003/adapt/small/m2,2,trial_position,1.6035309584572681,0.8026101380081057,0.824531006353259,2.800589002131704,m2
0.41091037902940136,zero,"[25,50)",affine_lora,5800,support,recording_causal_fixed_window,0.3329182549315226,session_iteration_b_m2_small,0.12149539600377002,/home/xinyuan/Work_host/SSM/results/cross_session_iteration_b/official_20261003/adapt/small/m2,2,trial_position,0.10603574083598086,0.053073724668238925,0.03658386286855986,0.12426017119517169,m2
0.1756996103436061,zero,"[50,128)",affine_lora,2480,support,recording_causal_fixed_window,0.512323717614599,session_iteration_b_m2_small,-0.044766711121691394,/home/xinyuan/Work_host/SSM/results/cross_session_iteration_b/official_20261003/adapt/small/m2,2,trial_position,0.05774670323440635,0.028903769651613568,0.016525892796189084,0.056131586633851475,m2
0.002479631597591215,zero,"[128,1000000000)",affine_lora,35,support,recording_causal_fixed_window,0.11980380366433793,session_iteration_b_m2_small,0.09992268255147974,/home/xinyuan/Work_host/SSM/results/cross_session_iteration_b/official_20261003/adapt/small/m2,2,trial_position,0.0005737579439930706,0.0002871811985810171,0.00019129842620273287,0.0006497612150669602,m2
0.2500177116542685,ridge,Q1,affine_lora,3529,support,recording_causal_fixed_window,0.572534487187185,session_iteration_b_m2_small,0.4962930559298646,/home/xinyuan/Work_host/SSM/results/cross_session_iteration_b/official_20261003/adapt/small/m2,2,query_quartile,0.5036150268435126,0.2656681386411066,0.2943648227929093,0.9998349109688534,m2
0.2500177116542685,ridge,Q2,affine_lora,3529,support,recording_causal_fixed_window,0.6060774733928335,session_iteration_b_m2_small,0.47128262568807855,/home/xinyuan/Work_host/SSM/results/cross_session_iteration_b/official_20261003/adapt/small/m2,2,query_quartile,0.4542354508373612,0.23961931296037967,0.2530956259225901,0.859660608254631,m2
0.2500177116542685,ridge,Q3,affine_lora,3529,support,recording_causal_fixed_window,0.79766134079174,session_iteration_b_m2_small,0.3415758081534569,/home/xinyuan/Work_host/SSM/results/cross_session_iteration_b/official_20261003/adapt/small/m2,2,query_quartile,0.4756776534528506,0.25093055220779914,0.21270935872902333,0.7224852505446784,m2
0.2499468650371945,ridge,Q4,affine_lora,3528,support,recording_causal_fixed_window,0.5902146986914292,session_iteration_b_m2_small,0.4325026953242974,/home/xinyuan/Work_host/SSM/results/cross_session_iteration_b/official_20261003/adapt/small/m2,2,query_quartile,0.46212646041611305,0.24378199619071456,0.23983019255547727,0.8146034466558709,m2
0.16436415161176055,ridge,"[0,10)",affine_lora,2320,support,recording_causal_fixed_window,0.7152290252640526,session_iteration_b_m2_small,0.4730373888420969,/home/xinyuan/Work_host/SSM/results/cross_session_iteration_b/official_20261003/adapt/small/m2,2,trial_position,0.21580314584220175,0.11384096385711637,0.12216793955578938,0.41495369524823955,m2
0.24654622741764082,ridge,"[10,25)",affine_lora,3480,support,recording_causal_fixed_window,0.6419094807483234,session_iteration_b_m2_small,0.4510568840231086,/home/xinyuan/Work_host/SSM/results/cross_session_iteration_b/official_20261003/adapt/small/m2,2,trial_position,1.523113582319924,0.8034763237508719,0.824531006353259,2.800589002131704,m2
0.41091037902940136,ridge,"[25,50)",affine_lora,5800,support,recording_causal_fixed_window,0.2751677484971578,session_iteration_b_m2_small,0.15744265747345454,/home/xinyuan/Work_host/SSM/results/cross_session_iteration_b/official_20261003/adapt/small/m2,2,trial_position,0.10169689675522854,0.05364737711635738,0.03658386286855986,0.12426017119517169,m2
0.1756996103436061,ridge,"[50,128)",affine_lora,2480,support,recording_causal_fixed_window,0.422844645643117,session_iteration_b_m2_small,0.014207349419523951,/home/xinyuan/Work_host/SSM/results/cross_session_iteration_b/official_20261003/adapt/small/m2,2,trial_position,0.054487068775968095,0.028743141824914893,0.016525892796189084,0.056131586633851475,m2
0.002479631597591215,ridge,"[128,1000000000)",affine_lora,35,support,recording_causal_fixed_window,0.08988677998910974,session_iteration_b_m2_small,0.13107800588718876,/home/xinyuan/Work_host/SSM/results/cross_session_iteration_b/official_20261003/adapt/small/m2,2,trial_position,0.0005538978565150212,0.0002921934507394455,0.00019129842620273287,0.0006497612150669602,m2
0.2500177116542685,zero,Q1,offset_original,3529,support,recording_causal_fixed_window,0.6989556838015997,session_iteration_b_m2_small,0.45288688340879746,/home/xinyuan/Work_host/SSM/results/cross_session_iteration_b/official_20261003/adapt/small/m2,0,query_quartile,0.5470132785387039,0.26378283896857285,0.2943648227929093,0.9998349109688534,m2
0.2500177116542685,zero,Q2,offset_original,3529,support,recording_causal_fixed_window,0.8051277194917447,session_iteration_b_m2_small,0.47115273146583314,/home/xinyuan/Work_host/SSM/results/cross_session_iteration_b/official_20261003/adapt/small/m2,0,query_quartile,0.4543470464902931,0.21909697351472204,0.2530956259225901,0.859660608254631,m2
0.2500177116542685,zero,Q3,offset_original,3529,support,recording_causal_fixed_window,0.9896868920731777,session_iteration_b_m2_small,0.22309777039241818,/home/xinyuan/Work_host/SSM/results/cross_session_iteration_b/official_20261003/adapt/small/m2,0,query_quartile,0.5612719491755147,0.27065870975281314,0.21270935872902333,0.7224852505446784,m2
0.2499468650371945,zero,Q4,offset_original,3528,support,recording_causal_fixed_window,0.7263912775057357,session_iteration_b_m2_small,0.37237050314069986,/home/xinyuan/Work_host/SSM/results/cross_session_iteration_b/official_20261003/adapt/small/m2,0,query_quartile,0.5110935249323882,0.24646147776389202,0.23983019255547727,0.8146034466558709,m2
0.16436415161176055,zero,"[0,10)",offset_original,2320,support,recording_causal_fixed_window,0.9972881411109995,session_iteration_b_m2_small,0.35538317698116806,/home/xinyuan/Work_host/SSM/results/cross_session_iteration_b/official_20261003/adapt/small/m2,0,trial_position,0.26398521512674394,0.12729996185446338,0.12216793955578938,0.41495369524823955,m2
0.24654622741764082,zero,"[10,25)",offset_original,3480,support,recording_causal_fixed_window,0.7933142779067638,session_iteration_b_m2_small,0.4104928576999577,/home/xinyuan/Work_host/SSM/results/cross_session_iteration_b/official_20261003/adapt/small/m2,0,trial_position,1.6356637130132015,0.7887560224664114,0.824531006353259,2.800589002131704,m2
0.41091037902940136,zero,"[25,50)",offset_original,5800,support,recording_causal_fixed_window,0.40519965875600106,session_iteration_b_m2_small,0.11107632041446802,/home/xinyuan/Work_host/SSM/results/cross_session_iteration_b/official_20261003/adapt/small/m2,0,trial_position,0.10729332604829747,0.05173939876378726,0.03658386286855986,0.12426017119517169,m2
0.1756996103436061,zero,"[50,128)",offset_original,2480,support,recording_causal_fixed_window,0.5162693423135027,session_iteration_b_m2_small,-0.19829334359769168,/home/xinyuan/Work_host/SSM/results/cross_session_iteration_b/official_20261003/adapt/small/m2,0,trial_position,0.06623247980997406,0.03193888017284663,0.016525892796189084,0.056131586633851475,m2
0.002479631597591215,zero,"[128,1000000000)",offset_original,35,support,recording_causal_fixed_window,0.10130033001474718,session_iteration_b_m2_small,0.1355218050437067,/home/xinyuan/Work_host/SSM/results/cross_session_iteration_b/official_20261003/adapt/small/m2,0,trial_position,0.000551065138682747,0.00026573674249127076,0.00019129842620273287,0.0006497612150669602,m2
0.2500177116542685,ridge,Q1,offset_original,3529,support,recording_causal_fixed_window,0.6310706862166022,session_iteration_b_m2_small,0.46920380539202167,/home/xinyuan/Work_host/SSM/results/cross_session_iteration_b/official_20261003/adapt/small/m2,0,query_quartile,0.5306993340927826,0.2658082930137084,0.2943648227929093,0.9998349109688534,m2
0.2500177116542685,ridge,Q2,offset_original,3529,support,recording_causal_fixed_window,0.7235158184533427,session_iteration_b_m2_small,0.4916229293218779,/home/xinyuan/Work_host/SSM/results/cross_session_iteration_b/official_20261003/adapt/small/m2,0,query_quartile,0.43676054375058015,0.21875771671834038,0.2530956259225901,0.859660608254631,m2
0.2500177116542685,ridge,Q3,offset_original,3529,support,recording_causal_fixed_window,0.8958342916649462,session_iteration_b_m2_small,0.2609135470066506,/home/xinyuan/Work_host/SSM/results/cross_session_iteration_b/official_20261003/adapt/small/m2,0,query_quartile,0.5339519932776189,0.2674374335272436,0.21270935872902333,0.7224852505446784,m2
0.2499468650371945,ridge,Q4,offset_original,3528,support,recording_causal_fixed_window,0.6555237840775864,session_iteration_b_m2_small,0.391964922578652,/home/xinyuan/Work_host/SSM/results/cross_session_iteration_b/official_20261003/adapt/small/m2,0,query_quartile,0.4951373263316846,0.24799655674070775,0.23983019255547727,0.8146034466558709,m2
0.16436415161176055,ridge,"[0,10)",offset_original,2320,support,recording_causal_fixed_window,0.8865771683596666,session_iteration_b_m2_small,0.3806592923748313,/home/xinyuan/Work_host/SSM/results/cross_session_iteration_b/official_20261003/adapt/small/m2,0,trial_position,0.2536340723679865,0.12703622464780243,0.12216793955578938,0.41495369524823955,m2
0.24654622741764082,ridge,"[10,25)",offset_original,3480,support,recording_causal_fixed_window,0.7178379599991895,session_iteration_b_m2_small,0.43286511342445133,/home/xinyuan/Work_host/SSM/results/cross_session_iteration_b/official_20261003/adapt/small/m2,0,trial_position,1.5735889996788868,0.7881543824147079,0.824531006353259,2.800589002131704,m2
0.41091037902940136,ridge,"[25,50)",offset_original,5800,support,recording_causal_fixed_window,0.36504157609120996,session_iteration_b_m2_small,0.1293720188982994,/home/xinyuan/Work_host/SSM/results/cross_session_iteration_b/official_20261003/adapt/small/m2,0,trial_position,0.1050850303444162,0.05263332878473061,0.03658386286855986,0.12426017119517169,m2
0.1756996103436061,ridge,"[50,128)",offset_original,2480,support,recording_causal_fixed_window,0.4652594659334258,session_iteration_b_m2_small,-0.1523510495029372,/home/xinyuan/Work_host/SSM/results/cross_session_iteration_b/official_20261003/adapt/small/m2,0,trial_position,0.06369314160676001,0.031901613888615454,0.016525892796189084,0.056131586633851475,m2
0.002479631597591215,ridge,"[128,1000000000)",offset_original,35,support,recording_causal_fixed_window,0.08657341887976806,session_iteration_b_m2_small,0.1404032298265523,/home/xinyuan/Work_host/SSM/results/cross_session_iteration_b/official_20261003/adapt/small/m2,0,trial_position,0.0005479534546164251,0.00027445026414352403,0.00019129842620273287,0.0006497612150669602,m2
0.2500177116542685,zero,Q1,offset_original,3529,support,recording_causal_fixed_window,0.6968532349502367,session_iteration_b_m2_small,0.4493855820652456,/home/xinyuan/Work_host/SSM/results/cross_session_iteration_b/official_20261003/adapt/small/m2,1,query_quartile,0.5505139409593406,0.26635292066546595,0.2943648227929093,0.9998349109688534,m2
0.2500177116542685,zero,Q2,offset_original,3529,support,recording_causal_fixed_window,0.7927511117469066,session_iteration_b_m2_small,0.478952023016342,/home/xinyuan/Work_host/SSM/results/cross_session_iteration_b/official_20261003/adapt/small/m2,1,query_quartile,0.4476464633701187,0.21658296742934577,0.2530956259225901,0.859660608254631,m2
0.2500177116542685,zero,Q3,offset_original,3529,support,recording_causal_fixed_window,0.9744826754588611,session_iteration_b_m2_small,0.2243214101393417,/home/xinyuan/Work_host/SSM/results/cross_session_iteration_b/official_20261003/adapt/small/m2,1,query_quartile,0.5603879323202776,0.2711302137400575,0.21270935872902333,0.7224852505446784,m2
0.2499468650371945,zero,Q4,offset_original,3528,support,recording_causal_fixed_window,0.7111924340863788,session_iteration_b_m2_small,0.37578784861509806,/home/xinyuan/Work_host/SSM/results/cross_session_iteration_b/official_20261003/adapt/small/m2,1,query_quartile,0.5083106997892712,0.2459338981651307,0.23983019255547727,0.8146034466558709,m2
0.16436415161176055,zero,"[0,10)",offset_original,2320,support,recording_causal_fixed_window,0.9702034463302358,session_iteration_b_m2_small,0.34545470689126545,/home/xinyuan/Work_host/SSM/results/cross_session_iteration_b/official_20261003/adapt/small/m2,1,trial_position,0.268051148901615,0.12969009699057193,0.12216793955578938,0.41495369524823955,m2
0.24654622741764082,zero,"[10,25)",offset_original,3480,support,recording_causal_fixed_window,0.7861261465118201,session_iteration_b_m2_small,0.4120134860973679,/home/xinyuan/Work_host/SSM/results/cross_session_iteration_b/official_20261003/adapt/small/m2,1,trial_position,1.6314445331048515,0.7893351720375026,0.824531006353259,2.800589002131704,m2
0.41091037902940136,zero,"[25,50)",offset_original,5800,support,recording_causal_fixed_window,0.3728287651042804,session_iteration_b_m2_small,0.13510172705337065,/home/xinyuan/Work_host/SSM/results/cross_session_iteration_b/official_20261003/adapt/small/m2,1,trial_position,0.10439345303653046,0.05050825972940562,0.03658386286855986,0.12426017119517169,m2
0.1756996103436061,zero,"[50,128)",offset_original,2480,support,recording_causal_fixed_window,0.4402220425249998,session_iteration_b_m2_small,-0.12955730340180227,/home/xinyuan/Work_host/SSM/results/cross_session_iteration_b/official_20261003/adapt/small/m2,1,trial_position,0.062433277870970166,0.03020683886528443,0.016525892796189084,0.056131586633851475,m2
0.002479631597591215,zero,"[128,1000000000)",offset_original,35,support,recording_causal_fixed_window,0.12712485234820756,session_iteration_b_m2_small,0.15817694908541724,/home/xinyuan/Work_host/SSM/results/cross_session_iteration_b/official_20261003/adapt/small/m2,1,trial_position,0.0005366235250410588,0.0002596323772353665,0.00019129842620273287,0.0006497612150669602,m2
0.2500177116542685,ridge,Q1,offset_original,3529,support,recording_causal_fixed_window,0.635459230016736,session_iteration_b_m2_small,0.4650599480377734,/home/xinyuan/Work_host/SSM/results/cross_session_iteration_b/official_20261003/adapt/small/m2,1,query_quartile,0.5348424352694955,0.2678374141364721,0.2943648227929093,0.9998349109688534,m2
0.2500177116542685,ridge,Q2,offset_original,3529,support,recording_causal_fixed_window,0.7185770740272818,session_iteration_b_m2_small,0.49845442697851405,/home/xinyuan/Work_host/SSM/results/cross_session_iteration_b/official_20261003/adapt/small/m2,1,query_quartile,0.4308914186400333,0.21578101461599727,0.2530956259225901,0.859660608254631,m2
0.2500177116542685,ridge,Q3,offset_original,3529,support,recording_causal_fixed_window,0.8919158789941654,session_iteration_b_m2_small,0.25640186532717324,/home/xinyuan/Work_host/SSM/results/cross_session_iteration_b/official_20261003/adapt/small/m2,1,query_quartile,0.5372114515128962,0.2690237657474097,0.21270935872902333,0.7224852505446784,m2
0.2499468650371945,ridge,Q4,offset_original,3528,support,recording_causal_fixed_window,0.6454300925661329,session_iteration_b_m2_small,0.3934268244225976,/home/xinyuan/Work_host/SSM/results/cross_session_iteration_b/official_20261003/adapt/small/m2,1,query_quartile,0.4939468651276364,0.24735780550012096,0.23983019255547727,0.8146034466558709,m2
0.16436415161176055,ridge,"[0,10)",offset_original,2320,support,recording_causal_fixed_window,0.8718874242191488,session_iteration_b_m2_small,0.3663913360840758,/home/xinyuan/Work_host/SSM/results/cross_session_iteration_b/official_20261003/adapt/small/m2,1,trial_position,0.2594771242033309,0.1299404785246144,0.12216793955578938,0.41495369524823955,m2
0.24654622741764082,ridge,"[10,25)",offset_original,3480,support,recording_causal_fixed_window,0.7176804041428624,session_iteration_b_m2_small,0.43290481783878243,/home/xinyuan/Work_host/SSM/results/cross_session_iteration_b/official_20261003/adapt/small/m2,1,trial_position,1.5734788346527018,0.787963845949315,0.824531006353259,2.800589002131704,m2
0.41091037902940136,ridge,"[25,50)",offset_original,5800,support,recording_causal_fixed_window,0.33680135748942913,session_iteration_b_m2_small,0.14762265925360596,/home/xinyuan/Work_host/SSM/results/cross_session_iteration_b/official_20261003/adapt/small/m2,1,trial_position,0.10288217316870778,0.05152114605185116,0.03658386286855986,0.12426017119517169,m2
0.1756996103436061,ridge,"[50,128)",offset_original,2480,support,recording_causal_fixed_window,0.39876841871210605,session_iteration_b_m2_small,-0.09508154974267558,/home/xinyuan/Work_host/SSM/results/cross_session_iteration_b/official_20261003/adapt/small/m2,1,trial_position,0.060527722215202154,0.03031096175740389,0.016525892796189084,0.056131586633851475,m2
0.002479631597591215,ridge,"[128,1000000000)",offset_original,35,support,recording_causal_fixed_window,0.11052304079773492,session_iteration_b_m2_small,0.1743462944596319,/home/xinyuan/Work_host/SSM/results/cross_session_iteration_b/official_20261003/adapt/small/m2,1,trial_position,0.0005263163101187653,0.0002635677168155689,0.00019129842620273287,0.0006497612150669602,m2
0.2500177116542685,zero,Q1,offset_original,3529,support,recording_causal_fixed_window,0.7064690342773913,session_iteration_b_m2_small,0.4496449258093377,/home/xinyuan/Work_host/SSM/results/cross_session_iteration_b/official_20261003/adapt/small/m2,2,query_quartile,0.5502546445406984,0.26501765850422826,0.2943648227929093,0.9998349109688534,m2
0.2500177116542685,zero,Q2,offset_original,3529,support,recording_causal_fixed_window,0.8077595066864668,session_iteration_b_m2_small,0.4721707399292724,/home/xinyuan/Work_host/SSM/results/cross_session_iteration_b/official_20261003/adapt/small/m2,2,query_quartile,0.4534724477806359,0.218404710436054,0.2530956259225901,0.859660608254631,m2
0.2500177116542685,zero,Q3,offset_original,3529,support,recording_causal_fixed_window,0.9927518656874252,session_iteration_b_m2_small,0.22320332791070796,/home/xinyuan/Work_host/SSM/results/cross_session_iteration_b/official_20261003/adapt/small/m2,2,query_quartile,0.5611956892913456,0.27028716434152433,0.21270935872902333,0.7224852505446784,m2
0.2499468650371945,zero,Q4,offset_original,3528,support,recording_causal_fixed_window,0.7316041380366983,session_iteration_b_m2_small,0.37202916624286786,/home/xinyuan/Work_host/SSM/results/cross_session_iteration_b/official_20261003/adapt/small/m2,2,query_quartile,0.5113714836312312,0.24629046671819335,0.23983019255547727,0.8146034466558709,m2
0.16436415161176055,zero,"[0,10)",offset_original,2320,support,recording_causal_fixed_window,1.0011606509805537,session_iteration_b_m2_small,0.3426881667137712,/home/xinyuan/Work_host/SSM/results/cross_session_iteration_b/official_20261003/adapt/small/m2,2,trial_position,0.2691841098760004,0.12964641591608797,0.12216793955578938,0.41495369524823955,m2
0.24654622741764082,zero,"[10,25)",offset_original,3480,support,recording_causal_fixed_window,0.7979959408099627,session_iteration_b_m2_small,0.4106831402617839,/home/xinyuan/Work_host/SSM/results/cross_session_iteration_b/official_20261003/adapt/small/m2,2,trial_position,1.6351357494665955,0.7875260153813068,0.824531006353259,2.800589002131704,m2
0.41091037902940136,zero,"[25,50)",offset_original,5800,support,recording_causal_fixed_window,0.3947187689612987,session_iteration_b_m2_small,0.11896448309545193,/home/xinyuan/Work_host/SSM/results/cross_session_iteration_b/official_20261003/adapt/small/m2,2,trial_position,0.1063412227014191,0.05121683591845145,0.03658386286855986,0.12426017119517169,m2
0.1756996103436061,zero,"[50,128)",offset_original,2480,support,recording_causal_fixed_window,0.49314904939078436,session_iteration_b_m2_small,-0.17753013906235293,/home/xinyuan/Work_host/SSM/results/cross_session_iteration_b/official_20261003/adapt/small/m2,2,trial_position,0.06508484886257318,0.03134663999802908,0.016525892796189084,0.056131586633851475,m2
0.002479631597591215,zero,"[128,1000000000)",offset_original,35,support,recording_causal_fixed_window,0.12062075910320805,session_iteration_b_m2_small,0.13980572370335298,/home/xinyuan/Work_host/SSM/results/cross_session_iteration_b/official_20261003/adapt/small/m2,2,trial_position,0.0005483343373229707,0.0002640927861246852,0.00019129842620273287,0.0006497612150669602,m2
0.2500177116542685,ridge,Q1,offset_original,3529,support,recording_causal_fixed_window,0.6333076733629809,session_iteration_b_m2_small,0.46783617220528206,/home/xinyuan/Work_host/SSM/results/cross_session_iteration_b/official_20261003/adapt/small/m2,2,query_quartile,0.5320667177116911,0.26694761060590005,0.2943648227929093,0.9998349109688534,m2
0.2500177116542685,ridge,Q2,offset_original,3529,support,recording_causal_fixed_window,0.7194492212463992,session_iteration_b_m2_small,0.4949293253050965,/home/xinyuan/Work_host/SSM/results/cross_session_iteration_b/official_20261003/adapt/small/m2,2,query_quartile,0.4339199291934385,0.21770557044170577,0.2530956259225901,0.859660608254631,m2
0.2500177116542685,ridge,Q3,offset_original,3529,support,recording_causal_fixed_window,0.8933035323147134,session_iteration_b_m2_small,0.26150701188710934,/home/xinyuan/Work_host/SSM/results/cross_session_iteration_b/official_20261003/adapt/small/m2,2,query_quartile,0.5335232453894959,0.26767837720044213,0.21270935872902333,0.7224852505446784,m2
0.2499468650371945,ridge,Q4,offset_original,3528,support,recording_causal_fixed_window,0.652967812829843,session_iteration_b_m2_small,0.3938031233999809,/home/xinyuan/Work_host/SSM/results/cross_session_iteration_b/official_20261003/adapt/small/m2,2,query_quartile,0.4936404359815531,0.2476684417519522,0.23983019255547727,0.8146034466558709,m2
0.16436415161176055,ridge,"[0,10)",offset_original,2320,support,recording_causal_fixed_window,0.8813086477672941,session_iteration_b_m2_small,0.37186605570294007,/home/xinyuan/Work_host/SSM/results/cross_session_iteration_b/official_20261003/adapt/small/m2,2,trial_position,0.2572351023001851,0.1290595589559272,0.12216793955578938,0.41495369524823955,m2
0.24654622741764082,ridge,"[10,25)",offset_original,3480,support,recording_causal_fixed_window,0.7166411582195493,session_iteration_b_m2_small,0.43470311463761013,/home/xinyuan/Work_host/SSM/results/cross_session_iteration_b/official_20261003/adapt/small/m2,2,trial_position,1.568489227898161,0.7869397534378176,0.824531006353259,2.800589002131704,m2
0.41091037902940136,ridge,"[25,50)",offset_original,5800,support,recording_causal_fixed_window,0.3510303501579078,session_iteration_b_m2_small,0.13523081565330863,/home/xinyuan/Work_host/SSM/results/cross_session_iteration_b/official_20261003/adapt/small/m2,2,trial_position,0.10437787200796711,0.05236828879748408,0.03658386286855986,0.12426017119517169,m2
0.1756996103436061,ridge,"[50,128)",offset_original,2480,support,recording_causal_fixed_window,0.43868208595214675,session_iteration_b_m2_small,-0.13098789146259526,/home/xinyuan/Work_host/SSM/results/cross_session_iteration_b/official_20261003/adapt/small/m2,2,trial_position,0.06251234982389313,0.031363590059942124,0.016525892796189084,0.056131586633851475,m2
0.002479631597591215,ridge,"[128,1000000000)",offset_original,35,support,recording_causal_fixed_window,0.10154586070210174,session_iteration_b_m2_small,0.15950611006565685,/home/xinyuan/Work_host/SSM/results/cross_session_iteration_b/official_20261003/adapt/small/m2,2,trial_position,0.0005357762459723896,0.0002688087488291803,0.00019129842620273287,0.0006497612150669602,m2
0.25000494159040143,zero,Q1,none,12648,support,recording_causal_fixed_window,0.9643286220774635,session_iteration_b_m1_wide,0.7009023609080912,/home/xinyuan/Work_host/SSM/results/cross_session_iteration_b/official_20261003/adapt/wide/m1,0,query_quartile,7916.224970098792,0.23791669685222275,0.245835786123224,26491.366076784812,m1
0.25000494159040143,zero,Q2,none,12648,support,recording_causal_fixed_window,0.9208852849352412,session_iteration_b_m1_wide,0.657299313511695,/home/xinyuan/Work_host/SSM/results/cross_session_iteration_b/official_20261003/adapt/wide/m1,0,query_quartile,9230.839005130461,0.2774265175093792,0.2501516857135609,26956.449203213568,m1
0.25000494159040143,zero,Q3,none,12648,support,recording_causal_fixed_window,0.9191059428757042,session_iteration_b_m1_wide,0.6879788946514578,/home/xinyuan/Work_host/SSM/results/cross_session_iteration_b/official_20261003/adapt/wide/m1,0,query_quartile,8431.9839542463,0.2534174783918739,0.2508980605037958,27036.878859572415,m1
0.24998517522879563,zero,Q4,none,12647,support,recording_causal_fixed_window,0.9386498912097226,session_iteration_b_m1_wide,0.7173796666867294,/home/xinyuan/Work_host/SSM/results/cross_session_iteration_b/official_20261003/adapt/wide/m1,0,query_quartile,7694.047548206701,0.2312393072465242,0.2531144676594194,27275.719812147963,m1
0.07511217410211303,zero,"[0,10)",none,3800,support,recording_causal_fixed_window,0.38576445552796695,session_iteration_b_m1_wide,0.134514638449591,/home/xinyuan/Work_host/SSM/results/cross_session_iteration_b/official_20261003/adapt/wide/m1,0,trial_position,463.6317326267006,0.013934132847293366,0.0236832442910817,2552.1162085266437,m1
0.11266826115316954,zero,"[10,25)",none,5700,support,recording_causal_fixed_window,0.37758892853036374,session_iteration_b_m1_wide,0.14802133652613803,/home/xinyuan/Work_host/SSM/results/cross_session_iteration_b/official_20261003/adapt/wide/m1,0,trial_position,643.1905047874315,0.01933064824758634,0.036536049092856585,3937.1397744065434,m1
0.18778043525528257,zero,"[25,50)",none,9500,support,recording_causal_fixed_window,0.4248749615438641,session_iteration_b_m1_wide,0.18755391814754407,/home/xinyuan/Work_host/SSM/results/cross_session_iteration_b/official_20261003/adapt/wide/m1,0,trial_position,1127.2826227622936,0.03387970390426741,0.06181024434827429,6660.697517426922,m1
0.5796090213674369,zero,"[50,128)",none,29323,support,recording_causal_fixed_window,0.9404149031287744,session_iteration_b_m1_wide,0.6500094988223772,/home/xinyuan/Work_host/SSM/results/cross_session_iteration_b/official_20261003/adapt/wide/m1,0,trial_position,29486.27903102905,0.8861898361938344,0.8420067422274752,90734.99509257087,m1
0.04483010812199798,zero,"[128,1000000000)",none,2268,support,recording_causal_fixed_window,0.5139797991577222,session_iteration_b_m1_wide,0.5262412695764946,/home/xinyuan/Work_host/SSM/results/cross_session_iteration_b/official_20261003/adapt/wide/m1,0,trial_position,1552.7115864767704,0.04666567880701822,0.03596372004031278,3875.465358787828,m1
0.25000494159040143,ridge,Q1,none,12648,support,recording_causal_fixed_window,0.6977401164966279,session_iteration_b_m1_wide,0.7274629668674083,/home/xinyuan/Work_host/SSM/results/cross_session_iteration_b/official_20261003/adapt/wide/m1,0,query_quartile,7213.244723399183,0.23104945155946752,0.245835786123224,26491.366076784812,m1
0.25000494159040143,ridge,Q2,none,12648,support,recording_causal_fixed_window,0.6667079468562606,session_iteration_b_m1_wide,0.6827018532177349,/home/xinyuan/Work_host/SSM/results/cross_session_iteration_b/official_20261003/adapt/wide/m1,0,query_quartile,8546.607068653468,0.2737587523546679,0.2501516857135609,26956.449203213568,m1
0.25000494159040143,ridge,Q3,none,12648,support,recording_causal_fixed_window,0.6680368630415291,session_iteration_b_m1_wide,0.7048356411739432,/home/xinyuan/Work_host/SSM/results/cross_session_iteration_b/official_20261003/adapt/wide/m1,0,query_quartile,7976.451255457795,0.25549593263984977,0.2508980605037958,27036.878859572415,m1
0.24998517522879563,ridge,Q4,none,12647,support,recording_causal_fixed_window,0.7052001095765167,session_iteration_b_m1_wide,0.7251252784674432,/home/xinyuan/Work_host/SSM/results/cross_session_iteration_b/official_20261003/adapt/wide/m1,0,query_quartile,7483.181243464557,0.23969586344601515,0.2531144676594194,27275.719812147963,m1
0.07511217410211303,ridge,"[0,10)",none,3800,support,recording_causal_fixed_window,0.3282071359096787,session_iteration_b_m1_wide,0.054357805150222815,/home/xinyuan/Work_host/SSM/results/cross_session_iteration_b/official_20261003/adapt/wide/m1,0,trial_position,506.57093547801446,0.016226114780007923,0.0236832442910817,2552.1162085266437,m1
0.11266826115316954,ridge,"[10,25)",none,5700,support,recording_causal_fixed_window,0.3253601933631078,session_iteration_b_m1_wide,0.047501417504133836,/home/xinyuan/Work_host/SSM/results/cross_session_iteration_b/official_20261003/adapt/wide/m1,0,trial_position,719.0767449349679,0.023032947573155153,0.036536049092856585,3937.1397744065434,m1
0.18778043525528257,ridge,"[25,50)",none,9500,support,recording_causal_fixed_window,0.36899846136632714,session_iteration_b_m1_wide,0.07515267253757085,/home/xinyuan/Work_host/SSM/results/cross_session_iteration_b/official_20261003/adapt/wide/m1,0,trial_position,1283.2412442428144,0.04110385784347428,0.06181024434827429,6660.697517426922,m1
0.5796090213674369,ridge,"[50,128)",none,29323,support,recording_causal_fixed_window,0.6783178356841733,session_iteration_b_m1_wide,0.6761592213788039,/home/xinyuan/Work_host/SSM/results/cross_session_iteration_b/official_20261003/adapt/wide/m1,0,trial_position,27283.19633796055,0.873915663810233,0.8420067422274752,90734.99509257087,m1
0.04483010812199798,ridge,"[128,1000000000)",none,2268,support,recording_causal_fixed_window,0.6747860033259948,session_iteration_b_m1_wide,0.5644762637358863,/home/xinyuan/Work_host/SSM/results/cross_session_iteration_b/official_20261003/adapt/wide/m1,0,trial_position,1427.399028358657,0.045721415993130066,0.03596372004031278,3875.465358787828,m1
0.25000494159040143,zero,Q1,io,12648,support,recording_causal_fixed_window,0.8434444648478671,session_iteration_b_m1_wide,0.7470975892710562,/home/xinyuan/Work_host/SSM/results/cross_session_iteration_b/official_20261003/adapt/wide/m1,0,query_quartile,6693.57466307331,0.2250928271204356,0.245835786123224,26491.366076784812,m1
0.25000494159040143,zero,Q2,io,12648,support,recording_causal_fixed_window,0.8202050320776465,session_iteration_b_m1_wide,0.693289521254342,/home/xinyuan/Work_host/SSM/results/cross_session_iteration_b/official_20261003/adapt/wide/m1,0,query_quartile,8261.422174257228,0.27781670734142505,0.2501516857135609,26956.449203213568,m1
0.25000494159040143,zero,Q3,io,12648,support,recording_causal_fixed_window,0.8061046587526485,session_iteration_b_m1_wide,0.724349972891944,/home/xinyuan/Work_host/SSM/results/cross_session_iteration_b/official_20261003/adapt/wide/m1,0,query_quartile,7449.100608006498,0.2504998001457826,0.2508980605037958,27036.878859572415,m1
0.24998517522879563,zero,Q4,io,12647,support,recording_causal_fixed_window,0.8478534775648804,session_iteration_b_m1_wide,0.73064711777792,/home/xinyuan/Work_host/SSM/results/cross_session_iteration_b/official_20261003/adapt/wide/m1,0,query_quartile,7332.854854310977,0.24659066539235677,0.2531144676594194,27275.719812147963,m1
0.07511217410211303,zero,"[0,10)",io,3800,support,recording_causal_fixed_window,0.4039299783147673,session_iteration_b_m1_wide,-0.017664343363098745,/home/xinyuan/Work_host/SSM/results/cross_session_iteration_b/official_20261003/adapt/wide/m1,0,trial_position,545.1524701707696,0.0183324930099586,0.0236832442910817,2552.1162085266437,m1
0.11266826115316954,zero,"[10,25)",io,5700,support,recording_causal_fixed_window,0.3906523690641804,session_iteration_b_m1_wide,-0.04633808739932088,/home/xinyuan/Work_host/SSM/results/cross_session_iteration_b/official_20261003/adapt/wide/m1,0,trial_position,789.9196910267832,0.026563572590326726,0.036536049092856585,3937.1397744065434,m1
0.18778043525528257,zero,"[25,50)",io,9500,support,recording_causal_fixed_window,0.4288939568000669,session_iteration_b_m1_wide,-0.012725424186598833,/home/xinyuan/Work_host/SSM/results/cross_session_iteration_b/official_20261003/adapt/wide/m1,0,trial_position,1405.1735835959764,0.04725344983025073,0.06181024434827429,6660.697517426922,m1
0.5796090213674369,zero,"[50,128)",io,29323,support,recording_causal_fixed_window,0.8402468790631713,session_iteration_b_m1_wide,0.695637548421935,/home/xinyuan/Work_host/SSM/results/cross_session_iteration_b/official_20261003/adapt/wide/m1,0,trial_position,25642.170697782054,0.8622998900289313,0.8420067422274752,90734.99509257087,m1
0.04483010812199798,zero,"[128,1000000000)",io,2268,support,recording_causal_fixed_window,0.7701391865313439,session_iteration_b_m1_wide,0.5867080573438165,/home/xinyuan/Work_host/SSM/results/cross_session_iteration_b/official_20261003/adapt/wide/m1,0,trial_position,1354.53585707243,0.045550594540532764,0.03596372004031278,3875.465358787828,m1
0.25000494159040143,ridge,Q1,io,12648,support,recording_causal_fixed_window,0.7612413408335781,session_iteration_b_m1_wide,0.7464420013962123,/home/xinyuan/Work_host/SSM/results/cross_session_iteration_b/official_20261003/adapt/wide/m1,0,query_quartile,6710.926124357625,0.22746479430701896,0.245835786123224,26491.366076784812,m1
0.25000494159040143,ridge,Q2,io,12648,support,recording_causal_fixed_window,0.7360115638145451,session_iteration_b_m1_wide,0.7006454090272496,/home/xinyuan/Work_host/SSM/results/cross_session_iteration_b/official_20261003/adapt/wide/m1,0,query_quartile,8063.287129745623,0.2733026581456497,0.2501516857135609,26956.449203213568,m1
0.25000494159040143,ridge,Q3,io,12648,support,recording_causal_fixed_window,0.7307334752592707,session_iteration_b_m1_wide,0.7204328268370501,/home/xinyuan/Work_host/SSM/results/cross_session_iteration_b/official_20261003/adapt/wide/m1,0,query_quartile,7554.956629009977,0.2560729508523235,0.2508980605037958,27036.878859572415,m1
0.24998517522879563,ridge,Q4,io,12647,support,recording_causal_fixed_window,0.7674911924375389,session_iteration_b_m1_wide,0.7364832520772574,/home/xinyuan/Work_host/SSM/results/cross_session_iteration_b/official_20261003/adapt/wide/m1,0,query_quartile,7173.972107728662,0.24315959669500775,0.2531144676594194,27275.719812147963,m1
0.07511217410211303,ridge,"[0,10)",io,3800,support,recording_causal_fixed_window,0.386504629187896,session_iteration_b_m1_wide,0.06309370808024017,/home/xinyuan/Work_host/SSM/results/cross_session_iteration_b/official_20261003/adapt/wide/m1,0,trial_position,501.8912008557591,0.017011449187735728,0.0236832442910817,2552.1162085266437,m1
0.11266826115316954,ridge,"[10,25)",io,5700,support,recording_causal_fixed_window,0.3749881347695298,session_iteration_b_m1_wide,0.04767488386158214,/home/xinyuan/Work_host/SSM/results/cross_session_iteration_b/official_20261003/adapt/wide/m1,0,trial_position,718.945788704731,0.024368448246220687,0.036536049092856585,3937.1397744065434,m1
0.18778043525528257,ridge,"[25,50)",io,9500,support,recording_causal_fixed_window,0.4130193260838692,session_iteration_b_m1_wide,0.08466451363223271,/home/xinyuan/Work_host/SSM/results/cross_session_iteration_b/official_20261003/adapt/wide/m1,0,trial_position,1270.0434045141271,0.04304773386198538,0.06181024434827429,6660.697517426922,m1
0.5796090213674369,ridge,"[50,128)",io,29323,support,recording_causal_fixed_window,0.75519321252346,session_iteration_b_m1_wide,0.695679510730294,/home/xinyuan/Work_host/SSM/results/cross_session_iteration_b/official_20261003/adapt/wide/m1,0,trial_position,25638.635423742053,0.8690137284937508,0.8420067422274752,90734.99509257087,m1
0.04483010812199798,ridge,"[128,1000000000)",io,2268,support,recording_causal_fixed_window,0.7381170063787589,session_iteration_b_m1_wide,0.580883277051104,/home/xinyuan/Work_host/SSM/results/cross_session_iteration_b/official_20261003/adapt/wide/m1,0,trial_position,1373.6261730252174,0.04655864021030731,0.03596372004031278,3875.465358787828,m1
0.25000494159040143,zero,Q1,io,12648,support,recording_causal_fixed_window,0.8458700299522487,session_iteration_b_m1_wide,0.7476931026988906,/home/xinyuan/Work_host/SSM/results/cross_session_iteration_b/official_20261003/adapt/wide/m1,1,query_quartile,6677.813193735858,0.22580099903323214,0.245835786123224,26491.366076784812,m1
0.25000494159040143,zero,Q2,io,12648,support,recording_causal_fixed_window,0.8225146620858798,session_iteration_b_m1_wide,0.694973736256776,/home/xinyuan/Work_host/SSM/results/cross_session_iteration_b/official_20261003/adapt/wide/m1,1,query_quartile,8216.056879845934,0.2778145775810773,0.2501516857135609,26956.449203213568,m1
0.25000494159040143,zero,Q3,io,12648,support,recording_causal_fixed_window,0.8062578514667958,session_iteration_b_m1_wide,0.7256573696314208,/home/xinyuan/Work_host/SSM/results/cross_session_iteration_b/official_20261003/adapt/wide/m1,1,query_quartile,7413.769830247768,0.2506863528082392,0.2508980605037958,27036.878859572415,m1
0.24998517522879563,zero,Q4,io,12647,support,recording_causal_fixed_window,0.8513013667181778,session_iteration_b_m1_wide,0.7330937821568648,/home/xinyuan/Work_host/SSM/results/cross_session_iteration_b/official_20261003/adapt/wide/m1,1,query_quartile,7266.24693602918,0.2456980705774517,0.2531144676594194,27275.719812147963,m1
0.07511217410211303,zero,"[0,10)",io,3800,support,recording_causal_fixed_window,0.40287008762339166,session_iteration_b_m1_wide,0.027678766292188794,/home/xinyuan/Work_host/SSM/results/cross_session_iteration_b/official_20261003/adapt/wide/m1,1,trial_position,520.8626260831651,0.017612247889620083,0.0236832442910817,2552.1162085266437,m1
0.11266826115316954,zero,"[10,25)",io,5700,support,recording_causal_fixed_window,0.3898088405120421,session_iteration_b_m1_wide,0.003327269515695619,/home/xinyuan/Work_host/SSM/results/cross_session_iteration_b/official_20261003/adapt/wide/m1,1,trial_position,752.4254586543813,0.025442224173262425,0.036536049092856585,3937.1397744065434,m1
0.18778043525528257,zero,"[25,50)",io,9500,support,recording_causal_fixed_window,0.42655472470620615,session_iteration_b_m1_wide,0.03523251785605863,/home/xinyuan/Work_host/SSM/results/cross_session_iteration_b/official_20261003/adapt/wide/m1,1,trial_position,1338.63113124657,0.04526395662819695,0.06181024434827429,6660.697517426922,m1
0.5796090213674369,zero,"[50,128)",io,29323,support,recording_causal_fixed_window,0.840189560900099,session_iteration_b_m1_wide,0.6959017597964536,/home/xinyuan/Work_host/SSM/results/cross_session_iteration_b/official_20261003/adapt/wide/m1,1,trial_position,25619.911207064404,0.8663017933961495,0.8420067422274752,90734.99509257087,m1
0.04483010812199798,zero,"[128,1000000000)",io,2268,support,recording_causal_fixed_window,0.7717009696376927,session_iteration_b_m1_wide,0.5905157469537329,/home/xinyuan/Work_host/SSM/results/cross_session_iteration_b/official_20261003/adapt/wide/m1,1,trial_position,1342.0564168102119,0.04537977791277106,0.03596372004031278,3875.465358787828,m1
0.25000494159040143,ridge,Q1,io,12648,support,recording_causal_fixed_window,0.7608308012724386,session_iteration_b_m1_wide,0.7468838285727051,/home/xinyuan/Work_host/SSM/results/cross_session_iteration_b/official_20261003/adapt/wide/m1,1,query_quartile,6699.23227301985,0.22694227558222713,0.245835786123224,26491.366076784812,m1
0.25000494159040143,ridge,Q2,io,12648,support,recording_causal_fixed_window,0.7338647239080155,session_iteration_b_m1_wide,0.7003106781262236,/home/xinyuan/Work_host/SSM/results/cross_session_iteration_b/official_20261003/adapt/wide/m1,1,query_quartile,8072.303298020846,0.2734562416981209,0.2501516857135609,26956.449203213568,m1
0.25000494159040143,ridge,Q3,io,12648,support,recording_causal_fixed_window,0.7272909570316763,session_iteration_b_m1_wide,0.7198837328305749,/home/xinyuan/Work_host/SSM/results/cross_session_iteration_b/official_20261003/adapt/wide/m1,1,query_quartile,7569.795214517842,0.25643334663775463,0.2508980605037958,27036.878859572415,m1
0.24998517522879563,ridge,Q4,io,12647,support,recording_causal_fixed_window,0.7656173938674362,session_iteration_b_m1_wide,0.7363275013645411,/home/xinyuan/Work_host/SSM/results/cross_session_iteration_b/official_20261003/adapt/wide/m1,1,query_quartile,7178.212260499193,0.24316813608189733,0.2531144676594194,27275.719812147963,m1
0.07511217410211303,ridge,"[0,10)",io,3800,support,recording_causal_fixed_window,0.3840074569314165,session_iteration_b_m1_wide,0.06726691663612627,/home/xinyuan/Work_host/SSM/results/cross_session_iteration_b/official_20261003/adapt/wide/m1,1,trial_position,499.6556553464601,0.01692626659453619,0.0236832442910817,2552.1162085266437,m1
0.11266826115316954,ridge,"[10,25)",io,5700,support,recording_causal_fixed_window,0.37240201451049415,session_iteration_b_m1_wide,0.05104911057211703,/home/xinyuan/Work_host/SSM/results/cross_session_iteration_b/official_20261003/adapt/wide/m1,1,trial_position,716.3984589718864,0.024268616145383042,0.036536049092856585,3937.1397744065434,m1
0.18778043525528257,ridge,"[25,50)",io,9500,support,recording_causal_fixed_window,0.4078323032835192,session_iteration_b_m1_wide,0.08611916421235244,/home/xinyuan/Work_host/SSM/results/cross_session_iteration_b/official_20261003/adapt/wide/m1,1,trial_position,1268.0250523332402,0.04295544312304597,0.06181024434827429,6660.697517426922,m1
0.5796090213674369,ridge,"[50,128)",io,29323,support,recording_causal_fixed_window,0.7528876137663177,session_iteration_b_m1_wide,0.6953611143327136,/home/xinyuan/Work_host/SSM/results/cross_session_iteration_b/official_20261003/adapt/wide/m1,1,trial_position,25665.459937521533,0.8694396081090116,0.8420067422274752,90734.99509257087,m1
0.04483010812199798,ridge,"[128,1000000000)",io,2268,support,recording_causal_fixed_window,0.7351082081944196,session_iteration_b_m1_wide,0.5819884814183685,/home/xinyuan/Work_host/SSM/results/cross_session_iteration_b/official_20261003/adapt/wide/m1,1,trial_position,1370.0039418846065,0.046410066028023,0.03596372004031278,3875.465358787828,m1
0.25000494159040143,zero,Q1,io,12648,support,recording_causal_fixed_window,0.8478308366088186,session_iteration_b_m1_wide,0.7466413248940835,/home/xinyuan/Work_host/SSM/results/cross_session_iteration_b/official_20261003/adapt/wide/m1,2,query_quartile,6705.650624170574,0.223997107779741,0.245835786123224,26491.366076784812,m1
0.25000494159040143,zero,Q2,io,12648,support,recording_causal_fixed_window,0.8207500003085815,session_iteration_b_m1_wide,0.692410759118191,/home/xinyuan/Work_host/SSM/results/cross_session_iteration_b/official_20261003/adapt/wide/m1,2,query_quartile,8285.092135020177,0.276757138113313,0.2501516857135609,26956.449203213568,m1
0.25000494159040143,zero,Q3,io,12648,support,recording_causal_fixed_window,0.8062689678623924,session_iteration_b_m1_wide,0.721472578763636,/home/xinyuan/Work_host/SSM/results/cross_session_iteration_b/official_20261003/adapt/wide/m1,2,query_quartile,7526.858620858975,0.2514289300522516,0.2508980605037958,27036.878859572415,m1
0.24998517522879563,zero,Q4,io,12647,support,recording_causal_fixed_window,0.8508549662438765,session_iteration_b_m1_wide,0.7274928908190164,/home/xinyuan/Work_host/SSM/results/cross_session_iteration_b/official_20261003/adapt/wide/m1,2,query_quartile,7418.725435224697,0.24781682405469463,0.2531144676594194,27275.719812147963,m1
0.07511217410211303,zero,"[0,10)",io,3800,support,recording_causal_fixed_window,0.4102709206200975,session_iteration_b_m1_wide,-0.05353511515263065,/home/xinyuan/Work_host/SSM/results/cross_session_iteration_b/official_20261003/adapt/wide/m1,2,trial_position,564.3680789080977,0.018852282125011412,0.0236832442910817,2552.1162085266437,m1
0.11266826115316954,zero,"[10,25)",io,5700,support,recording_causal_fixed_window,0.39717696109386563,session_iteration_b_m1_wide,-0.08841687600579662,/home/xinyuan/Work_host/SSM/results/cross_session_iteration_b/official_20261003/adapt/wide/m1,2,trial_position,821.6865397108678,0.027447807634556506,0.036536049092856585,3937.1397744065434,m1
0.18778043525528257,zero,"[25,50)",io,9500,support,recording_causal_fixed_window,0.43478340005252947,session_iteration_b_m1_wide,-0.055103484437305505,/home/xinyuan/Work_host/SSM/results/cross_session_iteration_b/official_20261003/adapt/wide/m1,2,trial_position,1463.9738559759849,0.048902922025457755,0.06181024434827429,6660.697517426922,m1
0.5796090213674369,zero,"[50,128)",io,29323,support,recording_causal_fixed_window,0.8424601843025037,session_iteration_b_m1_wide,0.6945511269696671,/home/xinyuan/Work_host/SSM/results/cross_session_iteration_b/official_20261003/adapt/wide/m1,2,trial_position,25733.700399242738,0.8596144930550608,0.8420067422274752,90734.99509257087,m1
0.04483010812199798,zero,"[128,1000000000)",io,2268,support,recording_causal_fixed_window,0.7772774917463141,session_iteration_b_m1_wide,0.5872993483853923,/home/xinyuan/Work_host/SSM/results/cross_session_iteration_b/official_20261003/adapt/wide/m1,2,trial_position,1352.597941436735,0.045182495159913835,0.03596372004031278,3875.465358787828,m1
0.25000494159040143,ridge,Q1,io,12648,support,recording_causal_fixed_window,0.7640836445806313,session_iteration_b_m1_wide,0.7463739080238919,/home/xinyuan/Work_host/SSM/results/cross_session_iteration_b/official_20261003/adapt/wide/m1,2,query_quartile,6712.728353408637,0.22734491003176877,0.245835786123224,26491.366076784812,m1
0.25000494159040143,ridge,Q2,io,12648,support,recording_causal_fixed_window,0.7354250624400859,session_iteration_b_m1_wide,0.7005364283182229,/home/xinyuan/Work_host/SSM/results/cross_session_iteration_b/official_20261003/adapt/wide/m1,2,query_quartile,8066.222587476968,0.27318469508973725,0.2501516857135609,26956.449203213568,m1
0.25000494159040143,ridge,Q3,io,12648,support,recording_causal_fixed_window,0.7296140762578008,session_iteration_b_m1_wide,0.7197512208969874,/home/xinyuan/Work_host/SSM/results/cross_session_iteration_b/official_20261003/adapt/wide/m1,2,query_quartile,7573.376185415653,0.2564931033796072,0.2508980605037958,27036.878859572415,m1
0.24998517522879563,ridge,Q4,io,12647,support,recording_causal_fixed_window,0.767232461128904,session_iteration_b_m1_wide,0.7364712133480211,/home/xinyuan/Work_host/SSM/results/cross_session_iteration_b/official_20261003/adapt/wide/m1,2,query_quartile,7174.299849735323,0.24297729149888625,0.2531144676594194,27275.719812147963,m1
0.07511217410211303,ridge,"[0,10)",io,3800,support,recording_causal_fixed_window,0.3892085272001518,session_iteration_b_m1_wide,0.0643808401226138,/home/xinyuan/Work_host/SSM/results/cross_session_iteration_b/official_20261003/adapt/wide/m1,2,trial_position,501.20169727148584,0.01697456664041762,0.0236832442910817,2552.1162085266437,m1
0.11266826115316954,ridge,"[10,25)",io,5700,support,recording_causal_fixed_window,0.37783611878481477,session_iteration_b_m1_wide,0.04820574226816199,/home/xinyuan/Work_host/SSM/results/cross_session_iteration_b/official_20261003/adapt/wide/m1,2,trial_position,718.5450238720689,0.024335492992654736,0.036536049092856585,3937.1397744065434,m1
0.18778043525528257,ridge,"[25,50)",io,9500,support,recording_causal_fixed_window,0.4143690494813634,session_iteration_b_m1_wide,0.08298339862698478,/home/xinyuan/Work_host/SSM/results/cross_session_iteration_b/official_20261003/adapt/wide/m1,2,trial_position,1272.3759798992653,0.04309249346130555,0.06181024434827429,6660.697517426922,m1
0.5796090213674369,ridge,"[50,128)",io,29323,support,recording_causal_fixed_window,0.7553672965977866,session_iteration_b_m1_wide,0.6953704737097977,/home/xinyuan/Work_host/SSM/results/cross_session_iteration_b/official_20261003/adapt/wide/m1,2,trial_position,25664.671421252304,0.8692043097940512,0.8420067422274752,90734.99509257087,m1
0.04483010812199798,ridge,"[128,1000000000)",io,2268,support,recording_causal_fixed_window,0.7347117385465368,session_iteration_b_m1_wide,0.5820406833225681,/home/xinyuan/Work_host/SSM/results/cross_session_iteration_b/official_20261003/adapt/wide/m1,2,trial_position,1369.8328537414616,0.04639313711157048,0.03596372004031278,3875.465358787828,m1
0.25000494159040143,zero,Q1,lora,12648,support,recording_causal_fixed_window,0.8356398248387119,session_iteration_b_m1_wide,0.757446336740951,/home/xinyuan/Work_host/SSM/results/cross_session_iteration_b/official_20261003/adapt/wide/m1,0,query_quartile,6419.674095422043,0.22358778989068856,0.245835786123224,26491.366076784812,m1
0.25000494159040143,zero,Q2,lora,12648,support,recording_causal_fixed_window,0.8106809998174325,session_iteration_b_m1_wide,0.7055769275305243,/home/xinyuan/Work_host/SSM/results/cross_session_iteration_b/official_20261003/adapt/wide/m1,0,query_quartile,7930.453858178472,0.27620602301987074,0.2501516857135609,26956.449203213568,m1
0.25000494159040143,zero,Q3,lora,12648,support,recording_causal_fixed_window,0.7914313245751725,session_iteration_b_m1_wide,0.7322061772276112,/home/xinyuan/Work_host/SSM/results/cross_session_iteration_b/official_20261003/adapt/wide/m1,0,query_quartile,7236.796415232011,0.2520469563282727,0.2508980605037958,27036.878859572415,m1
0.24998517522879563,zero,Q4,lora,12647,support,recording_causal_fixed_window,0.8279005502985698,session_iteration_b_m1_wide,0.7382758062812551,/home/xinyuan/Work_host/SSM/results/cross_session_iteration_b/official_20261003/adapt/wide/m1,0,query_quartile,7125.171665394568,0.2481592307611675,0.2531144676594194,27275.719812147963,m1
0.07511217410211303,zero,"[0,10)",lora,3800,support,recording_causal_fixed_window,0.38435963383503735,session_iteration_b_m1_wide,0.021345520635294046,/home/xinyuan/Work_host/SSM/results/cross_session_iteration_b/official_20261003/adapt/wide/m1,0,trial_position,524.2552815658605,0.018259039010628357,0.0236832442910817,2552.1162085266437,m1
0.11266826115316954,zero,"[10,25)",lora,5700,support,recording_causal_fixed_window,0.3687740020097946,session_iteration_b_m1_wide,0.001988272796686341,/home/xinyuan/Work_host/SSM/results/cross_session_iteration_b/official_20261003/adapt/wide/m1,0,trial_position,753.4363172738879,0.02624107680525071,0.036536049092856585,3937.1397744065434,m1
0.18778043525528257,zero,"[25,50)",lora,9500,support,recording_causal_fixed_window,0.40529901075312375,session_iteration_b_m1_wide,0.03521500408239531,/home/xinyuan/Work_host/SSM/results/cross_session_iteration_b/official_20261003/adapt/wide/m1,0,trial_position,1338.6554319025158,0.04662339629634603,0.06181024434827429,6660.697517426922,m1
0.5796090213674369,zero,"[50,128)",lora,29323,support,recording_causal_fixed_window,0.8145563064719621,session_iteration_b_m1_wide,0.705911656642276,/home/xinyuan/Work_host/SSM/results/cross_session_iteration_b/official_20261003/adapt/wide/m1,0,trial_position,24776.589429831536,0.8629321036087322,0.8420067422274752,90734.99509257087,m1
0.04483010812199798,zero,"[128,1000000000)",lora,2268,support,recording_causal_fixed_window,0.7497529168555607,session_iteration_b_m1_wide,0.5975019634791996,/home/xinyuan/Work_host/SSM/results/cross_session_iteration_b/official_20261003/adapt/wide/m1,0,trial_position,1319.1595736532936,0.04594438427904219,0.03596372004031278,3875.465358787828,m1
0.25000494159040143,ridge,Q1,lora,12648,support,recording_causal_fixed_window,0.7461947297255603,session_iteration_b_m1_wide,0.7503808847213151,/home/xinyuan/Work_host/SSM/results/cross_session_iteration_b/official_20261003/adapt/wide/m1,0,query_quartile,6606.675597248303,0.2267093653822313,0.245835786123224,26491.366076784812,m1
0.25000494159040143,ridge,Q2,lora,12648,support,recording_causal_fixed_window,0.7220418708880993,session_iteration_b_m1_wide,0.7053545711350876,/home/xinyuan/Work_host/SSM/results/cross_session_iteration_b/official_20261003/adapt/wide/m1,0,query_quartile,7936.443154870782,0.27234059922395876,0.2501516857135609,26956.449203213568,m1
0.25000494159040143,ridge,Q3,lora,12648,support,recording_causal_fixed_window,0.7097119302650232,session_iteration_b_m1_wide,0.7259741846559495,/home/xinyuan/Work_host/SSM/results/cross_session_iteration_b/official_20261003/adapt/wide/m1,0,query_quartile,7405.208296564638,0.2541111711518937,0.2508980605037958,27036.878859572415,m1
0.24998517522879563,ridge,Q4,lora,12647,support,recording_causal_fixed_window,0.7480019544714991,session_iteration_b_m1_wide,0.7357739702607891,/home/xinyuan/Work_host/SSM/results/cross_session_iteration_b/official_20261003/adapt/wide/m1,0,query_quartile,7193.281574804185,0.24683886424191612,0.2531144676594194,27275.719812147963,m1
0.07511217410211303,ridge,"[0,10)",lora,3800,support,recording_causal_fixed_window,0.36937380305757284,session_iteration_b_m1_wide,0.05749856558696764,/home/xinyuan/Work_host/SSM/results/cross_session_iteration_b/official_20261003/adapt/wide/m1,0,trial_position,504.88846195767104,0.01732534632802442,0.0236832442910817,2552.1162085266437,m1
0.11266826115316954,ridge,"[10,25)",lora,5700,support,recording_causal_fixed_window,0.35975380148696934,session_iteration_b_m1_wide,0.055272947412835505,/home/xinyuan/Work_host/SSM/results/cross_session_iteration_b/official_20261003/adapt/wide/m1,0,trial_position,713.209726828473,0.02447393127960793,0.036536049092856585,3937.1397744065434,m1
0.18778043525528257,ridge,"[25,50)",lora,9500,support,recording_causal_fixed_window,0.4085421418036308,session_iteration_b_m1_wide,0.08011556907001882,/home/xinyuan/Work_host/SSM/results/cross_session_iteration_b/official_20261003/adapt/wide/m1,0,trial_position,1276.355141712983,0.043798376342349565,0.06181024434827429,6660.697517426922,m1
0.5796090213674369,ridge,"[50,128)",lora,29323,support,recording_causal_fixed_window,0.7310994401634171,session_iteration_b_m1_wide,0.6997719198268735,/home/xinyuan/Work_host/SSM/results/cross_session_iteration_b/official_20261003/adapt/wide/m1,0,trial_position,25293.854876484787,0.8679635775527551,0.8420067422274752,90734.99509257087,m1
0.04483010812199798,ridge,"[128,1000000000)",lora,2268,support,recording_causal_fixed_window,0.7470309874071417,session_iteration_b_m1_wide,0.5870850112870417,/home/xinyuan/Work_host/SSM/results/cross_session_iteration_b/official_20261003/adapt/wide/m1,0,trial_position,1353.3004165039981,0.046438768497263,0.03596372004031278,3875.465358787828,m1
0.25000494159040143,zero,Q1,lora,12648,support,recording_causal_fixed_window,0.8362468321225763,session_iteration_b_m1_wide,0.754954964939186,/home/xinyuan/Work_host/SSM/results/cross_session_iteration_b/official_20261003/adapt/wide/m1,1,query_quartile,6485.613297506052,0.22466079564918076,0.245835786123224,26491.366076784812,m1
0.25000494159040143,zero,Q2,lora,12648,support,recording_causal_fixed_window,0.8216578049165044,session_iteration_b_m1_wide,0.7073499694346392,/home/xinyuan/Work_host/SSM/results/cross_session_iteration_b/official_20261003/adapt/wide/m1,1,query_quartile,7882.695960364066,0.27305555621038347,0.2501516857135609,26956.449203213568,m1
0.25000494159040143,zero,Q3,lora,12648,support,recording_causal_fixed_window,0.7933339218749369,session_iteration_b_m1_wide,0.7282998502892583,/home/xinyuan/Work_host/SSM/results/cross_session_iteration_b/official_20261003/adapt/wide/m1,1,query_quartile,7342.360063009743,0.2543383914568025,0.2508980605037958,27036.878859572415,m1
0.24998517522879563,zero,Q4,lora,12647,support,recording_causal_fixed_window,0.8410518276522839,session_iteration_b_m1_wide,0.737077289608675,/home/xinyuan/Work_host/SSM/results/cross_session_iteration_b/official_20261003/adapt/wide/m1,1,query_quartile,7157.800047641676,0.24794525668363324,0.2531144676594194,27275.719812147963,m1
0.07511217410211303,zero,"[0,10)",lora,3800,support,recording_causal_fixed_window,0.37813839364693375,session_iteration_b_m1_wide,0.015448784899907309,/home/xinyuan/Work_host/SSM/results/cross_session_iteration_b/official_20261003/adapt/wide/m1,1,trial_position,527.4141031095799,0.01826955549242515,0.0236832442910817,2552.1162085266437,m1
0.11266826115316954,zero,"[10,25)",lora,5700,support,recording_causal_fixed_window,0.3637828087206772,session_iteration_b_m1_wide,-0.009599971798067708,/home/xinyuan/Work_host/SSM/results/cross_session_iteration_b/official_20261003/adapt/wide/m1,1,trial_position,762.1847158078481,0.026401978784470707,0.036536049092856585,3937.1397744065434,m1
0.18778043525528257,zero,"[25,50)",lora,9500,support,recording_causal_fixed_window,0.398366704506166,session_iteration_b_m1_wide,0.020064693950569756,/home/xinyuan/Work_host/SSM/results/cross_session_iteration_b/official_20261003/adapt/wide/m1,1,trial_position,1359.6767423901306,0.047099024372685844,0.06181024434827429,6660.697517426922,m1
0.5796090213674369,zero,"[50,128)",lora,29323,support,recording_causal_fixed_window,0.822093001399976,session_iteration_b_m1_wide,0.7044576549735717,/home/xinyuan/Work_host/SSM/results/cross_session_iteration_b/official_20261003/adapt/wide/m1,1,trial_position,24899.08732269074,0.8625011255304359,0.8420067422274752,90734.99509257087,m1
0.04483010812199798,zero,"[128,1000000000)",lora,2268,support,recording_causal_fixed_window,0.7815981550082677,session_iteration_b_m1_wide,0.5972130448574313,/home/xinyuan/Work_host/SSM/results/cross_session_iteration_b/official_20261003/adapt/wide/m1,1,trial_position,1320.106484523237,0.04572831581998227,0.03596372004031278,3875.465358787828,m1
0.25000494159040143,ridge,Q1,lora,12648,support,recording_causal_fixed_window,0.748975429979985,session_iteration_b_m1_wide,0.7499986027891965,/home/xinyuan/Work_host/SSM/results/cross_session_iteration_b/official_20261003/adapt/wide/m1,1,query_quartile,6616.793463059092,0.2272774749568448,0.245835786123224,26491.366076784812,m1
0.25000494159040143,ridge,Q2,lora,12648,support,recording_causal_fixed_window,0.7340897092872184,session_iteration_b_m1_wide,0.7080861797510409,/home/xinyuan/Work_host/SSM/results/cross_session_iteration_b/official_20261003/adapt/wide/m1,1,query_quartile,7862.865714401449,0.27007829025809044,0.2501516857135609,26956.449203213568,m1
0.25000494159040143,ridge,Q3,lora,12648,support,recording_causal_fixed_window,0.7131972788225159,session_iteration_b_m1_wide,0.7249611977339274,/home/xinyuan/Work_host/SSM/results/cross_session_iteration_b/official_20261003/adapt/wide/m1,1,query_quartile,7432.583013614018,0.2552986894894476,0.2508980605037958,27036.878859572415,m1
0.24998517522879563,ridge,Q4,lora,12647,support,recording_causal_fixed_window,0.759696097199684,session_iteration_b_m1_wide,0.7354889530295475,/home/xinyuan/Work_host/SSM/results/cross_session_iteration_b/official_20261003/adapt/wide/m1,1,query_quartile,7201.0408754303,0.24734554529561711,0.2531144676594194,27275.719812147963,m1
0.07511217410211303,ridge,"[0,10)",lora,3800,support,recording_causal_fixed_window,0.3593328277947298,session_iteration_b_m1_wide,0.0570614199426861,/home/xinyuan/Work_host/SSM/results/cross_session_iteration_b/official_20261003/adapt/wide/m1,1,trial_position,505.1226364468911,0.01735024645942594,0.0236832442910817,2552.1162085266437,m1
0.11266826115316954,ridge,"[10,25)",lora,5700,support,recording_causal_fixed_window,0.3524269768699394,session_iteration_b_m1_wide,0.05174686768853376,/home/xinyuan/Work_host/SSM/results/cross_session_iteration_b/official_20261003/adapt/wide/m1,1,trial_position,715.8716960713964,0.024589177882690064,0.036536049092856585,3937.1397744065434,m1
0.18778043525528257,ridge,"[25,50)",lora,9500,support,recording_causal_fixed_window,0.4015368436104955,session_iteration_b_m1_wide,0.0722612642789181,/home/xinyuan/Work_host/SSM/results/cross_session_iteration_b/official_20261003/adapt/wide/m1,1,trial_position,1287.2531219022633,0.04421531982366021,0.06181024434827429,6660.697517426922,m1
0.5796090213674369,ridge,"[50,128)",lora,29323,support,recording_causal_fixed_window,0.7387992743306219,session_iteration_b_m1_wide,0.7002845077946482,/home/xinyuan/Work_host/SSM/results/cross_session_iteration_b/official_20261003/adapt/wide/m1,1,trial_position,25250.66995633724,0.8673247156171268,0.8420067422274752,90734.99509257087,m1
0.04483010812199798,ridge,"[128,1000000000)",lora,2268,support,recording_causal_fixed_window,0.7491109657650643,session_iteration_b_m1_wide,0.5867599886648154,/home/xinyuan/Work_host/SSM/results/cross_session_iteration_b/official_20261003/adapt/wide/m1,1,trial_position,1354.3656557470758,0.04652054021709726,0.03596372004031278,3875.465358787828,m1
0.25000494159040143,zero,Q1,lora,12648,support,recording_causal_fixed_window,0.8434134937635943,session_iteration_b_m1_wide,0.7560196807127876,/home/xinyuan/Work_host/SSM/results/cross_session_iteration_b/official_20261003/adapt/wide/m1,2,query_quartile,6457.4334375157405,0.22522837984668265,0.245835786123224,26491.366076784812,m1
0.25000494159040143,zero,Q2,lora,12648,support,recording_causal_fixed_window,0.8247323815182586,session_iteration_b_m1_wide,0.7091896440212887,/home/xinyuan/Work_host/SSM/results/cross_session_iteration_b/official_20261003/adapt/wide/m1,2,query_quartile,7833.143273133686,0.2732116692469647,0.2501516857135609,26956.449203213568,m1
0.25000494159040143,zero,Q3,lora,12648,support,recording_causal_fixed_window,0.7961164438168352,session_iteration_b_m1_wide,0.730574270881851,/home/xinyuan/Work_host/SSM/results/cross_session_iteration_b/official_20261003/adapt/wide/m1,2,query_quartile,7280.896663216554,0.2539498974562035,0.2508980605037958,27036.878859572415,m1
0.24998517522879563,zero,Q4,lora,12647,support,recording_causal_fixed_window,0.841778348954449,session_iteration_b_m1_wide,0.7392323953384885,/home/xinyuan/Work_host/SSM/results/cross_session_iteration_b/official_20261003/adapt/wide/m1,2,query_quartile,7099.129513352063,0.2476100534501493,0.2531144676594194,27275.719812147963,m1
0.07511217410211303,zero,"[0,10)",lora,3800,support,recording_causal_fixed_window,0.37154166114914067,session_iteration_b_m1_wide,0.02688143626746564,/home/xinyuan/Work_host/SSM/results/cross_session_iteration_b/official_20261003/adapt/wide/m1,2,trial_position,521.2897476929119,0.018182029507489494,0.0236832442910817,2552.1162085266437,m1
0.11266826115316954,zero,"[10,25)",lora,5700,support,recording_causal_fixed_window,0.35423333539206775,session_iteration_b_m1_wide,0.00119666741903246,/home/xinyuan/Work_host/SSM/results/cross_session_iteration_b/official_20261003/adapt/wide/m1,2,trial_position,754.033929730953,0.026299897937169546,0.036536049092856585,3937.1397744065434,m1
0.18778043525528257,zero,"[25,50)",lora,9500,support,recording_causal_fixed_window,0.39280989384737297,session_iteration_b_m1_wide,0.028020116226120773,/home/xinyuan/Work_host/SSM/results/cross_session_iteration_b/official_20261003/adapt/wide/m1,2,trial_position,1348.6384599880334,0.047039068738567925,0.06181024434827429,6660.697517426922,m1
0.5796090213674369,zero,"[50,128)",lora,29323,support,recording_causal_fixed_window,0.8260608472886185,session_iteration_b_m1_wide,0.7064891644419029,/home/xinyuan/Work_host/SSM/results/cross_session_iteration_b/official_20261003/adapt/wide/m1,2,trial_position,24727.935091884938,0.8624839592371869,0.8420067422274752,90734.99509257087,m1
0.04483010812199798,zero,"[128,1000000000)",lora,2268,support,recording_causal_fixed_window,0.7813714336534402,session_iteration_b_m1_wide,0.5976404608941935,/home/xinyuan/Work_host/SSM/results/cross_session_iteration_b/official_20261003/adapt/wide/m1,2,trial_position,1318.7056579211953,0.04599504457958581,0.03596372004031278,3875.465358787828,m1
0.25000494159040143,ridge,Q1,lora,12648,support,recording_causal_fixed_window,0.746816530751543,session_iteration_b_m1_wide,0.7500555155405387,/home/xinyuan/Work_host/SSM/results/cross_session_iteration_b/official_20261003/adapt/wide/m1,2,query_quartile,6615.287151793444,0.2275704919390045,0.245835786123224,26491.366076784812,m1
0.25000494159040143,ridge,Q2,lora,12648,support,recording_causal_fixed_window,0.7293678150930302,session_iteration_b_m1_wide,0.7081357049130867,/home/xinyuan/Work_host/SSM/results/cross_session_iteration_b/official_20261003/adapt/wide/m1,2,query_quartile,7861.531725834831,0.27044217449537333,0.2501516857135609,26956.449203213568,m1
0.25000494159040143,ridge,Q3,lora,12648,support,recording_causal_fixed_window,0.7076418114917753,session_iteration_b_m1_wide,0.7252697943853279,/home/xinyuan/Work_host/SSM/results/cross_session_iteration_b/official_20261003/adapt/wide/m1,2,query_quartile,7424.243571286754,0.25539915698665844,0.2508980605037958,27036.878859572415,m1
0.24998517522879563,ridge,Q4,lora,12647,support,recording_causal_fixed_window,0.7527997341495808,session_iteration_b_m1_wide,0.7366983748075995,/home/xinyuan/Work_host/SSM/results/cross_session_iteration_b/official_20261003/adapt/wide/m1,2,query_quartile,7168.115612916177,0.24658817657896395,0.2531144676594194,27275.719812147963,m1
0.07511217410211303,ridge,"[0,10)",lora,3800,support,recording_causal_fixed_window,0.3623522681735135,session_iteration_b_m1_wide,0.0657699380475043,/home/xinyuan/Work_host/SSM/results/cross_session_iteration_b/official_20261003/adapt/wide/m1,2,trial_position,500.4575715978275,0.01721608951355061,0.0236832442910817,2552.1162085266437,m1
0.11266826115316954,ridge,"[10,25)",lora,5700,support,recording_causal_fixed_window,0.3509853883695992,session_iteration_b_m1_wide,0.05861647318178187,/home/xinyuan/Work_host/SSM/results/cross_session_iteration_b/official_20261003/adapt/wide/m1,2,trial_position,710.6855743827653,0.024448079435583324,0.036536049092856585,3937.1397744065434,m1
0.18778043525528257,ridge,"[25,50)",lora,9500,support,recording_causal_fixed_window,0.3997518225596007,session_iteration_b_m1_wide,0.07614192293913968,/home/xinyuan/Work_host/SSM/results/cross_session_iteration_b/official_20261003/adapt/wide/m1,2,trial_position,1281.868642648495,0.04409717536291923,0.06181024434827429,6660.697517426922,m1
0.5796090213674369,ridge,"[50,128)",lora,29323,support,recording_causal_fixed_window,0.7351498729678015,session_iteration_b_m1_wide,0.7005050612546906,/home/xinyuan/Work_host/SSM/results/cross_session_iteration_b/official_20261003/adapt/wide/m1,2,trial_position,25232.08859243684,0.8680014460253148,0.8420067422274752,90734.99509257087,m1
0.04483010812199798,ridge,"[128,1000000000)",lora,2268,support,recording_causal_fixed_window,0.7529029799833805,session_iteration_b_m1_wide,0.5898990249214263,/home/xinyuan/Work_host/SSM/results/cross_session_iteration_b/official_20261003/adapt/wide/m1,2,trial_position,1344.0776807652674,0.04623720966263185,0.03596372004031278,3875.465358787828,m1
0.25000494159040143,zero,Q1,affine_lora,12648,support,recording_causal_fixed_window,0.8374435479196536,session_iteration_b_m1_wide,0.7576927436599261,/home/xinyuan/Work_host/SSM/results/cross_session_iteration_b/official_20261003/adapt/wide/m1,0,query_quartile,6413.1524371076575,0.22328745306001038,0.245835786123224,26491.366076784812,m1
0.25000494159040143,zero,Q2,affine_lora,12648,support,recording_causal_fixed_window,0.8116105525106533,session_iteration_b_m1_wide,0.7054557621592539,/home/xinyuan/Work_host/SSM/results/cross_session_iteration_b/official_20261003/adapt/wide/m1,0,query_quartile,7933.717516756618,0.27622913925512815,0.2501516857135609,26956.449203213568,m1
0.25000494159040143,zero,Q3,affine_lora,12648,support,recording_causal_fixed_window,0.7906619121363286,session_iteration_b_m1_wide,0.7320886002485163,/home/xinyuan/Work_host/SSM/results/cross_session_iteration_b/official_20261003/adapt/wide/m1,0,query_quartile,7239.973787480626,0.25207498544302076,0.2508980605037958,27036.878859572415,m1
0.24998517522879563,zero,Q4,affine_lora,12647,support,recording_causal_fixed_window,0.8277746751360108,session_iteration_b_m1_wide,0.7379271100195144,/home/xinyuan/Work_host/SSM/results/cross_session_iteration_b/official_20261003/adapt/wide/m1,0,query_quartile,7134.664562053004,0.24840842224184084,0.2531144676594194,27275.719812147963,m1
0.07511217410211303,zero,"[0,10)",affine_lora,3800,support,recording_causal_fixed_window,0.3890023609325081,session_iteration_b_m1_wide,0.02249836027396901,/home/xinyuan/Work_host/SSM/results/cross_session_iteration_b/official_20261003/adapt/wide/m1,0,trial_position,523.637717060596,0.018231553563593555,0.0236832442910817,2552.1162085266437,m1
0.11266826115316954,zero,"[10,25)",affine_lora,5700,support,recording_causal_fixed_window,0.372612709218401,session_iteration_b_m1_wide,0.004044901729700068,/home/xinyuan/Work_host/SSM/results/cross_session_iteration_b/official_20261003/adapt/wide/m1,0,trial_position,751.883691300613,0.026178419439471474,0.036536049092856585,3937.1397744065434,m1
0.18778043525528257,zero,"[25,50)",affine_lora,9500,support,recording_causal_fixed_window,0.41034240749020895,session_iteration_b_m1_wide,0.03549005614392775,/home/xinyuan/Work_host/SSM/results/cross_session_iteration_b/official_20261003/adapt/wide/m1,0,trial_position,1338.2737925343827,0.046594829853558145,0.06181024434827429,6660.697517426922,m1
0.5796090213674369,zero,"[50,128)",affine_lora,29323,support,recording_causal_fixed_window,0.8144491338217245,session_iteration_b_m1_wide,0.7057293328628231,/home/xinyuan/Work_host/SSM/results/cross_session_iteration_b/official_20261003/adapt/wide/m1,0,trial_position,24791.949989094854,0.8631841241485858,0.8420067422274752,90734.99509257087,m1
0.04483010812199798,zero,"[128,1000000000)",affine_lora,2268,support,recording_causal_fixed_window,0.7548026768748592,session_iteration_b_m1_wide,0.5985382813041055,/home/xinyuan/Work_host/SSM/results/cross_session_iteration_b/official_20261003/adapt/wide/m1,0,trial_position,1315.7631134074522,0.04581107299479083,0.03596372004031278,3875.465358787828,m1
0.25000494159040143,ridge,Q1,affine_lora,12648,support,recording_causal_fixed_window,0.7461133170001862,session_iteration_b_m1_wide,0.7509100109208611,/home/xinyuan/Work_host/SSM/results/cross_session_iteration_b/official_20261003/adapt/wide/m1,0,query_quartile,6592.671200403528,0.22635559255841947,0.245835786123224,26491.366076784812,m1
0.25000494159040143,ridge,Q2,affine_lora,12648,support,recording_causal_fixed_window,0.7212915562770987,session_iteration_b_m1_wide,0.705673992342275,/home/xinyuan/Work_host/SSM/results/cross_session_iteration_b/official_20261003/adapt/wide/m1,0,query_quartile,7927.839361955788,0.2721978272439289,0.2501516857135609,26956.449203213568,m1
0.25000494159040143,ridge,Q3,affine_lora,12648,support,recording_causal_fixed_window,0.7075681166843973,session_iteration_b_m1_wide,0.7258414353058541,/home/xinyuan/Work_host/SSM/results/cross_session_iteration_b/official_20261003/adapt/wide/m1,0,query_quartile,7408.795683349549,0.25437675959726297,0.2508980605037958,27036.878859572415,m1
0.24998517522879563,ridge,Q4,affine_lora,12647,support,recording_causal_fixed_window,0.7467938588954918,session_iteration_b_m1_wide,0.7356748875055121,/home/xinyuan/Work_host/SSM/results/cross_session_iteration_b/official_20261003/adapt/wide/m1,0,query_quartile,7195.979000786849,0.24706982060038893,0.2531144676594194,27275.719812147963,m1
0.07511217410211303,ridge,"[0,10)",affine_lora,3800,support,recording_causal_fixed_window,0.37097374293084495,session_iteration_b_m1_wide,0.059154902339534354,/home/xinyuan/Work_host/SSM/results/cross_session_iteration_b/official_20261003/adapt/wide/m1,0,trial_position,504.00117915368446,0.01730459203706253,0.0236832442910817,2552.1162085266437,m1
0.11266826115316954,ridge,"[10,25)",affine_lora,5700,support,recording_causal_fixed_window,0.3608897218070524,session_iteration_b_m1_wide,0.05734482583994538,/home/xinyuan/Work_host/SSM/results/cross_session_iteration_b/official_20261003/adapt/wide/m1,0,trial_position,711.6455884427095,0.024433943991272435,0.036536049092856585,3937.1397744065434,m1
0.18778043525528257,ridge,"[25,50)",affine_lora,9500,support,recording_causal_fixed_window,0.4110987752271708,session_iteration_b_m1_wide,0.080025016492698,/home/xinyuan/Work_host/SSM/results/cross_session_iteration_b/official_20261003/adapt/wide/m1,0,trial_position,1276.4807849392107,0.0438272371973694,0.06181024434827429,6660.697517426922,m1
0.5796090213674369,ridge,"[50,128)",affine_lora,29323,support,recording_causal_fixed_window,0.7297054219573218,session_iteration_b_m1_wide,0.6999002167413895,/home/xinyuan/Work_host/SSM/results/cross_session_iteration_b/official_20261003/adapt/wide/m1,0,trial_position,25283.046015651402,0.8680789149934044,0.8420067422274752,90734.99509257087,m1
0.04483010812199798,ridge,"[128,1000000000)",affine_lora,2268,support,recording_causal_fixed_window,0.747573270893492,session_iteration_b_m1_wide,0.5880579495791347,/home/xinyuan/Work_host/SSM/results/cross_session_iteration_b/official_20261003/adapt/wide/m1,0,trial_position,1350.111678308695,0.046355311780891056,0.03596372004031278,3875.465358787828,m1
0.25000494159040143,zero,Q1,affine_lora,12648,support,recording_causal_fixed_window,0.8386099622736651,session_iteration_b_m1_wide,0.7551755277608908,/home/xinyuan/Work_host/SSM/results/cross_session_iteration_b/official_20261003/adapt/wide/m1,1,query_quartile,6479.775655584316,0.22425551335488372,0.245835786123224,26491.366076784812,m1
0.25000494159040143,zero,Q2,affine_lora,12648,support,recording_causal_fixed_window,0.8231181926859019,session_iteration_b_m1_wide,0.7070507196357377,/home/xinyuan/Work_host/SSM/results/cross_session_iteration_b/official_20261003/adapt/wide/m1,1,query_quartile,7890.7564248594335,0.2730874843313738,0.2501516857135609,26956.449203213568,m1
0.25000494159040143,zero,Q3,affine_lora,12648,support,recording_causal_fixed_window,0.792935696827512,session_iteration_b_m1_wide,0.7278070415530897,/home/xinyuan/Work_host/SSM/results/cross_session_iteration_b/official_20261003/adapt/wide/m1,1,query_quartile,7355.677608793205,0.2545691928101475,0.2508980605037958,27036.878859572415,m1
0.24998517522879563,zero,Q4,affine_lora,12647,support,recording_causal_fixed_window,0.8415349276134827,session_iteration_b_m1_wide,0.7366879078798122,/home/xinyuan/Work_host/SSM/results/cross_session_iteration_b/official_20261003/adapt/wide/m1,1,query_quartile,7168.400564246942,0.2480878095035953,0.2531144676594194,27275.719812147963,m1
0.07511217410211303,zero,"[0,10)",affine_lora,3800,support,recording_causal_fixed_window,0.3815896417849236,session_iteration_b_m1_wide,0.01925763059947172,/home/xinyuan/Work_host/SSM/results/cross_session_iteration_b/official_20261003/adapt/wide/m1,1,trial_position,525.373743087969,0.018182413207135182,0.0236832442910817,2552.1162085266437,m1
0.11266826115316954,zero,"[10,25)",affine_lora,5700,support,recording_causal_fixed_window,0.3665048275947939,session_iteration_b_m1_wide,-0.00494853852189836,/home/xinyuan/Work_host/SSM/results/cross_session_iteration_b/official_20261003/adapt/wide/m1,1,trial_position,758.6731751494402,0.026256563715302765,0.036536049092856585,3937.1397744065434,m1
0.18778043525528257,zero,"[25,50)",affine_lora,9500,support,recording_causal_fixed_window,0.4021342345785324,session_iteration_b_m1_wide,0.022680086731684423,/home/xinyuan/Work_host/SSM/results/cross_session_iteration_b/official_20261003/adapt/wide/m1,1,trial_position,1356.0478408547497,0.04693082304826202,0.06181024434827429,6660.697517426922,m1
0.5796090213674369,zero,"[50,128)",affine_lora,29323,support,recording_causal_fixed_window,0.8226728644495545,session_iteration_b_m1_wide,0.7040081983499269,/home/xinyuan/Work_host/SSM/results/cross_session_iteration_b/official_20261003/adapt/wide/m1,1,trial_position,24936.953502980043,0.8630313156749827,0.8420067422274752,90734.99509257087,m1
0.04483010812199798,zero,"[128,1000000000)",affine_lora,2268,support,recording_causal_fixed_window,0.7840459950041171,session_iteration_b_m1_wide,0.5979894130101485,/home/xinyuan/Work_host/SSM/results/cross_session_iteration_b/official_20261003/adapt/wide/m1,1,trial_position,1317.5619914116949,0.04559888435431772,0.03596372004031278,3875.465358787828,m1
0.25000494159040143,ridge,Q1,affine_lora,12648,support,recording_causal_fixed_window,0.7489712479609194,session_iteration_b_m1_wide,0.7504154522824772,/home/xinyuan/Work_host/SSM/results/cross_session_iteration_b/official_20261003/adapt/wide/m1,1,query_quartile,6605.760696710616,0.22685808330959512,0.245835786123224,26491.366076784812,m1
0.25000494159040143,ridge,Q2,affine_lora,12648,support,recording_causal_fixed_window,0.7332686634305423,session_iteration_b_m1_wide,0.7081558099219729,/home/xinyuan/Work_host/SSM/results/cross_session_iteration_b/official_20261003/adapt/wide/m1,1,query_quartile,7860.990185921015,0.2699657538883599,0.2501516857135609,26956.449203213568,m1
0.25000494159040143,ridge,Q3,affine_lora,12648,support,recording_causal_fixed_window,0.7109093221757813,session_iteration_b_m1_wide,0.7244271662953813,/home/xinyuan/Work_host/SSM/results/cross_session_iteration_b/official_20261003/adapt/wide/m1,1,query_quartile,7447.014551877604,0.2557488115575959,0.2508980605037958,27036.878859572415,m1
0.24998517522879563,ridge,Q4,affine_lora,12647,support,recording_causal_fixed_window,0.7583535886956468,session_iteration_b_m1_wide,0.7353543117878986,/home/xinyuan/Work_host/SSM/results/cross_session_iteration_b/official_20261003/adapt/wide/m1,1,query_quartile,7204.706344588347,0.2474273512444487,0.2531144676594194,27275.719812147963,m1
0.07511217410211303,ridge,"[0,10)",affine_lora,3800,support,recording_causal_fixed_window,0.3599727398284889,session_iteration_b_m1_wide,0.05923537878315166,/home/xinyuan/Work_host/SSM/results/cross_session_iteration_b/official_20261003/adapt/wide/m1,1,trial_position,503.9580687388265,0.017307160642289883,0.0236832442910817,2552.1162085266437,m1
0.11266826115316954,ridge,"[10,25)",affine_lora,5700,support,recording_causal_fixed_window,0.35244120819223546,session_iteration_b_m1_wide,0.053979553203578834,/home/xinyuan/Work_host/SSM/results/cross_session_iteration_b/official_20261003/adapt/wide/m1,1,trial_position,714.1861584106314,0.024526910746851174,0.036536049092856585,3937.1397744065434,m1
0.18778043525528257,ridge,"[25,50)",affine_lora,9500,support,recording_causal_fixed_window,0.4025553112095435,session_iteration_b_m1_wide,0.07219877568396926,/home/xinyuan/Work_host/SSM/results/cross_session_iteration_b/official_20261003/adapt/wide/m1,1,trial_position,1287.3398258802627,0.044210418583998864,0.06181024434827429,6660.697517426922,m1
0.5796090213674369,ridge,"[50,128)",affine_lora,29323,support,recording_causal_fixed_window,0.7373914819144852,session_iteration_b_m1_wide,0.7001615423497352,/home/xinyuan/Work_host/SSM/results/cross_session_iteration_b/official_20261003/adapt/wide/m1,1,trial_position,25261.029647265095,0.8675259415708236,0.8420067422274752,90734.99509257087,m1
0.04483010812199798,ridge,"[128,1000000000)",affine_lora,2268,support,recording_causal_fixed_window,0.7488118495605574,session_iteration_b_m1_wide,0.5874945813647525,/home/xinyuan/Work_host/SSM/results/cross_session_iteration_b/official_20261003/adapt/wide/m1,1,trial_position,1351.958078802765,0.04642956845603603,0.03596372004031278,3875.465358787828,m1
0.25000494159040143,zero,Q1,affine_lora,12648,support,recording_causal_fixed_window,0.8444060786082787,session_iteration_b_m1_wide,0.7561793456490549,/home/xinyuan/Work_host/SSM/results/cross_session_iteration_b/official_20261003/adapt/wide/m1,2,query_quartile,6453.207581507095,0.22480239321222484,0.245835786123224,26491.366076784812,m1
0.25000494159040143,zero,Q2,affine_lora,12648,support,recording_causal_fixed_window,0.8249933044246918,session_iteration_b_m1_wide,0.7085739300045194,/home/xinyuan/Work_host/SSM/results/cross_session_iteration_b/official_20261003/adapt/wide/m1,2,query_quartile,7849.727882345414,0.2734512398257398,0.2501516857135609,26956.449203213568,m1
0.25000494159040143,zero,Q3,affine_lora,12648,support,recording_causal_fixed_window,0.7948175707963935,session_iteration_b_m1_wide,0.7300682822901274,/home/xinyuan/Work_host/SSM/results/cross_session_iteration_b/official_20261003/adapt/wide/m1,2,query_quartile,7294.570378273998,0.25411190602178463,0.2508980605037958,27036.878859572415,m1
0.24998517522879563,zero,Q4,affine_lora,12647,support,recording_causal_fixed_window,0.8415444946255066,session_iteration_b_m1_wide,0.7388834947357599,/home/xinyuan/Work_host/SSM/results/cross_session_iteration_b/official_20261003/adapt/wide/m1,2,query_quartile,7108.627972983476,0.2476344609402513,0.2531144676594194,27275.719812147963,m1
0.07511217410211303,zero,"[0,10)",affine_lora,3800,support,recording_causal_fixed_window,0.3757936447563892,session_iteration_b_m1_wide,0.028260944256446652,/home/xinyuan/Work_host/SSM/results/cross_session_iteration_b/official_20261003/adapt/wide/m1,2,trial_position,520.5507592506834,0.018133781532666118,0.0236832442910817,2552.1162085266437,m1
0.11266826115316954,zero,"[10,25)",affine_lora,5700,support,recording_causal_fixed_window,0.35777181895594223,session_iteration_b_m1_wide,0.0031357675833283416,/home/xinyuan/Work_host/SSM/results/cross_session_iteration_b/official_20261003/adapt/wide/m1,2,trial_position,752.5700306135485,0.02621634928133096,0.036536049092856585,3937.1397744065434,m1
0.18778043525528257,zero,"[25,50)",affine_lora,9500,support,recording_causal_fixed_window,0.39782905175629385,session_iteration_b_m1_wide,0.02855113756833183,/home/xinyuan/Work_host/SSM/results/cross_session_iteration_b/official_20261003/adapt/wide/m1,2,trial_position,1347.9016589316168,0.0469551792523912,0.06181024434827429,6660.697517426922,m1
0.5796090213674369,zero,"[50,128)",affine_lora,29323,support,recording_causal_fixed_window,0.8256750923572944,session_iteration_b_m1_wide,0.7060164094711596,/home/xinyuan/Work_host/SSM/results/cross_session_iteration_b/official_20261003/adapt/wide/m1,2,trial_position,24767.764129912368,0.862803897224064,0.8420067422274752,90734.99509257087,m1
0.04483010812199798,zero,"[128,1000000000)",affine_lora,2268,support,recording_causal_fixed_window,0.7826239483841175,session_iteration_b_m1_wide,0.5980549384185652,/home/xinyuan/Work_host/SSM/results/cross_session_iteration_b/official_20261003/adapt/wide/m1,2,trial_position,1317.3472364017634,0.0458907927095482,0.03596372004031278,3875.465358787828,m1
0.25000494159040143,ridge,Q1,affine_lora,12648,support,recording_causal_fixed_window,0.7468858557228496,session_iteration_b_m1_wide,0.7503765880746494,/home/xinyuan/Work_host/SSM/results/cross_session_iteration_b/official_20261003/adapt/wide/m1,2,query_quartile,6606.789316707027,0.22713527015799403,0.245835786123224,26491.366076784812,m1
0.25000494159040143,ridge,Q2,affine_lora,12648,support,recording_causal_fixed_window,0.7287004147034438,session_iteration_b_m1_wide,0.707890597823902,/home/xinyuan/Work_host/SSM/results/cross_session_iteration_b/official_20261003/adapt/wide/m1,2,query_quartile,7868.133825475965,0.2704991208921251,0.2501516857135609,26956.449203213568,m1
0.25000494159040143,ridge,Q3,affine_lora,12648,support,recording_causal_fixed_window,0.7058351723451178,session_iteration_b_m1_wide,0.7247547043085953,/home/xinyuan/Work_host/SSM/results/cross_session_iteration_b/official_20261003/adapt/wide/m1,2,query_quartile,7438.163242704971,0.2557171322746408,0.2508980605037958,27036.878859572415,m1
0.24998517522879563,ridge,Q4,affine_lora,12647,support,recording_causal_fixed_window,0.7521531844012258,session_iteration_b_m1_wide,0.7364683046318234,/home/xinyuan/Work_host/SSM/results/cross_session_iteration_b/official_20261003/adapt/wide/m1,2,query_quartile,7174.379036538577,0.2466484766752401,0.2531144676594194,27275.719812147963,m1
0.07511217410211303,ridge,"[0,10)",affine_lora,3800,support,recording_causal_fixed_window,0.3642657080464124,session_iteration_b_m1_wide,0.06671315279723045,/home/xinyuan/Work_host/SSM/results/cross_session_iteration_b/official_20261003/adapt/wide/m1,2,trial_position,499.95230102008924,0.0171878949842021,0.0236832442910817,2552.1162085266437,m1
0.11266826115316954,ridge,"[10,25)",affine_lora,5700,support,recording_causal_fixed_window,0.3523647578470431,session_iteration_b_m1_wide,0.05966384924859025,/home/xinyuan/Work_host/SSM/results/cross_session_iteration_b/official_20261003/adapt/wide/m1,2,trial_position,709.8948710823258,0.024405525225288275,0.036536049092856585,3937.1397744065434,m1
0.18778043525528257,ridge,"[25,50)",affine_lora,9500,support,recording_causal_fixed_window,0.4028052261816726,session_iteration_b_m1_wide,0.07525981628778255,/home/xinyuan/Work_host/SSM/results/cross_session_iteration_b/official_20261003/adapt/wide/m1,2,trial_position,1283.092580484752,0.04411152920665252,0.06181024434827429,6660.697517426922,m1
0.5796090213674369,ridge,"[50,128)",affine_lora,29323,support,recording_causal_fixed_window,0.7341428582553574,session_iteration_b_m1_wide,0.7002816923259552,/home/xinyuan/Work_host/SSM/results/cross_session_iteration_b/official_20261003/adapt/wide/m1,2,trial_position,25250.907156190402,0.868102696139003,0.8420067422274752,90734.99509257087,m1
0.04483010812199798,ridge,"[128,1000000000)",affine_lora,2268,support,recording_causal_fixed_window,0.7529782722775824,session_iteration_b_m1_wide,0.5900391249282324,/home/xinyuan/Work_host/SSM/results/cross_session_iteration_b/official_20261003/adapt/wide/m1,2,trial_position,1343.6185126489588,0.046192354444853645,0.03596372004031278,3875.465358787828,m1
0.25000494159040143,zero,Q1,offset_original,12648,support,recording_causal_fixed_window,0.8001810666091982,session_iteration_b_m1_wide,0.7408059245041899,/home/xinyuan/Work_host/SSM/results/cross_session_iteration_b/official_20261003/adapt/wide/m1,0,query_quartile,6860.096317614531,0.21912217236755663,0.245835786123224,26491.366076784812,m1
0.25000494159040143,zero,Q2,offset_original,12648,support,recording_causal_fixed_window,0.7783161518738679,session_iteration_b_m1_wide,0.6770886535241272,/home/xinyuan/Work_host/SSM/results/cross_session_iteration_b/official_20261003/adapt/wide/m1,0,query_quartile,8697.801812983542,0.2778213511652502,0.2501516857135609,26956.449203213568,m1
0.25000494159040143,zero,Q3,offset_original,12648,support,recording_causal_fixed_window,0.74118308168361,session_iteration_b_m1_wide,0.7015042739348827,/home/xinyuan/Work_host/SSM/results/cross_session_iteration_b/official_20261003/adapt/wide/m1,0,query_quartile,8066.477329412255,0.2576558628245456,0.2508980605037958,27036.878859572415,m1
0.24998517522879563,zero,Q4,offset_original,12647,support,recording_causal_fixed_window,0.788269826432298,session_iteration_b_m1_wide,0.7177928120236348,/home/xinyuan/Work_host/SSM/results/cross_session_iteration_b/official_20261003/adapt/wide/m1,0,query_quartile,7682.800091842879,0.24540061364264795,0.2531144676594194,27275.719812147963,m1
0.07511217410211303,zero,"[0,10)",offset_original,3800,support,recording_causal_fixed_window,0.3845297383164396,session_iteration_b_m1_wide,0.002412907599159686,/home/xinyuan/Work_host/SSM/results/cross_session_iteration_b/official_20261003/adapt/wide/m1,0,trial_position,534.3972904028091,0.01706948266596908,0.0236832442910817,2552.1162085266437,m1
0.11266826115316954,zero,"[10,25)",offset_original,5700,support,recording_causal_fixed_window,0.37224902247078184,session_iteration_b_m1_wide,-0.01184775453219955,/home/xinyuan/Work_host/SSM/results/cross_session_iteration_b/official_20261003/adapt/wide/m1,0,trial_position,763.8816509230114,0.024399570943658452,0.036536049092856585,3937.1397744065434,m1
0.18778043525528257,zero,"[25,50)",offset_original,9500,support,recording_causal_fixed_window,0.41343470806044036,session_iteration_b_m1_wide,0.025083339676112426,/home/xinyuan/Work_host/SSM/results/cross_session_iteration_b/official_20261003/adapt/wide/m1,0,trial_position,1352.7132869158854,0.04320777147959018,0.06181024434827429,6660.697517426922,m1
0.5796090213674369,zero,"[50,128)",offset_original,29323,support,recording_causal_fixed_window,0.7820304322014263,session_iteration_b_m1_wide,0.677230557890873,/home/xinyuan/Work_host/SSM/results/cross_session_iteration_b/official_20261003/adapt/wide/m1,0,trial_position,27192.937524579305,0.8685848226564038,0.8420067422274752,90734.99509257087,m1
0.04483010812199798,zero,"[128,1000000000)",offset_original,2268,support,recording_causal_fixed_window,0.5914543894472277,session_iteration_b_m1_wide,0.5535388039320249,/home/xinyuan/Work_host/SSM/results/cross_session_iteration_b/official_20261003/adapt/wide/m1,0,trial_position,1463.2457990321984,0.04673835225437905,0.03596372004031278,3875.465358787828,m1
0.25000494159040143,ridge,Q1,offset_original,12648,support,recording_causal_fixed_window,0.735819744185176,session_iteration_b_m1_wide,0.7360144181318418,/home/xinyuan/Work_host/SSM/results/cross_session_iteration_b/official_20261003/adapt/wide/m1,0,query_quartile,6986.913241025664,0.22242520550088501,0.245835786123224,26491.366076784812,m1
0.25000494159040143,ridge,Q2,offset_original,12648,support,recording_causal_fixed_window,0.7118332796558346,session_iteration_b_m1_wide,0.6824961407524025,/home/xinyuan/Work_host/SSM/results/cross_session_iteration_b/official_20261003/adapt/wide/m1,0,query_quartile,8552.148051568587,0.2722537438528284,0.2501516857135609,26956.449203213568,m1
0.25000494159040143,ridge,Q3,offset_original,12648,support,recording_causal_fixed_window,0.6866280610419367,session_iteration_b_m1_wide,0.6984237716088764,/home/xinyuan/Work_host/SSM/results/cross_session_iteration_b/official_20261003/adapt/wide/m1,0,query_quartile,8149.724089771265,0.2594427600444607,0.2508980605037958,27036.878859572415,m1
0.24998517522879563,ridge,Q4,offset_original,12647,support,recording_causal_fixed_window,0.7365365139564735,session_iteration_b_m1_wide,0.7162929855464542,/home/xinyuan/Work_host/SSM/results/cross_session_iteration_b/official_20261003/adapt/wide/m1,0,query_quartile,7723.631323248638,0.2458782906018255,0.2531144676594194,27275.719812147963,m1
0.07511217410211303,ridge,"[0,10)",offset_original,3800,support,recording_causal_fixed_window,0.3736146672137187,session_iteration_b_m1_wide,0.03711166521774634,/home/xinyuan/Work_host/SSM/results/cross_session_iteration_b/official_20261003/adapt/wide/m1,0,trial_position,515.8095177732632,0.016420561417074143,0.0236832442910817,2552.1162085266437,m1
0.11266826115316954,ridge,"[10,25)",offset_original,5700,support,recording_causal_fixed_window,0.3662194901824203,session_iteration_b_m1_wide,0.032110172822026106,/home/xinyuan/Work_host/SSM/results/cross_session_iteration_b/official_20261003/adapt/wide/m1,0,trial_position,730.6961702337511,0.02326138027142489,0.036536049092856585,3937.1397744065434,m1
0.18778043525528257,ridge,"[25,50)",offset_original,9500,support,recording_causal_fixed_window,0.4189521717474886,session_iteration_b_m1_wide,0.05431156707067242,/home/xinyuan/Work_host/SSM/results/cross_session_iteration_b/official_20261003/adapt/wide/m1,0,trial_position,1312.1586291090478,0.0417719732106614,0.06181024434827429,6660.697517426922,m1
0.5796090213674369,ridge,"[50,128)",offset_original,29323,support,recording_causal_fixed_window,0.7202819775245155,session_iteration_b_m1_wide,0.6744036828528288,/home/xinyuan/Work_host/SSM/results/cross_session_iteration_b/official_20261003/adapt/wide/m1,0,trial_position,27431.098348593558,0.8732565407389031,0.8420067422274752,90734.99509257087,m1
0.04483010812199798,ridge,"[128,1000000000)",offset_original,2268,support,recording_causal_fixed_window,0.7127654439261926,session_iteration_b_m1_wide,0.5659240404675584,/home/xinyuan/Work_host/SSM/results/cross_session_iteration_b/official_20261003/adapt/wide/m1,0,trial_position,1422.6540399045357,0.04528954436193611,0.03596372004031278,3875.465358787828,m1
0.25000494159040143,zero,Q1,offset_original,12648,support,recording_causal_fixed_window,0.8181553356807165,session_iteration_b_m1_wide,0.7451550407403602,/home/xinyuan/Work_host/SSM/results/cross_session_iteration_b/official_20261003/adapt/wide/m1,1,query_quartile,6744.988145409753,0.22022537187956798,0.245835786123224,26491.366076784812,m1
0.25000494159040143,zero,Q2,offset_original,12648,support,recording_causal_fixed_window,0.7955683271742061,session_iteration_b_m1_wide,0.6856911407625257,/home/xinyuan/Work_host/SSM/results/cross_session_iteration_b/official_20261003/adapt/wide/m1,1,query_quartile,8466.088898851238,0.27641969650959736,0.2501516857135609,26956.449203213568,m1
0.25000494159040143,zero,Q3,offset_original,12648,support,recording_causal_fixed_window,0.7588080080165981,session_iteration_b_m1_wide,0.7086935595870973,/home/xinyuan/Work_host/SSM/results/cross_session_iteration_b/official_20261003/adapt/wide/m1,1,query_quartile,7872.195788122759,0.25702895358354777,0.2508980605037958,27036.878859572415,m1
0.24998517522879563,zero,Q4,offset_original,12647,support,recording_causal_fixed_window,0.8035989616713952,session_iteration_b_m1_wide,0.7228769865535933,/home/xinyuan/Work_host/SSM/results/cross_session_iteration_b/official_20261003/adapt/wide/m1,1,query_quartile,7544.388675656758,0.2463259780272865,0.2531144676594194,27275.719812147963,m1
0.07511217410211303,zero,"[0,10)",offset_original,3800,support,recording_causal_fixed_window,0.4068789027229496,session_iteration_b_m1_wide,0.0074662194509861335,/home/xinyuan/Work_host/SSM/results/cross_session_iteration_b/official_20261003/adapt/wide/m1,1,trial_position,531.6902824816486,0.017359806668297766,0.0236832442910817,2552.1162085266437,m1
0.11266826115316954,zero,"[10,25)",offset_original,5700,support,recording_causal_fixed_window,0.3952937493105289,session_iteration_b_m1_wide,-0.0038482692960482012,/home/xinyuan/Work_host/SSM/results/cross_session_iteration_b/official_20261003/adapt/wide/m1,1,trial_position,757.8425408282811,0.02474372849619383,0.036536049092856585,3937.1397744065434,m1
0.18778043525528257,zero,"[25,50)",offset_original,9500,support,recording_causal_fixed_window,0.44089528843071846,session_iteration_b_m1_wide,0.03402560495367701,/home/xinyuan/Work_host/SSM/results/cross_session_iteration_b/official_20261003/adapt/wide/m1,1,trial_position,1340.3057432269002,0.043761282358270696,0.06181024434827429,6660.697517426922,m1
0.5796090213674369,zero,"[50,128)",offset_original,29323,support,recording_causal_fixed_window,0.7943187629633824,session_iteration_b_m1_wide,0.6842824081169501,/home/xinyuan/Work_host/SSM/results/cross_session_iteration_b/official_20261003/adapt/wide/m1,1,trial_position,26598.82761944903,0.8684576722407024,0.8420067422274752,90734.99509257087,m1
0.04483010812199798,zero,"[128,1000000000)",offset_original,2268,support,recording_causal_fixed_window,0.6153457836064168,session_iteration_b_m1_wide,0.573142717928092,/home/xinyuan/Work_host/SSM/results/cross_session_iteration_b/official_20261003/adapt/wide/m1,1,trial_position,1398.995322054651,0.04567751023653504,0.03596372004031278,3875.465358787828,m1
0.25000494159040143,ridge,Q1,offset_original,12648,support,recording_causal_fixed_window,0.7400648033051027,session_iteration_b_m1_wide,0.7397245041140024,/home/xinyuan/Work_host/SSM/results/cross_session_iteration_b/official_20261003/adapt/wide/m1,1,query_quartile,6888.718299125208,0.22295113137267789,0.245835786123224,26491.366076784812,m1
0.25000494159040143,ridge,Q2,offset_original,12648,support,recording_causal_fixed_window,0.7177936836901203,session_iteration_b_m1_wide,0.6887171332065609,/home/xinyuan/Work_host/SSM/results/cross_session_iteration_b/official_20261003/adapt/wide/m1,1,query_quartile,8384.582061593755,0.2713642764223317,0.2501516857135609,26956.449203213568,m1
0.25000494159040143,ridge,Q3,offset_original,12648,support,recording_causal_fixed_window,0.691527604067264,session_iteration_b_m1_wide,0.7032957886698953,/home/xinyuan/Work_host/SSM/results/cross_session_iteration_b/official_20261003/adapt/wide/m1,1,query_quartile,8018.063862372746,0.2595020338923421,0.2508980605037958,27036.878859572415,m1
0.24998517522879563,ridge,Q4,offset_original,12647,support,recording_causal_fixed_window,0.7422840242279095,session_iteration_b_m1_wide,0.720594748933751,/home/xinyuan/Work_host/SSM/results/cross_session_iteration_b/official_20261003/adapt/wide/m1,1,query_quartile,7606.520244739264,0.2461825583126481,0.2531144676594194,27275.719812147963,m1
0.07511217410211303,ridge,"[0,10)",offset_original,3800,support,recording_causal_fixed_window,0.38320751502622885,session_iteration_b_m1_wide,0.03164655606152467,/home/xinyuan/Work_host/SSM/results/cross_session_iteration_b/official_20261003/adapt/wide/m1,1,trial_position,518.7371213349851,0.016788758527305096,0.0236832442910817,2552.1162085266437,m1
0.11266826115316954,ridge,"[10,25)",offset_original,5700,support,recording_causal_fixed_window,0.37690664191856954,session_iteration_b_m1_wide,0.027562709391275697,/home/xinyuan/Work_host/SSM/results/cross_session_iteration_b/official_20261003/adapt/wide/m1,1,trial_position,734.1292201737588,0.02375985388054933,0.036536049092856585,3937.1397744065434,m1
0.18778043525528257,ridge,"[25,50)",offset_original,9500,support,recording_causal_fixed_window,0.432081583389742,session_iteration_b_m1_wide,0.05076817935152744,/home/xinyuan/Work_host/SSM/results/cross_session_iteration_b/official_20261003/adapt/wide/m1,1,trial_position,1317.0751392513503,0.04262670930181676,0.06181024434827429,6660.697517426922,m1
0.5796090213674369,ridge,"[50,128)",offset_original,29323,support,recording_causal_fixed_window,0.722399161728017,session_iteration_b_m1_wide,0.6803169819036999,/home/xinyuan/Work_host/SSM/results/cross_session_iteration_b/official_20261003/adapt/wide/m1,1,trial_position,26932.910011420896,0.8716748889219851,0.8420067422274752,90734.99509257087,m1
0.04483010812199798,ridge,"[128,1000000000)",offset_original,2268,support,recording_causal_fixed_window,0.724123204815546,session_iteration_b_m1_wide,0.5743516972507947,/home/xinyuan/Work_host/SSM/results/cross_session_iteration_b/official_20261003/adapt/wide/m1,1,trial_position,1395.0329756499877,0.04514978936834372,0.03596372004031278,3875.465358787828,m1
0.25000494159040143,zero,Q1,offset_original,12648,support,recording_causal_fixed_window,0.8059544356787097,session_iteration_b_m1_wide,0.7455789895959004,/home/xinyuan/Work_host/SSM/results/cross_session_iteration_b/official_20261003/adapt/wide/m1,2,query_quartile,6733.767480056256,0.21960423516327782,0.245835786123224,26491.366076784812,m1
0.25000494159040143,zero,Q2,offset_original,12648,support,recording_causal_fixed_window,0.7855588630326136,session_iteration_b_m1_wide,0.68541345262619,/home/xinyuan/Work_host/SSM/results/cross_session_iteration_b/official_20261003/adapt/wide/m1,2,query_quartile,8473.568587632768,0.2763433032551228,0.2501516857135609,26956.449203213568,m1
0.25000494159040143,zero,Q3,offset_original,12648,support,recording_causal_fixed_window,0.7483881598267496,session_iteration_b_m1_wide,0.7085807070311971,/home/xinyuan/Work_host/SSM/results/cross_session_iteration_b/official_20261003/adapt/wide/m1,2,query_quartile,7875.245488685426,0.25683055843374153,0.2508980605037958,27036.878859572415,m1
0.24998517522879563,zero,Q4,offset_original,12647,support,recording_causal_fixed_window,0.7942482728894942,session_iteration_b_m1_wide,0.7215463671688467,/home/xinyuan/Work_host/SSM/results/cross_session_iteration_b/official_20261003/adapt/wide/m1,2,query_quartile,7580.613418210787,0.2472219031478576,0.2531144676594194,27275.719812147963,m1
0.07511217410211303,zero,"[0,10)",offset_original,3800,support,recording_causal_fixed_window,0.39692762549247035,session_iteration_b_m1_wide,0.015871927559119703,/home/xinyuan/Work_host/SSM/results/cross_session_iteration_b/official_20261003/adapt/wide/m1,2,trial_position,527.1874298774786,0.01719284080848165,0.0236832442910817,2552.1162085266437,m1
0.11266826115316954,zero,"[10,25)",offset_original,5700,support,recording_causal_fixed_window,0.3837846563456113,session_iteration_b_m1_wide,0.0036550228171905452,/home/xinyuan/Work_host/SSM/results/cross_session_iteration_b/official_20261003/adapt/wide/m1,2,trial_position,752.1780254492178,0.024530321320809848,0.036536049092856585,3937.1397744065434,m1
0.18778043525528257,zero,"[25,50)",offset_original,9500,support,recording_causal_fixed_window,0.4282001411972696,session_iteration_b_m1_wide,0.03738694348085281,/home/xinyuan/Work_host/SSM/results/cross_session_iteration_b/official_20261003/adapt/wide/m1,2,trial_position,1335.641829404746,0.0435584690542448,0.06181024434827429,6660.697517426922,m1
0.5796090213674369,zero,"[50,128)",offset_original,29323,support,recording_causal_fixed_window,0.785249431517642,session_iteration_b_m1_wide,0.6837826022731276,/home/xinyuan/Work_host/SSM/results/cross_session_iteration_b/official_20261003/adapt/wide/m1,2,trial_position,26640.93566101788,0.8688245201812416,0.8420067422274752,90734.99509257087,m1
0.04483010812199798,zero,"[128,1000000000)",offset_original,2268,support,recording_causal_fixed_window,0.6060782064012367,session_iteration_b_m1_wide,0.5706234561693462,/home/xinyuan/Work_host/SSM/results/cross_session_iteration_b/official_20261003/adapt/wide/m1,2,trial_position,1407.2520288359187,0.04589384863522212,0.03596372004031278,3875.465358787828,m1
0.25000494159040143,ridge,Q1,offset_original,12648,support,recording_causal_fixed_window,0.7391144078630826,session_iteration_b_m1_wide,0.7393100969514099,/home/xinyuan/Work_host/SSM/results/cross_session_iteration_b/official_20261003/adapt/wide/m1,2,query_quartile,6899.686424244024,0.22262487345917759,0.245835786123224,26491.366076784812,m1
0.25000494159040143,ridge,Q2,offset_original,12648,support,recording_causal_fixed_window,0.7177235916848277,session_iteration_b_m1_wide,0.6879188137129326,/home/xinyuan/Work_host/SSM/results/cross_session_iteration_b/official_20261003/adapt/wide/m1,2,query_quartile,8406.085253769563,0.27123024886055613,0.2501516857135609,26956.449203213568,m1
0.25000494159040143,ridge,Q3,offset_original,12648,support,recording_causal_fixed_window,0.6909850054317873,session_iteration_b_m1_wide,0.7028328089113594,/home/xinyuan/Work_host/SSM/results/cross_session_iteration_b/official_20261003/adapt/wide/m1,2,query_quartile,8030.575316976933,0.2591140674834753,0.2508980605037958,27036.878859572415,m1
0.24998517522879563,ridge,Q4,offset_original,12647,support,recording_causal_fixed_window,0.7419426979086807,session_iteration_b_m1_wide,0.7187740911591884,/home/xinyuan/Work_host/SSM/results/cross_session_iteration_b/official_20261003/adapt/wide/m1,2,query_quartile,7656.0857778425325,0.24703081019679127,0.2531144676594194,27275.719812147963,m1
0.07511217410211303,ridge,"[0,10)",offset_original,3800,support,recording_causal_fixed_window,0.38051530215473445,session_iteration_b_m1_wide,0.030608513281543903,/home/xinyuan/Work_host/SSM/results/cross_session_iteration_b/official_20261003/adapt/wide/m1,2,trial_position,519.2931903270255,0.016755483318567396,0.0236832442910817,2552.1162085266437,m1
0.11266826115316954,ridge,"[10,25)",offset_original,5700,support,recording_causal_fixed_window,0.3721955785420884,session_iteration_b_m1_wide,0.025279222478812646,/home/xinyuan/Work_host/SSM/results/cross_session_iteration_b/official_20261003/adapt/wide/m1,2,trial_position,735.8531097062901,0.023742992849251736,0.036536049092856585,3937.1397744065434,m1
0.18778043525528257,ridge,"[25,50)",offset_original,9500,support,recording_causal_fixed_window,0.4267384325218457,session_iteration_b_m1_wide,0.04422981884105881,/home/xinyuan/Work_host/SSM/results/cross_session_iteration_b/official_20261003/adapt/wide/m1,2,trial_position,1326.1472245865405,0.042789387793687426,0.06181024434827429,6660.697517426922,m1
0.5796090213674369,ridge,"[50,128)",offset_original,29323,support,recording_causal_fixed_window,0.7233147510086724,session_iteration_b_m1_wide,0.6793901550633212,/home/xinyuan/Work_host/SSM/results/cross_session_iteration_b/official_20261003/adapt/wide/m1,2,trial_position,27010.994058664743,0.8715351342906421,0.8420067422274752,90734.99509257087,m1
0.04483010812199798,ridge,"[128,1000000000)",offset_original,2268,support,recording_causal_fixed_window,0.7203584368133135,session_iteration_b_m1_wide,0.5727918737862912,/home/xinyuan/Work_host/SSM/results/cross_session_iteration_b/official_20261003/adapt/wide/m1,2,trial_position,1400.145189548459,0.04517700174785184,0.03596372004031278,3875.465358787828,m1
0.2500177116542685,zero,Q1,none,3529,support,recording_causal_fixed_window,0.3462872761727116,session_iteration_b_m2_wide,0.44154013383975377,/home/xinyuan/Work_host/SSM/results/cross_session_iteration_b/official_20261003/adapt/wide/m2,0,query_quartile,0.5583579575352374,0.2918481291951796,0.2943648227929093,0.9998349109688534,m2
0.2500177116542685,zero,Q2,none,3529,support,recording_causal_fixed_window,0.3602319385395026,session_iteration_b_m2_wide,0.4394137000233882,/home/xinyuan/Work_host/SSM/results/cross_session_iteration_b/official_20261003/adapt/wide/m2,0,query_quartile,0.4816149101105546,0.25173530458621507,0.2530956259225901,0.859660608254631,m2
0.2500177116542685,zero,Q3,none,3529,support,recording_causal_fixed_window,0.4788340044391613,session_iteration_b_m2_wide,0.4565782578139189,/home/xinyuan/Work_host/SSM/results/cross_session_iteration_b/official_20261003/adapt/wide/m2,0,query_quartile,0.3925942915818338,0.2052051161528116,0.21270935872902333,0.7224852505446784,m2
0.2499468650371945,zero,Q4,none,3528,support,recording_causal_fixed_window,0.34451216705557247,session_iteration_b_m2_wide,0.4098013745044088,/home/xinyuan/Work_host/SSM/results/cross_session_iteration_b/official_20261003/adapt/wide/m2,0,query_quartile,0.48061268220224257,0.25121145006579376,0.23983019255547727,0.8146034466558709,m2
0.16436415161176055,zero,"[0,10)",none,2320,support,recording_causal_fixed_window,0.34713455181231817,session_iteration_b_m2_wide,0.5114245306892519,/home/xinyuan/Work_host/SSM/results/cross_session_iteration_b/official_20261003/adapt/wide/m2,0,trial_position,0.20008274026673947,0.10458125050972837,0.12216793955578938,0.41495369524823955,m2
0.24654622741764082,zero,"[10,25)",none,3480,support,recording_causal_fixed_window,0.3909186014816369,session_iteration_b_m2_wide,0.44097766970926533,/home/xinyuan/Work_host/SSM/results/cross_session_iteration_b/official_20261003/adapt/wide/m2,0,trial_position,1.551079664366892,0.8107338530222278,0.824531006353259,2.800589002131704,m2
0.41091037902940136,zero,"[25,50)",none,5800,support,recording_causal_fixed_window,0.29739191672950704,session_iteration_b_m2_wide,0.1422324709397348,/home/xinyuan/Work_host/SSM/results/cross_session_iteration_b/official_20261003/adapt/wide/m2,0,trial_position,0.10353277034088747,0.05411554528167585,0.03658386286855986,0.12426017119517169,m2
0.1756996103436061,zero,"[50,128)",none,2480,support,recording_causal_fixed_window,0.2294477476913704,session_iteration_b_m2_wide,-0.04474722215330562,/home/xinyuan/Work_host/SSM/results/cross_session_iteration_b/official_20261003/adapt/wide/m2,0,trial_position,0.05774562603347553,0.03018306213717876,0.016525892796189084,0.056131586633851475,m2
0.002479631597591215,zero,"[128,1000000000)",none,35,support,recording_causal_fixed_window,0.08679248067067072,session_iteration_b_m2_wide,-0.15936263257094274,/home/xinyuan/Work_host/SSM/results/cross_session_iteration_b/official_20261003/adapt/wide/m2,0,trial_position,0.0007390404218739169,0.000386289049189215,0.00019129842620273287,0.0006497612150669602,m2
0.2500177116542685,ridge,Q1,none,3529,support,recording_causal_fixed_window,0.46083014951582146,session_iteration_b_m2_wide,0.44843897648225817,/home/xinyuan/Work_host/SSM/results/cross_session_iteration_b/official_20261003/adapt/wide/m2,0,query_quartile,0.5514603738042689,0.2940621082227696,0.2943648227929093,0.9998349109688534,m2
0.2500177116542685,ridge,Q2,none,3529,support,recording_causal_fixed_window,0.47591428420298054,session_iteration_b_m2_wide,0.46542191040651926,/home/xinyuan/Work_host/SSM/results/cross_session_iteration_b/official_20261003/adapt/wide/m2,0,query_quartile,0.45927055045294135,0.24490257637035381,0.2530956259225901,0.859660608254631,m2
0.2500177116542685,ridge,Q3,none,3529,support,recording_causal_fixed_window,0.6371840562287088,session_iteration_b_m2_wide,0.46464019788738886,/home/xinyuan/Work_host/SSM/results/cross_session_iteration_b/official_20261003/adapt/wide/m2,0,query_quartile,0.3867699540439454,0.20624217711018036,0.21270935872902333,0.7224852505446784,m2
0.2499468650371945,ridge,Q4,none,3528,support,recording_causal_fixed_window,0.451903646937814,session_iteration_b_m2_wide,0.4132326506008662,/home/xinyuan/Work_host/SSM/results/cross_session_iteration_b/official_20261003/adapt/wide/m2,0,query_quartile,0.4778185130245186,0.2547931382966962,0.23983019255547727,0.8146034466558709,m2
0.16436415161176055,ridge,"[0,10)",none,2320,support,recording_causal_fixed_window,0.4557757371593504,session_iteration_b_m2_wide,0.5274712056224587,/home/xinyuan/Work_host/SSM/results/cross_session_iteration_b/official_20261003/adapt/wide/m2,0,trial_position,0.19351126278888936,0.10318842949311963,0.12216793955578938,0.41495369524823955,m2
0.24654622741764082,ridge,"[10,25)",none,3480,support,recording_causal_fixed_window,0.5181716040149403,session_iteration_b_m2_wide,0.454915557171247,/home/xinyuan/Work_host/SSM/results/cross_session_iteration_b/official_20261003/adapt/wide/m2,0,trial_position,1.5124071952451836,0.8064797933839175,0.824531006353259,2.800589002131704,m2
0.41091037902940136,ridge,"[25,50)",none,5800,support,recording_causal_fixed_window,0.3949171305734325,session_iteration_b_m2_wide,0.09971941048988564,/home/xinyuan/Work_host/SSM/results/cross_session_iteration_b/official_20261003/adapt/wide/m2,0,trial_position,0.10866410811589579,0.05794432064133912,0.03658386286855986,0.12426017119517169,m2
0.1756996103436061,ridge,"[50,128)",none,2480,support,recording_causal_fixed_window,0.3025820417165653,session_iteration_b_m2_wide,-0.08535292843943876,/home/xinyuan/Work_host/SSM/results/cross_session_iteration_b/official_20261003/adapt/wide/m2,0,trial_position,0.05998999852885424,0.03198921677360087,0.016525892796189084,0.056131586633851475,m2
0.002479631597591215,ridge,"[128,1000000000)",none,35,support,recording_causal_fixed_window,0.10873411246723243,session_iteration_b_m2_wide,-0.17157719894692436,/home/xinyuan/Work_host/SSM/results/cross_session_iteration_b/official_20261003/adapt/wide/m2,0,trial_position,0.0007468266468512517,0.0003982397080229174,0.00019129842620273287,0.0006497612150669602,m2
0.2500177116542685,zero,Q1,io,3529,support,recording_causal_fixed_window,0.5986542672177713,session_iteration_b_m2_wide,0.47870962330298195,/home/xinyuan/Work_host/SSM/results/cross_session_iteration_b/official_20261003/adapt/wide/m2,0,query_quartile,0.5211952508182601,0.2844837980129613,0.2943648227929093,0.9998349109688534,m2
0.2500177116542685,zero,Q2,io,3529,support,recording_causal_fixed_window,0.6436566061210542,session_iteration_b_m2_wide,0.4608066507850074,/home/xinyuan/Work_host/SSM/results/cross_session_iteration_b/official_20261003/adapt/wide/m2,0,query_quartile,0.46323564529711436,0.2528477294108357,0.2530956259225901,0.859660608254631,m2
0.2500177116542685,zero,Q3,io,3529,support,recording_causal_fixed_window,0.8079534672980712,session_iteration_b_m2_wide,0.40026746628220844,/home/xinyuan/Work_host/SSM/results/cross_session_iteration_b/official_20261003/adapt/wide/m2,0,query_quartile,0.4332759456151649,0.236494838359991,0.21270935872902333,0.7224852505446784,m2
0.2499468650371945,zero,Q4,io,3528,support,recording_causal_fixed_window,0.6010449385625547,session_iteration_b_m2_wide,0.4911522530392153,/home/xinyuan/Work_host/SSM/results/cross_session_iteration_b/official_20261003/adapt/wide/m2,0,query_quartile,0.4143667401699458,0.2261736342162121,0.23983019255547727,0.8146034466558709,m2
0.16436415161176055,zero,"[0,10)",io,2320,support,recording_causal_fixed_window,0.707451558589547,session_iteration_b_m2_wide,0.5386794962236594,/home/xinyuan/Work_host/SSM/results/cross_session_iteration_b/official_20261003/adapt/wide/m2,0,trial_position,0.18892121347602092,0.10311879137520515,0.12216793955578938,0.41495369524823955,m2
0.24654622741764082,zero,"[10,25)",io,3480,support,recording_causal_fixed_window,0.6651177060903097,session_iteration_b_m2_wide,0.4687088023139684,/home/xinyuan/Work_host/SSM/results/cross_session_iteration_b/official_20261003/adapt/wide/m2,0,trial_position,1.4741360549217266,0.8046271009445728,0.824531006353259,2.800589002131704,m2
0.41091037902940136,zero,"[25,50)",io,5800,support,recording_causal_fixed_window,0.4994523152588969,session_iteration_b_m2_wide,0.09476869033201496,/home/xinyuan/Work_host/SSM/results/cross_session_iteration_b/official_20261003/adapt/wide/m2,0,trial_position,0.10926166136402163,0.059638249491420554,0.03658386286855986,0.12426017119517169,m2
0.1756996103436061,zero,"[50,128)",io,2480,support,recording_causal_fixed_window,0.4052188744951922,session_iteration_b_m2_wide,-0.06590334350898286,/home/xinyuan/Work_host/SSM/results/cross_session_iteration_b/official_20261003/adapt/wide/m2,0,trial_position,0.058914974413848145,0.0321575372276987,0.016525892796189084,0.056131586633851475,m2
0.002479631597591215,zero,"[128,1000000000)",io,35,support,recording_causal_fixed_window,0.31177628729329737,session_iteration_b_m2_wide,-0.3172364444500999,/home/xinyuan/Work_host/SSM/results/cross_session_iteration_b/official_20261003/adapt/wide/m2,0,trial_position,0.000839677724867962,0.00045832096110295413,0.00019129842620273287,0.0006497612150669602,m2
0.2500177116542685,ridge,Q1,io,3529,support,recording_causal_fixed_window,0.5549440794776581,session_iteration_b_m2_wide,0.48767888190467046,/home/xinyuan/Work_host/SSM/results/cross_session_iteration_b/official_20261003/adapt/wide/m2,0,query_quartile,0.5122276289408321,0.2865265238352177,0.2943648227929093,0.9998349109688534,m2
0.2500177116542685,ridge,Q2,io,3529,support,recording_causal_fixed_window,0.5898145824829414,session_iteration_b_m2_wide,0.47224873139300017,/home/xinyuan/Work_host/SSM/results/cross_session_iteration_b/official_20261003/adapt/wide/m2,0,query_quartile,0.45340544319669546,0.25362295625432135,0.2530956259225901,0.859660608254631,m2
0.2500177116542685,ridge,Q3,io,3529,support,recording_causal_fixed_window,0.7464486730229001,session_iteration_b_m2_wide,0.42346921775256785,/home/xinyuan/Work_host/SSM/results/cross_session_iteration_b/official_20261003/adapt/wide/m2,0,query_quartile,0.4165138721189513,0.23298679173976158,0.21270935872902333,0.7224852505446784,m2
0.2499468650371945,ridge,Q4,io,3528,support,recording_causal_fixed_window,0.5511258017171905,session_iteration_b_m2_wide,0.5019577332038107,/home/xinyuan/Work_host/SSM/results/cross_session_iteration_b/official_20261003/adapt/wide/m2,0,query_quartile,0.4055675824287217,0.2268637281706993,0.23983019255547727,0.8146034466558709,m2
0.16436415161176055,ridge,"[0,10)",io,2320,support,recording_causal_fixed_window,0.6371520592834087,session_iteration_b_m2_wide,0.5462892208378756,/home/xinyuan/Work_host/SSM/results/cross_session_iteration_b/official_20261003/adapt/wide/m2,0,trial_position,0.18580485858486034,0.10393430036583173,0.12216793955578938,0.41495369524823955,m2
0.24654622741764082,ridge,"[10,25)",io,3480,support,recording_causal_fixed_window,0.6155735393121049,session_iteration_b_m2_wide,0.4819485947376647,/home/xinyuan/Work_host/SSM/results/cross_session_iteration_b/official_20261003/adapt/wide/m2,0,trial_position,1.437400540656753,0.8040436653619392,0.824531006353259,2.800589002131704,m2
0.41091037902940136,ridge,"[25,50)",io,5800,support,recording_causal_fixed_window,0.45090511276116285,session_iteration_b_m2_wide,0.11854259753915197,/home/xinyuan/Work_host/SSM/results/cross_session_iteration_b/official_20261003/adapt/wide/m2,0,trial_position,0.10639214440098309,0.05951293834270986,0.03658386286855986,0.12426017119517169,m2
0.1756996103436061,ridge,"[50,128)",io,2480,support,recording_causal_fixed_window,0.3710132857531088,session_iteration_b_m2_wide,-0.0373387318820495,/home/xinyuan/Work_host/SSM/results/cross_session_iteration_b/official_20261003/adapt/wide/m2,0,trial_position,0.05733614142360516,0.03207231387771874,0.016525892796189084,0.056131586633851475,m2
0.002479631597591215,ridge,"[128,1000000000)",io,35,support,recording_causal_fixed_window,0.28219600610838197,session_iteration_b_m2_wide,-0.22493786297659324,/home/xinyuan/Work_host/SSM/results/cross_session_iteration_b/official_20261003/adapt/wide/m2,0,trial_position,0.0007808416189989294,0.00043678205180039246,0.00019129842620273287,0.0006497612150669602,m2
0.2500177116542685,zero,Q1,io,3529,support,recording_causal_fixed_window,0.5978779666882982,session_iteration_b_m2_wide,0.4810925815931911,/home/xinyuan/Work_host/SSM/results/cross_session_iteration_b/official_20261003/adapt/wide/m2,1,query_quartile,0.5188127273739862,0.2842021455056212,0.2943648227929093,0.9998349109688534,m2
0.2500177116542685,zero,Q2,io,3529,support,recording_causal_fixed_window,0.6425550572015646,session_iteration_b_m2_wide,0.46201086409728187,/home/xinyuan/Work_host/SSM/results/cross_session_iteration_b/official_20261003/adapt/wide/m2,1,query_quartile,0.4622010729464001,0.2531906594721552,0.2530956259225901,0.859660608254631,m2
0.2500177116542685,zero,Q3,io,3529,support,recording_causal_fixed_window,0.8107501599779869,session_iteration_b_m2_wide,0.40412706965278933,/home/xinyuan/Work_host/SSM/results/cross_session_iteration_b/official_20261003/adapt/wide/m2,1,query_quartile,0.4304875804589154,0.2358182201874834,0.21270935872902333,0.7224852505446784,m2
0.2499468650371945,zero,Q4,io,3528,support,recording_causal_fixed_window,0.5962135670767594,session_iteration_b_m2_wide,0.4915969183348534,/home/xinyuan/Work_host/SSM/results/cross_session_iteration_b/official_20261003/adapt/wide/m2,1,query_quartile,0.4140046387159828,0.22678897483474017,0.23983019255547727,0.8146034466558709,m2
0.16436415161176055,zero,"[0,10)",io,2320,support,recording_causal_fixed_window,0.7076164694370207,session_iteration_b_m2_wide,0.536503455851865,/home/xinyuan/Work_host/SSM/results/cross_session_iteration_b/official_20261003/adapt/wide/m2,1,trial_position,0.18981235138176536,0.10397793781816432,0.12216793955578938,0.41495369524823955,m2
0.24654622741764082,zero,"[10,25)",io,3480,support,recording_causal_fixed_window,0.6648565380621879,session_iteration_b_m2_wide,0.4710103548145146,/home/xinyuan/Work_host/SSM/results/cross_session_iteration_b/official_20261003/adapt/wide/m2,1,trial_position,1.4677501002171742,0.8040236978363826,0.824531006353259,2.800589002131704,m2
0.41091037902940136,zero,"[25,50)",io,5800,support,recording_causal_fixed_window,0.48581570033472354,session_iteration_b_m2_wide,0.09838029725584108,/home/xinyuan/Work_host/SSM/results/cross_session_iteration_b/official_20261003/adapt/wide/m2,1,trial_position,0.10882573944166149,0.059614012925440586,0.03658386286855986,0.12426017119517169,m2
0.1756996103436061,zero,"[50,128)",io,2480,support,recording_causal_fixed_window,0.39707903503387504,session_iteration_b_m2_wide,-0.05419750516644317,/home/xinyuan/Work_host/SSM/results/cross_session_iteration_b/official_20261003/adapt/wide/m2,1,trial_position,0.058267965310590225,0.031918802068206895,0.016525892796189084,0.056131586633851475,m2
0.002479631597591215,zero,"[128,1000000000)",io,35,support,recording_causal_fixed_window,0.3042440011253293,session_iteration_b_m2_wide,-0.3332147239830836,/home/xinyuan/Work_host/SSM/results/cross_session_iteration_b/official_20261003/adapt/wide/m2,1,trial_position,0.0008498631440932562,0.000465549351805603,0.00019129842620273287,0.0006497612150669602,m2
0.2500177116542685,ridge,Q1,io,3529,support,recording_causal_fixed_window,0.5586251853765727,session_iteration_b_m2_wide,0.4895067490479691,/home/xinyuan/Work_host/SSM/results/cross_session_iteration_b/official_20261003/adapt/wide/m2,1,query_quartile,0.5104000953495729,0.28600079347012436,0.2943648227929093,0.9998349109688534,m2
0.2500177116542685,ridge,Q2,io,3529,support,recording_causal_fixed_window,0.5931121853743417,session_iteration_b_m2_wide,0.47230183405654624,/home/xinyuan/Work_host/SSM/results/cross_session_iteration_b/official_20261003/adapt/wide/m2,1,query_quartile,0.4533598212567168,0.2540384882140153,0.2530956259225901,0.859660608254631,m2
0.2500177116542685,ridge,Q3,io,3529,support,recording_causal_fixed_window,0.7549424762059442,session_iteration_b_m2_wide,0.42535487760628554,/home/xinyuan/Work_host/SSM/results/cross_session_iteration_b/official_20261003/adapt/wide/m2,1,query_quartile,0.41515157974644423,0.23262864231351288,0.21270935872902333,0.7224852505446784,m2
0.2499468650371945,ridge,Q4,io,3528,support,recording_causal_fixed_window,0.5510974768094457,session_iteration_b_m2_wide,0.5017960185634984,/home/xinyuan/Work_host/SSM/results/cross_session_iteration_b/official_20261003/adapt/wide/m2,1,query_quartile,0.40569927048029353,0.22733207600234756,0.23983019255547727,0.8146034466558709,m2
0.16436415161176055,ridge,"[0,10)",io,2320,support,recording_causal_fixed_window,0.6413973065942156,session_iteration_b_m2_wide,0.5439990594272107,/home/xinyuan/Work_host/SSM/results/cross_session_iteration_b/official_20261003/adapt/wide/m2,1,trial_position,0.1867427316453834,0.10464059452962805,0.12216793955578938,0.41495369524823955,m2
0.24654622741764082,ridge,"[10,25)",io,3480,support,recording_causal_fixed_window,0.6202771822277143,session_iteration_b_m2_wide,0.48317942978670914,/home/xinyuan/Work_host/SSM/results/cross_session_iteration_b/official_20261003/adapt/wide/m2,1,trial_position,1.4339854298260817,0.8035283976073024,0.824531006353259,2.800589002131704,m2
0.41091037902940136,ridge,"[25,50)",io,5800,support,recording_causal_fixed_window,0.4413848779715537,session_iteration_b_m2_wide,0.11953814749911518,/home/xinyuan/Work_host/SSM/results/cross_session_iteration_b/official_20261003/adapt/wide/m2,1,trial_position,0.10627198125435444,0.05954910909954043,0.03658386286855986,0.12426017119517169,m2
0.1756996103436061,ridge,"[50,128)",io,2480,support,recording_causal_fixed_window,0.36624644276122714,session_iteration_b_m2_wide,-0.027989977308391145,/home/xinyuan/Work_host/SSM/results/cross_session_iteration_b/official_20261003/adapt/wide/m2,1,trial_position,0.05681941386114603,0.03183854704742023,0.016525892796189084,0.056131586633851475,m2
0.002479631597591215,ridge,"[128,1000000000)",io,35,support,recording_causal_fixed_window,0.27691187175389614,session_iteration_b_m2_wide,-0.24120354806210864,/home/xinyuan/Work_host/SSM/results/cross_session_iteration_b/official_20261003/adapt/wide/m2,1,trial_position,0.0007912102460617236,0.0004433517161088333,0.00019129842620273287,0.0006497612150669602,m2
0.2500177116542685,zero,Q1,io,3529,support,recording_causal_fixed_window,0.5989004458942302,session_iteration_b_m2_wide,0.47475130480817096,/home/xinyuan/Work_host/SSM/results/cross_session_iteration_b/official_20261003/adapt/wide/m2,2,query_quartile,0.5251528469929554,0.28493025868923383,0.2943648227929093,0.9998349109688534,m2
0.2500177116542685,zero,Q2,io,3529,support,recording_causal_fixed_window,0.6438091560393663,session_iteration_b_m2_wide,0.4566654894521788,/home/xinyuan/Work_host/SSM/results/cross_session_iteration_b/official_20261003/adapt/wide/m2,2,query_quartile,0.4667934294298104,0.25326640303571396,0.2530956259225901,0.859660608254631,m2
0.2500177116542685,zero,Q3,io,3529,support,recording_causal_fixed_window,0.8077344078647319,session_iteration_b_m2_wide,0.3989301308610319,/home/xinyuan/Work_host/SSM/results/cross_session_iteration_b/official_20261003/adapt/wide/m2,2,query_quartile,0.434242101754174,0.23560514828215934,0.21270935872902333,0.7224852505446784,m2
0.2499468650371945,zero,Q4,io,3528,support,recording_causal_fixed_window,0.5981921984295082,session_iteration_b_m2_wide,0.48803621115152573,/home/xinyuan/Work_host/SSM/results/cross_session_iteration_b/official_20261003/adapt/wide/m2,2,query_quartile,0.4169042066851202,0.22619818999289282,0.23983019255547727,0.8146034466558709,m2
0.16436415161176055,zero,"[0,10)",io,2320,support,recording_causal_fixed_window,0.7198874513204773,session_iteration_b_m2_wide,0.5375491945427531,/home/xinyuan/Work_host/SSM/results/cross_session_iteration_b/official_20261003/adapt/wide/m2,2,trial_position,0.18938409766044978,0.10275343692222796,0.12216793955578938,0.41495369524823955,m2
0.24654622741764082,zero,"[10,25)",io,3480,support,recording_causal_fixed_window,0.6630967238861785,session_iteration_b_m2_wide,0.4656698274136274,/home/xinyuan/Work_host/SSM/results/cross_session_iteration_b/official_20261003/adapt/wide/m2,2,trial_position,1.4825680833274415,0.8043915403405517,0.824531006353259,2.800589002131704,m2
0.41091037902940136,zero,"[25,50)",io,5800,support,recording_causal_fixed_window,0.4932829637607169,session_iteration_b_m2_wide,0.08522569478789188,/home/xinyuan/Work_host/SSM/results/cross_session_iteration_b/official_20261003/adapt/wide/m2,2,trial_position,0.11041350348040044,0.059906650586771235,0.03658386286855986,0.12426017119517169,m2
0.1756996103436061,zero,"[50,128)",io,2480,support,recording_causal_fixed_window,0.40760345378685076,session_iteration_b_m2_wide,-0.0833945535906897,/home/xinyuan/Work_host/SSM/results/cross_session_iteration_b/official_20261003/adapt/wide/m2,2,trial_position,0.05988175456394937,0.03248982446990367,0.016525892796189084,0.056131586633851475,m2
0.002479631597591215,zero,"[128,1000000000)",io,35,support,recording_causal_fixed_window,0.3087107092203792,session_iteration_b_m2_wide,-0.32581448208322117,/home/xinyuan/Work_host/SSM/results/cross_session_iteration_b/official_20261003/adapt/wide/m2,2,trial_position,0.0008451458298190195,0.00045854768054545214,0.00019129842620273287,0.0006497612150669602,m2
0.2500177116542685,ridge,Q1,io,3529,support,recording_causal_fixed_window,0.5619838553028551,session_iteration_b_m2_wide,0.4855283459215788,/home/xinyuan/Work_host/SSM/results/cross_session_iteration_b/official_20261003/adapt/wide/m2,2,query_quartile,0.5143777724907727,0.28704800436641337,0.2943648227929093,0.9998349109688534,m2
0.2500177116542685,ridge,Q2,io,3529,support,recording_causal_fixed_window,0.5963112827034449,session_iteration_b_m2_wide,0.47032868567575437,/home/xinyuan/Work_host/SSM/results/cross_session_iteration_b/official_20261003/adapt/wide/m2,2,query_quartile,0.45505500660122045,0.2539429938609344,0.2530956259225901,0.859660608254631,m2
0.2500177116542685,ridge,Q3,io,3529,support,recording_causal_fixed_window,0.7551611552053037,session_iteration_b_m2_wide,0.42363172943014493,/home/xinyuan/Work_host/SSM/results/cross_session_iteration_b/official_20261003/adapt/wide/m2,2,query_quartile,0.4163964657805971,0.23236963360366059,0.21270935872902333,0.7224852505446784,m2
0.2499468650371945,ridge,Q4,io,3528,support,recording_causal_fixed_window,0.5543849751724875,session_iteration_b_m2_wide,0.501269441413819,/home/xinyuan/Work_host/SSM/results/cross_session_iteration_b/official_20261003/adapt/wide/m2,2,query_quartile,0.40612807469189477,0.2266393681689917,0.23983019255547727,0.8146034466558709,m2
0.16436415161176055,ridge,"[0,10)",io,2320,support,recording_causal_fixed_window,0.6540518358671865,session_iteration_b_m2_wide,0.5434916492164352,/home/xinyuan/Work_host/SSM/results/cross_session_iteration_b/official_20261003/adapt/wide/m2,2,trial_position,0.18695052763963277,0.1043275560185044,0.12216793955578938,0.41495369524823955,m2
0.24654622741764082,ridge,"[10,25)",io,3480,support,recording_causal_fixed_window,0.62107667124784,session_iteration_b_m2_wide,0.48097039412113174,/home/xinyuan/Work_host/SSM/results/cross_session_iteration_b/official_20261003/adapt/wide/m2,2,trial_position,1.4401146846216037,0.8036545674936094,0.824531006353259,2.800589002131704,m2
0.41091037902940136,ridge,"[25,50)",io,5800,support,recording_causal_fixed_window,0.44966841167097293,session_iteration_b_m2_wide,0.11775749433864846,/home/xinyuan/Work_host/SSM/results/cross_session_iteration_b/official_20261003/adapt/wide/m2,2,trial_position,0.10648690656741841,0.05942491230388169,0.03658386286855986,0.12426017119517169,m2
0.1756996103436061,ridge,"[50,128)",io,2480,support,recording_causal_fixed_window,0.3771993263825663,session_iteration_b_m2_wide,-0.04290325529857464,/home/xinyuan/Work_host/SSM/results/cross_session_iteration_b/official_20261003/adapt/wide/m2,2,trial_position,0.057643705666372794,0.03216801261783537,0.016525892796189084,0.056131586633851475,m2
0.002479631597591215,ridge,"[128,1000000000)",io,35,support,recording_causal_fixed_window,0.2813457766734837,session_iteration_b_m2_wide,-0.19458814739418462,/home/xinyuan/Work_host/SSM/results/cross_session_iteration_b/official_20261003/adapt/wide/m2,2,trial_position,0.0007614950694572748,0.00042495156616919184,0.00019129842620273287,0.0006497612150669602,m2
0.2500177116542685,zero,Q1,lora,3529,support,recording_causal_fixed_window,0.4034814854920339,session_iteration_b_m2_wide,0.48943900604618695,/home/xinyuan/Work_host/SSM/results/cross_session_iteration_b/official_20261003/adapt/wide/m2,0,query_quartile,0.5104678259895067,0.2945517632359145,0.2943648227929093,0.9998349109688534,m2
0.2500177116542685,zero,Q2,lora,3529,support,recording_causal_fixed_window,0.454722031065515,session_iteration_b_m2_wide,0.5088920506623718,/home/xinyuan/Work_host/SSM/results/cross_session_iteration_b/official_20261003/adapt/wide/m2,0,query_quartile,0.421924172753934,0.2434600237451215,0.2530956259225901,0.859660608254631,m2
0.2500177116542685,zero,Q3,lora,3529,support,recording_causal_fixed_window,0.5472235741883588,session_iteration_b_m2_wide,0.4726681384742579,/home/xinyuan/Work_host/SSM/results/cross_session_iteration_b/official_20261003/adapt/wide/m2,0,query_quartile,0.380970179388474,0.21982862066116657,0.21270935872902333,0.7224852505446784,m2
0.2499468650371945,zero,Q4,lora,3528,support,recording_causal_fixed_window,0.3953062559652336,session_iteration_b_m2_wide,0.484639188238391,/home/xinyuan/Work_host/SSM/results/cross_session_iteration_b/official_20261003/adapt/wide/m2,0,query_quartile,0.419670482686548,0.24215959235779747,0.23983019255547727,0.8146034466558709,m2
0.16436415161176055,zero,"[0,10)",lora,2320,support,recording_causal_fixed_window,0.43908292909293506,session_iteration_b_m2_wide,0.5390388176232505,/home/xinyuan/Work_host/SSM/results/cross_session_iteration_b/official_20261003/adapt/wide/m2,0,trial_position,0.1887740632100281,0.10892700840437444,0.12216793955578938,0.41495369524823955,m2
0.24654622741764082,zero,"[10,25)",lora,3480,support,recording_causal_fixed_window,0.45043698314515795,session_iteration_b_m2_wide,0.4986893619649557,/home/xinyuan/Work_host/SSM/results/cross_session_iteration_b/official_20261003/adapt/wide/m2,0,trial_position,1.3909511195779092,0.8026110246075813,0.824531006353259,2.800589002131704,m2
0.41091037902940136,zero,"[25,50)",lora,5800,support,recording_causal_fixed_window,0.4062017550811009,session_iteration_b_m2_wide,0.19956265276420182,/home/xinyuan/Work_host/SSM/results/cross_session_iteration_b/official_20261003/adapt/wide/m2,0,trial_position,0.09661300205012853,0.05574794072519148,0.03658386286855986,0.12426017119517169,m2
0.1756996103436061,zero,"[50,128)",lora,2480,support,recording_causal_fixed_window,0.3778212343216334,session_iteration_b_m2_wide,-0.012196517155688147,/home/xinyuan/Work_host/SSM/results/cross_session_iteration_b/official_20261003/adapt/wide/m2,0,trial_position,0.055946472326185194,0.03228241082298082,0.016525892796189084,0.056131586633851475,m2
0.002479631597591215,zero,"[128,1000000000)",lora,35,support,recording_causal_fixed_window,0.1504793002649761,session_iteration_b_m2_wide,-0.17342361804868833,/home/xinyuan/Work_host/SSM/results/cross_session_iteration_b/official_20261003/adapt/wide/m2,0,trial_position,0.0007480036542116647,0.00043161543987197765,0.00019129842620273287,0.0006497612150669602,m2
0.2500177116542685,ridge,Q1,lora,3529,support,recording_causal_fixed_window,0.37499749139797767,session_iteration_b_m2_wide,0.49307067215040923,/home/xinyuan/Work_host/SSM/results/cross_session_iteration_b/official_20261003/adapt/wide/m2,0,query_quartile,0.5068368225973638,0.2956223696658425,0.2943648227929093,0.9998349109688534,m2
0.2500177116542685,ridge,Q2,lora,3529,support,recording_causal_fixed_window,0.4181514578071595,session_iteration_b_m2_wide,0.5150537241375498,/home/xinyuan/Work_host/SSM/results/cross_session_iteration_b/official_20261003/adapt/wide/m2,0,query_quartile,0.416630511783264,0.24300779595547448,0.2530956259225901,0.859660608254631,m2
0.2500177116542685,ridge,Q3,lora,3529,support,recording_causal_fixed_window,0.5094841502757386,session_iteration_b_m2_wide,0.48232057882057544,/home/xinyuan/Work_host/SSM/results/cross_session_iteration_b/official_20261003/adapt/wide/m2,0,query_quartile,0.3739967871120553,0.21814085229026225,0.21270935872902333,0.7224852505446784,m2
0.2499468650371945,ridge,Q4,lora,3528,support,recording_causal_fixed_window,0.36283221368959306,session_iteration_b_m2_wide,0.4879066276094234,/home/xinyuan/Work_host/SSM/results/cross_session_iteration_b/official_20261003/adapt/wide/m2,0,query_quartile,0.4170097296244302,0.2432289820884208,0.23983019255547727,0.8146034466558709,m2
0.16436415161176055,ridge,"[0,10)",lora,2320,support,recording_causal_fixed_window,0.3947099471949692,session_iteration_b_m2_wide,0.5377414233147239,/home/xinyuan/Work_host/SSM/results/cross_session_iteration_b/official_20261003/adapt/wide/m2,0,trial_position,0.189305375616733,0.11041601800656556,0.12216793955578938,0.41495369524823955,m2
0.24654622741764082,ridge,"[10,25)",lora,3480,support,recording_causal_fixed_window,0.4193066566255668,session_iteration_b_m2_wide,0.5046216869454085,/home/xinyuan/Work_host/SSM/results/cross_session_iteration_b/official_20261003/adapt/wide/m2,0,trial_position,1.3744911176405794,0.8016985016977607,0.824531006353259,2.800589002131704,m2
0.41091037902940136,ridge,"[25,50)",lora,5800,support,recording_causal_fixed_window,0.3641929907346128,session_iteration_b_m2_wide,0.21284644906991468,/home/xinyuan/Work_host/SSM/results/cross_session_iteration_b/official_20261003/adapt/wide/m2,0,trial_position,0.0950096442805925,0.055416210762670025,0.03658386286855986,0.12426017119517169,m2
0.1756996103436061,ridge,"[50,128)",lora,2480,support,recording_causal_fixed_window,0.33881029252221845,session_iteration_b_m2_wide,0.006005501114502154,/home/xinyuan/Work_host/SSM/results/cross_session_iteration_b/official_20261003/adapt/wide/m2,0,trial_position,0.05494040414261201,0.032045052251344665,0.016525892796189084,0.056131586633851475,m2
0.002479631597591215,ridge,"[128,1000000000)",lora,35,support,recording_causal_fixed_window,0.12798067727926488,session_iteration_b_m2_wide,-0.14095976099382512,/home/xinyuan/Work_host/SSM/results/cross_session_iteration_b/official_20261003/adapt/wide/m2,0,trial_position,0.0007273094365963555,0.0004242172816590097,0.00019129842620273287,0.0006497612150669602,m2
0.2500177116542685,zero,Q1,lora,3529,support,recording_causal_fixed_window,0.4494231740147323,session_iteration_b_m2_wide,0.45271068695922334,/home/xinyuan/Work_host/SSM/results/cross_session_iteration_b/official_20261003/adapt/wide/m2,1,query_quartile,0.5471894428356758,0.30516482653444554,0.2943648227929093,0.9998349109688534,m2
0.2500177116542685,zero,Q2,lora,3529,support,recording_causal_fixed_window,0.5016953880654194,session_iteration_b_m2_wide,0.5130464116903134,/home/xinyuan/Work_host/SSM/results/cross_session_iteration_b/official_20261003/adapt/wide/m2,1,query_quartile,0.41835504840479737,0.23331452652787887,0.2530956259225901,0.859660608254631,m2
0.2500177116542685,zero,Q3,lora,3529,support,recording_causal_fixed_window,0.575341109142067,session_iteration_b_m2_wide,0.47048027633440626,/home/xinyuan/Work_host/SSM/results/cross_session_iteration_b/official_20261003/adapt/wide/m2,1,query_quartile,0.3825507973877068,0.21334667408868738,0.21270935872902333,0.7224852505446784,m2
0.2499468650371945,zero,Q4,lora,3528,support,recording_causal_fixed_window,0.3877029042094852,session_iteration_b_m2_wide,0.45353489510093015,/home/xinyuan/Work_host/SSM/results/cross_session_iteration_b/official_20261003/adapt/wide/m2,1,query_quartile,0.4449994433228881,0.24817397284898815,0.23983019255547727,0.8146034466558709,m2
0.16436415161176055,zero,"[0,10)",lora,2320,support,recording_causal_fixed_window,0.4540671089681005,session_iteration_b_m2_wide,0.5462639276128123,/home/xinyuan/Work_host/SSM/results/cross_session_iteration_b/official_20261003/adapt/wide/m2,1,trial_position,0.185815216734417,0.10362822076457237,0.12216793955578938,0.41495369524823955,m2
0.24654622741764082,zero,"[10,25)",lora,3480,support,recording_causal_fixed_window,0.4824359706646884,session_iteration_b_m2_wide,0.4791809139371599,/home/xinyuan/Work_host/SSM/results/cross_session_iteration_b/official_20261003/adapt/wide/m2,1,trial_position,1.4450798285393835,0.8059138219468142,0.824531006353259,2.800589002131704,m2
0.41091037902940136,zero,"[25,50)",lora,5800,support,recording_causal_fixed_window,0.44071695297981706,session_iteration_b_m2_wide,0.161829169028746,/home/xinyuan/Work_host/SSM/results/cross_session_iteration_b/official_20261003/adapt/wide/m2,1,trial_position,0.10116744363644566,0.05642057936691681,0.03658386286855986,0.12426017119517169,m2
0.1756996103436061,zero,"[50,128)",lora,2480,support,recording_causal_fixed_window,0.4082053325999782,session_iteration_b_m2_wide,-0.08641804314476809,/home/xinyuan/Work_host/SSM/results/cross_session_iteration_b/official_20261003/adapt/wide/m2,1,trial_position,0.0600488699133887,0.03348895562704011,0.016525892796189084,0.056131586633851475,m2
0.002479631597591215,zero,"[128,1000000000)",lora,35,support,recording_causal_fixed_window,0.24967602570643505,session_iteration_b_m2_wide,-0.542657240492679,/home/xinyuan/Work_host/SSM/results/cross_session_iteration_b/official_20261003/adapt/wide/m2,1,trial_position,0.0009833731274332743,0.0005484222946566047,0.00019129842620273287,0.0006497612150669602,m2
0.2500177116542685,ridge,Q1,lora,3529,support,recording_causal_fixed_window,0.4225797413351403,session_iteration_b_m2_wide,0.46007792816325144,/home/xinyuan/Work_host/SSM/results/cross_session_iteration_b/official_20261003/adapt/wide/m2,1,query_quartile,0.5398235460172817,0.3060658721540306,0.2943648227929093,0.9998349109688534,m2
0.2500177116542685,ridge,Q2,lora,3529,support,recording_causal_fixed_window,0.46666615929545535,session_iteration_b_m2_wide,0.5205618938280987,/home/xinyuan/Work_host/SSM/results/cross_session_iteration_b/official_20261003/adapt/wide/m2,1,query_quartile,0.4118982936564599,0.2335355903180361,0.2530956259225901,0.859660608254631,m2
0.2500177116542685,ridge,Q3,lora,3529,support,recording_causal_fixed_window,0.5395162367218379,session_iteration_b_m2_wide,0.48441617112742796,/home/xinyuan/Work_host/SSM/results/cross_session_iteration_b/official_20261003/adapt/wide/m2,1,query_quartile,0.37248282932699595,0.2111880499868345,0.21270935872902333,0.7224852505446784,m2
0.2499468650371945,ridge,Q4,lora,3528,support,recording_causal_fixed_window,0.35960490918567456,session_iteration_b_m2_wide,0.4602331616243559,/home/xinyuan/Work_host/SSM/results/cross_session_iteration_b/official_20261003/adapt/wide/m2,1,query_quartile,0.4395448866688025,0.24921048754109884,0.23983019255547727,0.8146034466558709,m2
0.16436415161176055,ridge,"[0,10)",lora,2320,support,recording_causal_fixed_window,0.4157824715059824,session_iteration_b_m2_wide,0.5381434226477979,/home/xinyuan/Work_host/SSM/results/cross_session_iteration_b/official_20261003/adapt/wide/m2,1,trial_position,0.18914074776863346,0.10723787125028271,0.12216793955578938,0.41495369524823955,m2
0.24654622741764082,ridge,"[10,25)",lora,3480,support,recording_causal_fixed_window,0.45272247841890934,session_iteration_b_m2_wide,0.4894548391053759,/home/xinyuan/Work_host/SSM/results/cross_session_iteration_b/official_20261003/adapt/wide/m2,1,trial_position,1.4165734960761363,0.803160228459073,0.824531006353259,2.800589002131704,m2
0.41091037902940136,ridge,"[25,50)",lora,5800,support,recording_causal_fixed_window,0.40415757615951403,session_iteration_b_m2_wide,0.1850628293544745,/home/xinyuan/Work_host/SSM/results/cross_session_iteration_b/official_20261003/adapt/wide/m2,1,trial_position,0.09836313461659135,0.05576933204626751,0.03658386286855986,0.12426017119517169,m2
0.1756996103436061,ridge,"[50,128)",lora,2480,support,recording_causal_fixed_window,0.3739352110510771,session_iteration_b_m2_wide,-0.06294330114179791,/home/xinyuan/Work_host/SSM/results/cross_session_iteration_b/official_20261003/adapt/wide/m2,1,trial_position,0.058751365939037944,0.033310492269258286,0.016525892796189084,0.056131586633851475,m2
0.002479631597591215,ridge,"[128,1000000000)",lora,35,support,recording_causal_fixed_window,0.22837030417990048,session_iteration_b_m2_wide,-0.4445139203418629,/home/xinyuan/Work_host/SSM/results/cross_session_iteration_b/official_20261003/adapt/wide/m2,1,trial_position,0.0009208112691409098,0.000522075975118451,0.00019129842620273287,0.0006497612150669602,m2
0.2500177116542685,zero,Q1,lora,3529,support,recording_causal_fixed_window,0.45180266289964566,session_iteration_b_m2_wide,0.5096814931410016,/home/xinyuan/Work_host/SSM/results/cross_session_iteration_b/official_20261003/adapt/wide/m2,2,query_quartile,0.4902290327752223,0.28715560006607127,0.2943648227929093,0.9998349109688534,m2
0.2500177116542685,zero,Q2,lora,3529,support,recording_causal_fixed_window,0.5246256638351615,session_iteration_b_m2_wide,0.5094852165492223,/home/xinyuan/Work_host/SSM/results/cross_session_iteration_b/official_20261003/adapt/wide/m2,2,query_quartile,0.42141456783621106,0.2468469735840329,0.2530956259225901,0.859660608254631,m2
0.2500177116542685,zero,Q3,lora,3529,support,recording_causal_fixed_window,0.5860691998747595,session_iteration_b_m2_wide,0.46241239100862686,/home/xinyuan/Work_host/SSM/results/cross_session_iteration_b/official_20261003/adapt/wide/m2,2,query_quartile,0.38837943006496406,0.22749637585165144,0.21270935872902333,0.7224852505446784,m2
0.2499468650371945,zero,Q4,lora,3528,support,recording_causal_fixed_window,0.4182884163887205,session_iteration_b_m2_wide,0.49999424732689624,/home/xinyuan/Work_host/SSM/results/cross_session_iteration_b/official_20261003/adapt/wide/m2,2,query_quartile,0.40716649535905536,0.23850105049824435,0.23983019255547727,0.8146034466558709,m2
0.16436415161176055,zero,"[0,10)",lora,2320,support,recording_causal_fixed_window,0.5012236141954448,session_iteration_b_m2_wide,0.5613266072871819,/home/xinyuan/Work_host/SSM/results/cross_session_iteration_b/official_20261003/adapt/wide/m2,2,trial_position,0.17964670764152366,0.10522950434139025,0.12216793955578938,0.41495369524823955,m2
0.24654622741764082,zero,"[10,25)",lora,3480,support,recording_causal_fixed_window,0.49628796896972266,session_iteration_b_m2_wide,0.5054759001165754,/home/xinyuan/Work_host/SSM/results/cross_session_iteration_b/official_20261003/adapt/wide/m2,2,trial_position,1.3721209928583686,0.8037309109111029,0.824531006353259,2.800589002131704,m2
0.41091037902940136,zero,"[25,50)",lora,5800,support,recording_causal_fixed_window,0.43489128967910073,session_iteration_b_m2_wide,0.17953795842729225,/home/xinyuan/Work_host/SSM/results/cross_session_iteration_b/official_20261003/adapt/wide/m2,2,trial_position,0.09902998801624577,0.05800761222230533,0.03658386286855986,0.12426017119517169,m2
0.1756996103436061,zero,"[50,128)",lora,2480,support,recording_causal_fixed_window,0.41395166140878914,session_iteration_b_m2_wide,-0.006256104802175644,/home/xinyuan/Work_host/SSM/results/cross_session_iteration_b/official_20261003/adapt/wide/m2,2,trial_position,0.055618131821442277,0.03257876818785454,0.016525892796189084,0.056131586633851475,m2
0.002479631597591215,zero,"[128,1000000000)",lora,35,support,recording_causal_fixed_window,0.17885989666187035,session_iteration_b_m2_wide,-0.21374345458131505,/home/xinyuan/Work_host/SSM/results/cross_session_iteration_b/official_20261003/adapt/wide/m2,2,trial_position,0.0007737056978723969,0.0004532043373468597,0.00019129842620273287,0.0006497612150669602,m2
0.2500177116542685,ridge,Q1,lora,3529,support,recording_causal_fixed_window,0.41739904776805153,session_iteration_b_m2_wide,0.5129355271558911,/home/xinyuan/Work_host/SSM/results/cross_session_iteration_b/official_20261003/adapt/wide/m2,2,query_quartile,0.4869755925615213,0.2875081528405133,0.2943648227929093,0.9998349109688534,m2
0.2500177116542685,ridge,Q2,lora,3529,support,recording_causal_fixed_window,0.48073078259075436,session_iteration_b_m2_wide,0.5113520551738309,/home/xinyuan/Work_host/SSM/results/cross_session_iteration_b/official_20261003/adapt/wide/m2,2,query_quartile,0.41981071608953213,0.24785431830509289,0.2530956259225901,0.859660608254631,m2
0.2500177116542685,ridge,Q3,lora,3529,support,recording_causal_fixed_window,0.5410203125937266,session_iteration_b_m2_wide,0.4714011518549417,/home/xinyuan/Work_host/SSM/results/cross_session_iteration_b/official_20261003/adapt/wide/m2,2,query_quartile,0.3818855121321606,0.2254634521047379,0.21270935872902333,0.7224852505446784,m2
0.2499468650371945,ridge,Q4,lora,3528,support,recording_causal_fixed_window,0.3831315072300618,session_iteration_b_m2_wide,0.502521743479882,/home/xinyuan/Work_host/SSM/results/cross_session_iteration_b/official_20261003/adapt/wide/m2,2,query_quartile,0.4051082955380675,0.23917407674965604,0.23983019255547727,0.8146034466558709,m2
0.16436415161176055,ridge,"[0,10)",lora,2320,support,recording_causal_fixed_window,0.4502046822296141,session_iteration_b_m2_wide,0.5593722711305252,/home/xinyuan/Work_host/SSM/results/cross_session_iteration_b/official_20261003/adapt/wide/m2,2,trial_position,0.1804470526407883,0.10653511096393138,0.12216793955578938,0.41495369524823955,m2
0.24654622741764082,ridge,"[10,25)",lora,3480,support,recording_causal_fixed_window,0.4590111676136132,session_iteration_b_m2_wide,0.509724440374759,/home/xinyuan/Work_host/SSM/results/cross_session_iteration_b/official_20261003/adapt/wide/m2,2,trial_position,1.3603328691276309,0.8031342770052915,0.824531006353259,2.800589002131704,m2
0.41091037902940136,ridge,"[25,50)",lora,5800,support,recording_causal_fixed_window,0.39277715010982367,session_iteration_b_m2_wide,0.19060987687867303,/home/xinyuan/Work_host/SSM/results/cross_session_iteration_b/official_20261003/adapt/wide/m2,2,trial_position,0.09769360449574147,0.05767785532157625,0.03658386286855986,0.12426017119517169,m2
0.1756996103436061,ridge,"[50,128)",lora,2480,support,recording_causal_fixed_window,0.36840735701730426,session_iteration_b_m2_wide,0.01272398391940388,/home/xinyuan/Work_host/SSM/results/cross_session_iteration_b/official_20261003/adapt/wide/m2,2,trial_position,0.05456905786158092,0.03221732108893767,0.016525892796189084,0.056131586633851475,m2
0.002479631597591215,ridge,"[128,1000000000)",lora,35,support,recording_causal_fixed_window,0.163416209560018,session_iteration_b_m2_wide,-0.15699661685478916,/home/xinyuan/Work_host/SSM/results/cross_session_iteration_b/official_20261003/adapt/wide/m2,2,trial_position,0.0007375321955399796,0.000435435620263287,0.00019129842620273287,0.0006497612150669602,m2
0.2500177116542685,zero,Q1,affine_lora,3529,support,recording_causal_fixed_window,0.41483024858657463,session_iteration_b_m2_wide,0.47953929884336444,/home/xinyuan/Work_host/SSM/results/cross_session_iteration_b/official_20261003/adapt/wide/m2,0,query_quartile,0.5203657266783608,0.28988471982971453,0.2943648227929093,0.9998349109688534,m2
0.2500177116542685,zero,Q2,affine_lora,3529,support,recording_causal_fixed_window,0.4793347346230562,session_iteration_b_m2_wide,0.4915829933267122,/home/xinyuan/Work_host/SSM/results/cross_session_iteration_b/official_20261003/adapt/wide/m2,0,query_quartile,0.43679485384828093,0.24332915743533245,0.2530956259225901,0.859660608254631,m2
0.2500177116542685,zero,Q3,affine_lora,3529,support,recording_causal_fixed_window,0.554853545079116,session_iteration_b_m2_wide,0.44783283817837116,/home/xinyuan/Work_host/SSM/results/cross_session_iteration_b/official_20261003/adapt/wide/m2,0,query_quartile,0.3989124079910003,0.22222564957385132,0.21270935872902333,0.7224852505446784,m2
0.2499468650371945,zero,Q4,affine_lora,3528,support,recording_causal_fixed_window,0.3949695678551503,session_iteration_b_m2_wide,0.46089595077930756,/home/xinyuan/Work_host/SSM/results/cross_session_iteration_b/official_20261003/adapt/wide/m2,0,query_quartile,0.4390051618037566,0.2445604731611018,0.23983019255547727,0.8146034466558709,m2
0.16436415161176055,zero,"[0,10)",affine_lora,2320,support,recording_causal_fixed_window,0.4347476571192596,session_iteration_b_m2_wide,0.5228567946458027,/home/xinyuan/Work_host/SSM/results/cross_session_iteration_b/official_20261003/adapt/wide/m2,0,trial_position,0.1954009687829884,0.10885373918010366,0.12216793955578938,0.41495369524823955,m2
0.24654622741764082,zero,"[10,25)",affine_lora,3480,support,recording_causal_fixed_window,0.4632008515441589,session_iteration_b_m2_wide,0.4790912221653938,/home/xinyuan/Work_host/SSM/results/cross_session_iteration_b/official_20261003/adapt/wide/m2,0,trial_position,1.4453286899456448,0.8051619867841782,0.824531006353259,2.800589002131704,m2
0.41091037902940136,zero,"[25,50)",affine_lora,5800,support,recording_causal_fixed_window,0.40193631638230437,session_iteration_b_m2_wide,0.1939016249842992,/home/xinyuan/Work_host/SSM/results/cross_session_iteration_b/official_20261003/adapt/wide/m2,0,trial_position,0.09729628961834896,0.05420170124678339,0.03658386286855986,0.12426017119517169,m2
0.1756996103436061,zero,"[50,128)",affine_lora,2480,support,recording_causal_fixed_window,0.37959900074749253,session_iteration_b_m2_wide,-0.018939756836576338,/home/xinyuan/Work_host/SSM/results/cross_session_iteration_b/official_20261003/adapt/wide/m2,0,trial_position,0.05631918697773898,0.03137422566680752,0.016525892796189084,0.056131586633851475,m2
0.002479631597591215,zero,"[128,1000000000)",affine_lora,35,support,recording_causal_fixed_window,0.1251186559320752,session_iteration_b_m2_wide,-0.14991030410344997,/home/xinyuan/Work_host/SSM/results/cross_session_iteration_b/official_20261003/adapt/wide/m2,0,trial_position,0.000733014996677302,0.0004083471221272789,0.00019129842620273287,0.0006497612150669602,m2
0.2500177116542685,ridge,Q1,affine_lora,3529,support,recording_causal_fixed_window,0.39654628134298187,session_iteration_b_m2_wide,0.48406063397378307,/home/xinyuan/Work_host/SSM/results/cross_session_iteration_b/official_20261003/adapt/wide/m2,0,query_quartile,0.5158452166082093,0.290842302828461,0.2943648227929093,0.9998349109688534,m2
0.2500177116542685,ridge,Q2,affine_lora,3529,support,recording_causal_fixed_window,0.45607533115105003,session_iteration_b_m2_wide,0.49847279352339946,/home/xinyuan/Work_host/SSM/results/cross_session_iteration_b/official_20261003/adapt/wide/m2,0,query_quartile,0.4308756394426744,0.24293501068436343,0.2530956259225901,0.859660608254631,m2
0.2500177116542685,ridge,Q3,affine_lora,3529,support,recording_causal_fixed_window,0.5298933029340126,session_iteration_b_m2_wide,0.45759982766077634,/home/xinyuan/Work_host/SSM/results/cross_session_iteration_b/official_20261003/adapt/wide/m2,0,query_quartile,0.3918562598484789,0.22093522111428202,0.21270935872902333,0.7224852505446784,m2
0.2499468650371945,ridge,Q4,affine_lora,3528,support,recording_causal_fixed_window,0.37326997397268086,session_iteration_b_m2_wide,0.4657553819779603,/home/xinyuan/Work_host/SSM/results/cross_session_iteration_b/official_20261003/adapt/wide/m2,0,query_quartile,0.4350480121909452,0.24528746537289353,0.23983019255547727,0.8146034466558709,m2
0.16436415161176055,ridge,"[0,10)",affine_lora,2320,support,recording_causal_fixed_window,0.4042785277163877,session_iteration_b_m2_wide,0.5187763403944845,/home/xinyuan/Work_host/SSM/results/cross_session_iteration_b/official_20261003/adapt/wide/m2,0,trial_position,0.19707200738279484,0.11111254811493657,0.12216793955578938,0.41495369524823955,m2
0.24654622741764082,ridge,"[10,25)",affine_lora,3480,support,recording_causal_fixed_window,0.4435401988837867,session_iteration_b_m2_wide,0.4864487355845042,/home/xinyuan/Work_host/SSM/results/cross_session_iteration_b/official_20261003/adapt/wide/m2,0,trial_position,1.4249143185935138,0.803390917294763,0.824531006353259,2.800589002131704,m2
0.41091037902940136,ridge,"[25,50)",affine_lora,5800,support,recording_causal_fixed_window,0.3743002288692023,session_iteration_b_m2_wide,0.20887473654547184,/home/xinyuan/Work_host/SSM/results/cross_session_iteration_b/official_20261003/adapt/wide/m2,0,trial_position,0.0954890310453301,0.05383833907909546,0.03658386286855986,0.12426017119517169,m2
0.1756996103436061,ridge,"[50,128)",affine_lora,2480,support,recording_causal_fixed_window,0.3499612201244598,session_iteration_b_m2_wide,-0.0030551747846143673,/home/xinyuan/Work_host/SSM/results/cross_session_iteration_b/official_20261003/adapt/wide/m2,0,trial_position,0.055441208921975314,0.031258696126880994,0.016525892796189084,0.056131586633851475,m2
0.002479631597591215,ridge,"[128,1000000000)",affine_lora,35,support,recording_causal_fixed_window,0.1114317938948569,session_iteration_b_m2_wide,-0.11155012827017496,/home/xinyuan/Work_host/SSM/results/cross_session_iteration_b/official_20261003/adapt/wide/m2,0,trial_position,0.000708562146693588,0.000399499384323963,0.00019129842620273287,0.0006497612150669602,m2
0.2500177116542685,zero,Q1,affine_lora,3529,support,recording_causal_fixed_window,0.5404201017787944,session_iteration_b_m2_wide,0.4685471492441612,/home/xinyuan/Work_host/SSM/results/cross_session_iteration_b/official_20261003/adapt/wide/m2,1,query_quartile,0.5313558704130079,0.29914218012753524,0.2943648227929093,0.9998349109688534,m2
0.2500177116542685,zero,Q2,affine_lora,3529,support,recording_causal_fixed_window,0.5800570149062231,session_iteration_b_m2_wide,0.5034907157579929,/home/xinyuan/Work_host/SSM/results/cross_session_iteration_b/official_20261003/adapt/wide/m2,1,query_quartile,0.4265646062153974,0.2401469022433778,0.2530956259225901,0.859660608254631,m2
0.2500177116542685,zero,Q3,affine_lora,3529,support,recording_causal_fixed_window,0.7276352204473027,session_iteration_b_m2_wide,0.451568056920991,/home/xinyuan/Work_host/SSM/results/cross_session_iteration_b/official_20261003/adapt/wide/m2,1,query_quartile,0.3962139043384543,0.22306009539053803,0.21270935872902333,0.7224852505446784,m2
0.2499468650371945,zero,Q4,affine_lora,3528,support,recording_causal_fixed_window,0.4965122323159557,session_iteration_b_m2_wide,0.48161775646665617,/home/xinyuan/Work_host/SSM/results/cross_session_iteration_b/official_20261003/adapt/wide/m2,1,query_quartile,0.4221309059494541,0.23765082223854903,0.23983019255547727,0.8146034466558709,m2
0.16436415161176055,zero,"[0,10)",affine_lora,2320,support,recording_causal_fixed_window,0.6606558058102617,session_iteration_b_m2_wide,0.5311787885804435,/home/xinyuan/Work_host/SSM/results/cross_session_iteration_b/official_20261003/adapt/wide/m2,1,trial_position,0.191992923444005,0.10808797810675816,0.12216793955578938,0.41495369524823955,m2
0.24654622741764082,zero,"[10,25)",affine_lora,3480,support,recording_causal_fixed_window,0.5825743452261074,session_iteration_b_m2_wide,0.4873434423590727,/home/xinyuan/Work_host/SSM/results/cross_session_iteration_b/official_20261003/adapt/wide/m2,1,trial_position,1.4224318390781021,0.8007992103181365,0.824531006353259,2.800589002131704,m2
0.41091037902940136,zero,"[25,50)",affine_lora,5800,support,recording_causal_fixed_window,0.3475846863386714,session_iteration_b_m2_wide,0.18262278064575932,/home/xinyuan/Work_host/SSM/results/cross_session_iteration_b/official_20261003/adapt/wide/m2,1,trial_position,0.09865764914881753,0.05554218160739503,0.03658386286855986,0.12426017119517169,m2
0.1756996103436061,zero,"[50,128)",affine_lora,2480,support,recording_causal_fixed_window,0.4790045856551457,session_iteration_b_m2_wide,-0.13391526640585316,/home/xinyuan/Work_host/SSM/results/cross_session_iteration_b/official_20261003/adapt/wide/m2,1,trial_position,0.06267415269366744,0.03528422987000604,0.016525892796189084,0.056131586633851475,m2
0.002479631597591215,zero,"[128,1000000000)",affine_lora,35,support,recording_causal_fixed_window,0.4601332206167277,session_iteration_b_m2_wide,0.20194633560519826,/home/xinyuan/Work_host/SSM/results/cross_session_iteration_b/official_20261003/adapt/wide/m2,1,trial_position,0.0005087225517217707,0.0002864000977044025,0.00019129842620273287,0.0006497612150669602,m2
0.2500177116542685,ridge,Q1,affine_lora,3529,support,recording_causal_fixed_window,0.5150457618099941,session_iteration_b_m2_wide,0.4764071924267639,/home/xinyuan/Work_host/SSM/results/cross_session_iteration_b/official_20261003/adapt/wide/m2,1,query_quartile,0.5234972615433107,0.29971827059790496,0.2943648227929093,0.9998349109688534,m2
0.2500177116542685,ridge,Q2,affine_lora,3529,support,recording_causal_fixed_window,0.5447111855568125,session_iteration_b_m2_wide,0.5099246380460096,/home/xinyuan/Work_host/SSM/results/cross_session_iteration_b/official_20261003/adapt/wide/m2,1,query_quartile,0.42103704889811944,0.2410566500030289,0.2530956259225901,0.859660608254631,m2
0.2500177116542685,ridge,Q3,affine_lora,3529,support,recording_causal_fixed_window,0.6946546601820931,session_iteration_b_m2_wide,0.46371496910243515,/home/xinyuan/Work_host/SSM/results/cross_session_iteration_b/official_20261003/adapt/wide/m2,1,query_quartile,0.38743838430939403,0.22182038195600165,0.21270935872902333,0.7224852505446784,m2
0.2499468650371945,ridge,Q4,affine_lora,3528,support,recording_causal_fixed_window,0.4681065560016561,session_iteration_b_m2_wide,0.4907940481495644,/home/xinyuan/Work_host/SSM/results/cross_session_iteration_b/official_20261003/adapt/wide/m2,1,query_quartile,0.41465843487297643,0.23740469744306458,0.23983019255547727,0.8146034466558709,m2
0.16436415161176055,ridge,"[0,10)",affine_lora,2320,support,recording_causal_fixed_window,0.6080967242431148,session_iteration_b_m2_wide,0.535513108422905,/home/xinyuan/Work_host/SSM/results/cross_session_iteration_b/official_20261003/adapt/wide/m2,1,trial_position,0.19021792112451558,0.10890560571051189,0.12216793955578938,0.41495369524823955,m2
0.24654622741764082,ridge,"[10,25)",affine_lora,3480,support,recording_causal_fixed_window,0.5558941009616987,session_iteration_b_m2_wide,0.49680628781714253,/home/xinyuan/Work_host/SSM/results/cross_session_iteration_b/official_20261003/adapt/wide/m2,1,trial_position,1.3961759520379093,0.7993536404785284,0.824531006353259,2.800589002131704,m2
0.41091037902940136,ridge,"[25,50)",affine_lora,5800,support,recording_causal_fixed_window,0.3198383949653639,session_iteration_b_m2_wide,0.1886851256597073,/home/xinyuan/Work_host/SSM/results/cross_session_iteration_b/official_20261003/adapt/wide/m2,1,trial_position,0.0979259224830344,0.05606560012710082,0.03658386286855986,0.12426017119517169,m2
0.1756996103436061,ridge,"[50,128)",affine_lora,2480,support,recording_causal_fixed_window,0.44458191340747266,session_iteration_b_m2_wide,-0.11874987614668142,/home/xinyuan/Work_host/SSM/results/cross_session_iteration_b/official_20261003/adapt/wide/m2,1,trial_position,0.06183592605282231,0.03540296803603912,0.016525892796189084,0.056131586633851475,m2
0.002479631597591215,ridge,"[128,1000000000)",affine_lora,35,support,recording_causal_fixed_window,0.444670654272237,session_iteration_b_m2_wide,0.2542083385949261,/home/xinyuan/Work_host/SSM/results/cross_session_iteration_b/official_20261003/adapt/wide/m2,1,trial_position,0.00047540792551904894,0.0002721856478198949,0.00019129842620273287,0.0006497612150669602,m2
0.2500177116542685,zero,Q1,affine_lora,3529,support,recording_causal_fixed_window,0.5405101486221566,session_iteration_b_m2_wide,0.4976974577632234,/home/xinyuan/Work_host/SSM/results/cross_session_iteration_b/official_20261003/adapt/wide/m2,2,query_quartile,0.5022108812875848,0.28619440975071064,0.2943648227929093,0.9998349109688534,m2
0.2500177116542685,zero,Q2,affine_lora,3529,support,recording_causal_fixed_window,0.6126446229509221,session_iteration_b_m2_wide,0.48430687286212426,/home/xinyuan/Work_host/SSM/results/cross_session_iteration_b/official_20261003/adapt/wide/m2,2,query_quartile,0.4430459664845553,0.25247815926527395,0.2530956259225901,0.859660608254631,m2
0.2500177116542685,zero,Q3,affine_lora,3529,support,recording_causal_fixed_window,0.7098085982251798,session_iteration_b_m2_wide,0.43684590228333997,/home/xinyuan/Work_host/SSM/results/cross_session_iteration_b/official_20261003/adapt/wide/m2,2,query_quartile,0.4068499047444662,0.2318511459706873,0.21270935872902333,0.7224852505446784,m2
0.2499468650371945,zero,Q4,affine_lora,3528,support,recording_causal_fixed_window,0.5234922363430881,session_iteration_b_m2_wide,0.5055006222337373,/home/xinyuan/Work_host/SSM/results/cross_session_iteration_b/official_20261003/adapt/wide/m2,2,query_quartile,0.4026825242027929,0.2294762850133282,0.23983019255547727,0.8146034466558709,m2
0.16436415161176055,zero,"[0,10)",affine_lora,2320,support,recording_causal_fixed_window,0.6439350375481864,session_iteration_b_m2_wide,0.5503283001750012,/home/xinyuan/Work_host/SSM/results/cross_session_iteration_b/official_20261003/adapt/wide/m2,2,trial_position,0.1841507639511962,0.10494181061755084,0.12216793955578938,0.41495369524823955,m2
0.24654622741764082,zero,"[10,25)",affine_lora,3480,support,recording_causal_fixed_window,0.5985641698418218,session_iteration_b_m2_wide,0.4918651051458591,/home/xinyuan/Work_host/SSM/results/cross_session_iteration_b/official_20261003/adapt/wide/m2,2,trial_position,1.4098859016124887,0.8034502605625038,0.824531006353259,2.800589002131704,m2
0.41091037902940136,zero,"[25,50)",affine_lora,5800,support,recording_causal_fixed_window,0.3729064274333511,session_iteration_b_m2_wide,0.15972442696624511,/home/xinyuan/Work_host/SSM/results/cross_session_iteration_b/official_20261003/adapt/wide/m2,2,trial_position,0.10142148656672823,0.0577969605309744,0.03658386286855986,0.12426017119517169,m2
0.1756996103436061,zero,"[50,128)",affine_lora,2480,support,recording_causal_fixed_window,0.39335664900729866,session_iteration_b_m2_wide,-0.06228844715688164,/home/xinyuan/Work_host/SSM/results/cross_session_iteration_b/official_20261003/adapt/wide/m2,2,trial_position,0.058715170625456184,0.0334599552233559,0.016525892796189084,0.056131586633851475,m2
0.002479631597591215,zero,"[128,1000000000)",affine_lora,35,support,recording_causal_fixed_window,0.1986907936589599,session_iteration_b_m2_wide,0.03372807824237645,/home/xinyuan/Work_host/SSM/results/cross_session_iteration_b/official_20261003/adapt/wide/m2,2,trial_position,0.0006159539635300236,0.0003510130656152386,0.00019129842620273287,0.0006497612150669602,m2
0.2500177116542685,ridge,Q1,affine_lora,3529,support,recording_causal_fixed_window,0.49363357579871386,session_iteration_b_m2_wide,0.5083081583113223,/home/xinyuan/Work_host/SSM/results/cross_session_iteration_b/official_20261003/adapt/wide/m2,2,query_quartile,0.4916021169966259,0.2875079882718559,0.2943648227929093,0.9998349109688534,m2
0.2500177116542685,ridge,Q2,affine_lora,3529,support,recording_causal_fixed_window,0.5544883312979845,session_iteration_b_m2_wide,0.4957898962807151,/home/xinyuan/Work_host/SSM/results/cross_session_iteration_b/official_20261003/adapt/wide/m2,2,query_quartile,0.4331805893039628,0.2533408125865621,0.2530956259225901,0.859660608254631,m2
0.2500177116542685,ridge,Q3,affine_lora,3529,support,recording_causal_fixed_window,0.6484040958726889,session_iteration_b_m2_wide,0.45894293019073074,/home/xinyuan/Work_host/SSM/results/cross_session_iteration_b/official_20261003/adapt/wide/m2,2,query_quartile,0.3908859372696508,0.22860525938078397,0.21270935872902333,0.7224852505446784,m2
0.2499468650371945,ridge,Q4,affine_lora,3528,support,recording_causal_fixed_window,0.4762720466412078,session_iteration_b_m2_wide,0.5159120482602833,/home/xinyuan/Work_host/SSM/results/cross_session_iteration_b/official_20261003/adapt/wide/m2,2,query_quartile,0.39420425405438864,0.23054593976079799,0.23983019255547727,0.8146034466558709,m2
0.16436415161176055,ridge,"[0,10)",affine_lora,2320,support,recording_causal_fixed_window,0.5738231656677288,session_iteration_b_m2_wide,0.5515955764151202,/home/xinyuan/Work_host/SSM/results/cross_session_iteration_b/official_20261003/adapt/wide/m2,2,trial_position,0.1836317855768712,0.10739499165813683,0.12216793955578938,0.41495369524823955,m2
0.24654622741764082,ridge,"[10,25)",affine_lora,3480,support,recording_causal_fixed_window,0.5475928623280002,session_iteration_b_m2_wide,0.5063185352829178,/home/xinyuan/Work_host/SSM/results/cross_session_iteration_b/official_20261003/adapt/wide/m2,2,trial_position,1.3697829927460754,0.8011022308435856,0.824531006353259,2.800589002131704,m2
0.41091037902940136,ridge,"[25,50)",affine_lora,5800,support,recording_causal_fixed_window,0.33315699342224087,session_iteration_b_m2_wide,0.18064323356523226,/home/xinyuan/Work_host/SSM/results/cross_session_iteration_b/official_20261003/adapt/wide/m2,2,trial_position,0.09889658101126717,0.057838556976167785,0.03658386286855986,0.12426017119517169,m2
0.1756996103436061,ridge,"[50,128)",affine_lora,2480,support,recording_causal_fixed_window,0.35080353164408784,session_iteration_b_m2_wide,-0.0310523765239743,/home/xinyuan/Work_host/SSM/results/cross_session_iteration_b/official_20261003/adapt/wide/m2,2,trial_position,0.05698867983871311,0.03332919067720316,0.016525892796189084,0.056131586633851475,m2
0.002479631597591215,ridge,"[128,1000000000)",affine_lora,35,support,recording_causal_fixed_window,0.1796523419532843,session_iteration_b_m2_wide,0.10133375252855059,/home/xinyuan/Work_host/SSM/results/cross_session_iteration_b/official_20261003/adapt/wide/m2,2,trial_position,0.0005728584517014866,0.00033502984490678053,0.00019129842620273287,0.0006497612150669602,m2
0.2500177116542685,zero,Q1,offset_original,3529,support,recording_causal_fixed_window,0.526363433281451,session_iteration_b_m2_wide,0.49324819494118155,/home/xinyuan/Work_host/SSM/results/cross_session_iteration_b/official_20261003/adapt/wide/m2,0,query_quartile,0.5066593322012265,0.2930634959856474,0.2943648227929093,0.9998349109688534,m2
0.2500177116542685,zero,Q2,offset_original,3529,support,recording_causal_fixed_window,0.596532050179131,session_iteration_b_m2_wide,0.5203582251526205,/home/xinyuan/Work_host/SSM/results/cross_session_iteration_b/official_20261003/adapt/wide/m2,0,query_quartile,0.412073270945125,0.23835272679326935,0.2530956259225901,0.859660608254631,m2
0.2500177116542685,zero,Q3,offset_original,3529,support,recording_causal_fixed_window,0.7058046984287284,session_iteration_b_m2_wide,0.45854650710480616,/home/xinyuan/Work_host/SSM/results/cross_session_iteration_b/official_20261003/adapt/wide/m2,0,query_quartile,0.3911723325838301,0.22626313981392823,0.21270935872902333,0.7224852505446784,m2
0.2499468650371945,zero,Q4,offset_original,3528,support,recording_causal_fixed_window,0.5369984434014199,session_iteration_b_m2_wide,0.4855446473801386,/home/xinyuan/Work_host/SSM/results/cross_session_iteration_b/official_20261003/adapt/wide/m2,0,query_quartile,0.41893314591899045,0.24232063740715498,0.23983019255547727,0.8146034466558709,m2
0.16436415161176055,zero,"[0,10)",offset_original,2320,support,recording_causal_fixed_window,0.6898433825445226,session_iteration_b_m2_wide,0.5185831774849885,/home/xinyuan/Work_host/SSM/results/cross_session_iteration_b/official_20261003/adapt/wide/m2,0,trial_position,0.19715111197702337,0.11403677074775972,0.12216793955578938,0.41495369524823955,m2
0.24654622741764082,zero,"[10,25)",offset_original,3480,support,recording_causal_fixed_window,0.5847729260564748,session_iteration_b_m2_wide,0.5057526106742691,/home/xinyuan/Work_host/SSM/results/cross_session_iteration_b/official_20261003/adapt/wide/m2,0,trial_position,1.3713532236733146,0.793222475967879,0.824531006353259,2.800589002131704,m2
0.41091037902940136,zero,"[25,50)",offset_original,5800,support,recording_causal_fixed_window,0.3983487818178834,session_iteration_b_m2_wide,0.14773332189522037,/home/xinyuan/Work_host/SSM/results/cross_session_iteration_b/official_20261003/adapt/wide/m2,0,trial_position,0.10286881615824583,0.05950170652194176,0.03658386286855986,0.12426017119517169,m2
0.1756996103436061,zero,"[50,128)",offset_original,2480,support,recording_causal_fixed_window,0.4934355767743292,session_iteration_b_m2_wide,-0.02943771469531664,/home/xinyuan/Work_host/SSM/results/cross_session_iteration_b/official_20261003/adapt/wide/m2,0,trial_position,0.05689943369749245,0.032911950691886065,0.016525892796189084,0.056131586633851475,m2
0.002479631597591215,zero,"[128,1000000000)",offset_original,35,support,recording_causal_fixed_window,0.7700481196668099,session_iteration_b_m2_wide,0.1128833041286732,/home/xinyuan/Work_host/SSM/results/cross_session_iteration_b/official_20261003/adapt/wide/m2,0,trial_position,0.000565496143095696,0.00032709607053325564,0.00019129842620273287,0.0006497612150669602,m2
0.2500177116542685,ridge,Q1,offset_original,3529,support,recording_causal_fixed_window,0.5546464234293749,session_iteration_b_m2_wide,0.49742041126057457,/home/xinyuan/Work_host/SSM/results/cross_session_iteration_b/official_20261003/adapt/wide/m2,0,query_quartile,0.5024878772343568,0.2926699706657367,0.2943648227929093,0.9998349109688534,m2
0.2500177116542685,ridge,Q2,offset_original,3529,support,recording_causal_fixed_window,0.6222148818524393,session_iteration_b_m2_wide,0.5224736349934711,/home/xinyuan/Work_host/SSM/results/cross_session_iteration_b/official_20261003/adapt/wide/m2,0,query_quartile,0.4102558649179161,0.23895018644394744,0.2530956259225901,0.859660608254631,m2
0.2500177116542685,ridge,Q3,offset_original,3529,support,recording_causal_fixed_window,0.7450370271974398,session_iteration_b_m2_wide,0.46090847420505254,/home/xinyuan/Work_host/SSM/results/cross_session_iteration_b/official_20261003/adapt/wide/m2,0,query_quartile,0.3894659326949878,0.2268412597822416,0.21270935872902333,0.7224852505446784,m2
0.2499468650371945,ridge,Q4,offset_original,3528,support,recording_causal_fixed_window,0.5589301407698066,session_iteration_b_m2_wide,0.49074311866579523,/home/xinyuan/Work_host/SSM/results/cross_session_iteration_b/official_20261003/adapt/wide/m2,0,query_quartile,0.4146999079546478,0.24153858310807416,0.23983019255547727,0.8146034466558709,m2
0.16436415161176055,ridge,"[0,10)",offset_original,2320,support,recording_causal_fixed_window,0.7006379261354126,session_iteration_b_m2_wide,0.5250686118218051,/home/xinyuan/Work_host/SSM/results/cross_session_iteration_b/official_20261003/adapt/wide/m2,0,trial_position,0.19449517946415928,0.11328213285801171,0.12216793955578938,0.41495369524823955,m2
0.24654622741764082,ridge,"[10,25)",offset_original,3480,support,recording_causal_fixed_window,0.617158225541253,session_iteration_b_m2_wide,0.5094642104769282,/home/xinyuan/Work_host/SSM/results/cross_session_iteration_b/official_20261003/adapt/wide/m2,0,trial_position,1.361054910593086,0.7927353450796832,0.824531006353259,2.800589002131704,m2
0.41091037902940136,ridge,"[25,50)",offset_original,5800,support,recording_causal_fixed_window,0.40558888055359926,session_iteration_b_m2_wide,0.144349384220128,/home/xinyuan/Work_host/SSM/results/cross_session_iteration_b/official_20261003/adapt/wide/m2,0,trial_position,0.10327725834134763,0.06015299779083556,0.03658386286855986,0.12426017119517169,m2
0.1756996103436061,ridge,"[50,128)",offset_original,2480,support,recording_causal_fixed_window,0.5235207478968239,session_iteration_b_m2_wide,-0.03998175518124514,/home/xinyuan/Work_host/SSM/results/cross_session_iteration_b/official_20261003/adapt/wide/m2,0,trial_position,0.05748222751198791,0.03348005514546657,0.016525892796189084,0.056131586633851475,m2
0.002479631597591215,ridge,"[128,1000000000)",offset_original,35,support,recording_causal_fixed_window,0.832413402638212,session_iteration_b_m2_wide,0.05874489608245337,/home/xinyuan/Work_host/SSM/results/cross_session_iteration_b/official_20261003/adapt/wide/m2,0,trial_position,0.0006000068913275373,0.00034946912600275476,0.00019129842620273287,0.0006497612150669602,m2
0.2500177116542685,zero,Q1,offset_original,3529,support,recording_causal_fixed_window,0.5290596072653921,session_iteration_b_m2_wide,0.49294683108351334,/home/xinyuan/Work_host/SSM/results/cross_session_iteration_b/official_20261003/adapt/wide/m2,1,query_quartile,0.5069606410655492,0.29482755498746593,0.2943648227929093,0.9998349109688534,m2
0.2500177116542685,zero,Q2,offset_original,3529,support,recording_causal_fixed_window,0.6035520145633323,session_iteration_b_m2_wide,0.5234200397180269,/home/xinyuan/Work_host/SSM/results/cross_session_iteration_b/official_20261003/adapt/wide/m2,1,query_quartile,0.40944278292436026,0.23811516085968626,0.2530956259225901,0.859660608254631,m2
0.2500177116542685,zero,Q3,offset_original,3529,support,recording_causal_fixed_window,0.7172145255703768,session_iteration_b_m2_wide,0.45993116459171013,/home/xinyuan/Work_host/SSM/results/cross_session_iteration_b/official_20261003/adapt/wide/m2,1,query_quartile,0.3901719886834044,0.22690805583317802,0.21270935872902333,0.7224852505446784,m2
0.2499468650371945,zero,Q4,offset_original,3528,support,recording_causal_fixed_window,0.553452571188406,session_iteration_b_m2_wide,0.4929038245990286,/home/xinyuan/Work_host/SSM/results/cross_session_iteration_b/official_20261003/adapt/wide/m2,1,query_quartile,0.41294039407379185,0.24014922831966978,0.23983019255547727,0.8146034466558709,m2
0.16436415161176055,zero,"[0,10)",offset_original,2320,support,recording_causal_fixed_window,0.6826607832608608,session_iteration_b_m2_wide,0.523210461987526,/home/xinyuan/Work_host/SSM/results/cross_session_iteration_b/official_20261003/adapt/wide/m2,1,trial_position,0.19525613398198072,0.11355297416623145,0.12216793955578938,0.41495369524823955,m2
0.24654622741764082,zero,"[10,25)",offset_original,3480,support,recording_causal_fixed_window,0.5967211848363084,session_iteration_b_m2_wide,0.5081706074356828,/home/xinyuan/Work_host/SSM/results/cross_session_iteration_b/official_20261003/adapt/wide/m2,1,trial_position,1.3646441793258675,0.7936211891575649,0.824531006353259,2.800589002131704,m2
0.41091037902940136,zero,"[25,50)",offset_original,5800,support,recording_causal_fixed_window,0.40242792694143203,session_iteration_b_m2_wide,0.14591735427287045,/home/xinyuan/Work_host/SSM/results/cross_session_iteration_b/official_20261003/adapt/wide/m2,1,trial_position,0.10308800393631108,0.059951762892676064,0.03658386286855986,0.12426017119517169,m2
0.1756996103436061,zero,"[50,128)",offset_original,2480,support,recording_causal_fixed_window,0.49337641984772745,session_iteration_b_m2_wide,-0.012502249255116338,/home/xinyuan/Work_host/SSM/results/cross_session_iteration_b/official_20261003/adapt/wide/m2,1,trial_position,0.055963370855423314,0.032546005471907835,0.016525892796189084,0.056131586633851475,m2
0.002479631597591215,zero,"[128,1000000000)",offset_original,35,support,recording_causal_fixed_window,0.7716721635855315,session_iteration_b_m2_wide,0.11504423720652657,/home/xinyuan/Work_host/SSM/results/cross_session_iteration_b/official_20261003/adapt/wide/m2,1,trial_position,0.0005641186475230152,0.00032806831161976156,0.00019129842620273287,0.0006497612150669602,m2
0.2500177116542685,ridge,Q1,offset_original,3529,support,recording_causal_fixed_window,0.5497589229147277,session_iteration_b_m2_wide,0.49577217241216065,/home/xinyuan/Work_host/SSM/results/cross_session_iteration_b/official_20261003/adapt/wide/m2,1,query_quartile,0.5041358153095821,0.2948427704615343,0.2943648227929093,0.9998349109688534,m2
0.2500177116542685,ridge,Q2,offset_original,3529,support,recording_causal_fixed_window,0.6206386443480048,session_iteration_b_m2_wide,0.5253840526169499,/home/xinyuan/Work_host/SSM/results/cross_session_iteration_b/official_20261003/adapt/wide/m2,1,query_quartile,0.4077554461203565,0.23847491440590712,0.2530956259225901,0.859660608254631,m2
0.2500177116542685,ridge,Q3,offset_original,3529,support,recording_causal_fixed_window,0.746025889344608,session_iteration_b_m2_wide,0.4626465221020899,/home/xinyuan/Work_host/SSM/results/cross_session_iteration_b/official_20261003/adapt/wide/m2,1,query_quartile,0.3882102823779289,0.2270439665304762,0.21270935872902333,0.7224852505446784,m2
0.2499468650371945,ridge,Q4,offset_original,3528,support,recording_causal_fixed_window,0.5679427805572522,session_iteration_b_m2_wide,0.49682812966890433,/home/xinyuan/Work_host/SSM/results/cross_session_iteration_b/official_20261003/adapt/wide/m2,1,query_quartile,0.409744739756859,0.23963834860208244,0.23983019255547727,0.8146034466558709,m2
0.16436415161176055,ridge,"[0,10)",offset_original,2320,support,recording_causal_fixed_window,0.6823432016867613,session_iteration_b_m2_wide,0.5298714846938504,/home/xinyuan/Work_host/SSM/results/cross_session_iteration_b/official_20261003/adapt/wide/m2,1,trial_position,0.19252829404777255,0.11259976753371373,0.12216793955578938,0.41495369524823955,m2
0.24654622741764082,ridge,"[10,25)",offset_original,3480,support,recording_causal_fixed_window,0.6208764193176308,session_iteration_b_m2_wide,0.5110082892632498,/home/xinyuan/Work_host/SSM/results/cross_session_iteration_b/official_20261003/adapt/wide/m2,1,trial_position,1.3567706645516122,0.7935044673857967,0.824531006353259,2.800589002131704,m2
0.41091037902940136,ridge,"[25,50)",offset_original,5800,support,recording_causal_fixed_window,0.4033886525479149,session_iteration_b_m2_wide,0.14202099697672,/home/xinyuan/Work_host/SSM/results/cross_session_iteration_b/official_20261003/adapt/wide/m2,1,trial_position,0.1035582953048248,0.06056585103599144,0.03658386286855986,0.12426017119517169,m2
0.1756996103436061,ridge,"[50,128)",offset_original,2480,support,recording_causal_fixed_window,0.5152215603201513,session_iteration_b_m2_wide,-0.020341229518493043,/home/xinyuan/Work_host/SSM/results/cross_session_iteration_b/official_20261003/adapt/wide/m2,1,trial_position,0.0563966496554758,0.032983461845411496,0.016525892796189084,0.056131586633851475,m2
0.002479631597591215,ridge,"[128,1000000000)",offset_original,35,support,recording_causal_fixed_window,0.8291253082267677,session_iteration_b_m2_wide,0.07070950140267707,/home/xinyuan/Work_host/SSM/results/cross_session_iteration_b/official_20261003/adapt/wide/m2,1,trial_position,0.000592380005041057,0.00034645219908660427,0.00019129842620273287,0.0006497612150669602,m2
0.2500177116542685,zero,Q1,offset_original,3529,support,recording_causal_fixed_window,0.5374544781473286,session_iteration_b_m2_wide,0.49265511700303477,/home/xinyuan/Work_host/SSM/results/cross_session_iteration_b/official_20261003/adapt/wide/m2,2,query_quartile,0.5072523019135886,0.29214294300659294,0.2943648227929093,0.9998349109688534,m2
0.2500177116542685,zero,Q2,offset_original,3529,support,recording_causal_fixed_window,0.6026491090240166,session_iteration_b_m2_wide,0.5124059422022309,/home/xinyuan/Work_host/SSM/results/cross_session_iteration_b/official_20261003/adapt/wide/m2,2,query_quartile,0.41890529313062147,0.24126105434030531,0.2530956259225901,0.859660608254631,m2
0.2500177116542685,zero,Q3,offset_original,3529,support,recording_causal_fixed_window,0.7241759239002612,session_iteration_b_m2_wide,0.455189202044204,/home/xinyuan/Work_host/SSM/results/cross_session_iteration_b/official_20261003/adapt/wide/m2,2,query_quartile,0.3935978130156379,0.22668566120166242,0.21270935872902333,0.7224852505446784,m2
0.2499468650371945,zero,Q4,offset_original,3528,support,recording_causal_fixed_window,0.5492863476063985,session_iteration_b_m2_wide,0.48845886522416526,/home/xinyuan/Work_host/SSM/results/cross_session_iteration_b/official_20261003/adapt/wide/m2,2,query_quartile,0.4165600294899862,0.2399103414514395,0.23983019255547727,0.8146034466558709,m2
0.16436415161176055,zero,"[0,10)",offset_original,2320,support,recording_causal_fixed_window,0.6903918207273383,session_iteration_b_m2_wide,0.5203934131320771,/home/xinyuan/Work_host/SSM/results/cross_session_iteration_b/official_20261003/adapt/wide/m2,2,trial_position,0.1964097794060104,0.11311871976624827,0.12216793955578938,0.41495369524823955,m2
0.24654622741764082,zero,"[10,25)",offset_original,3480,support,recording_causal_fixed_window,0.5975956096039002,session_iteration_b_m2_wide,0.5032177273652332,/home/xinyuan/Work_host/SSM/results/cross_session_iteration_b/official_20261003/adapt/wide/m2,2,trial_position,1.3783865848453878,0.793857242201607,0.824531006353259,2.800589002131704,m2
0.41091037902940136,zero,"[25,50)",offset_original,5800,support,recording_causal_fixed_window,0.41494203271695035,session_iteration_b_m2_wide,0.14793048875243375,/home/xinyuan/Work_host/SSM/results/cross_session_iteration_b/official_20261003/adapt/wide/m2,2,trial_position,0.10284501806580805,0.059231759299989695,0.03658386286855986,0.12426017119517169,m2
0.1756996103436061,zero,"[50,128)",offset_original,2480,support,recording_causal_fixed_window,0.5180918800985745,session_iteration_b_m2_wide,-0.051236228301141384,/home/xinyuan/Work_host/SSM/results/cross_session_iteration_b/official_20261003/adapt/wide/m2,2,trial_position,0.05810428860217759,0.03346413177329706,0.016525892796189084,0.056131586633851475,m2
0.002479631597591215,zero,"[128,1000000000)",offset_original,35,support,recording_causal_fixed_window,0.8438728234471248,session_iteration_b_m2_wide,0.10618401770903563,/home/xinyuan/Work_host/SSM/results/cross_session_iteration_b/official_20261003/adapt/wide/m2,2,trial_position,0.0005697666304503246,0.0003281469588580858,0.00019129842620273287,0.0006497612150669602,m2
0.2500177116542685,ridge,Q1,offset_original,3529,support,recording_causal_fixed_window,0.5616227793812764,session_iteration_b_m2_wide,0.49594256693080685,/home/xinyuan/Work_host/SSM/results/cross_session_iteration_b/official_20261003/adapt/wide/m2,2,query_quartile,0.5039654518847927,0.29244191013180737,0.2943648227929093,0.9998349109688534,m2
0.2500177116542685,ridge,Q2,offset_original,3529,support,recording_causal_fixed_window,0.6221251058495277,session_iteration_b_m2_wide,0.5162473788869331,/home/xinyuan/Work_host/SSM/results/cross_session_iteration_b/official_20261003/adapt/wide/m2,2,query_quartile,0.41560501058059235,0.24116796637544663,0.2530956259225901,0.859660608254631,m2
0.2500177116542685,ridge,Q3,offset_original,3529,support,recording_causal_fixed_window,0.7577940403093555,session_iteration_b_m2_wide,0.45954572373691405,/home/xinyuan/Work_host/SSM/results/cross_session_iteration_b/official_20261003/adapt/wide/m2,2,query_quartile,0.3904504498997824,0.22657123609064098,0.21270935872902333,0.7224852505446784,m2
0.2499468650371945,ridge,Q4,offset_original,3528,support,recording_causal_fixed_window,0.5643383955656636,session_iteration_b_m2_wide,0.4924866105069322,/home/xinyuan/Work_host/SSM/results/cross_session_iteration_b/official_20261003/adapt/wide/m2,2,query_quartile,0.4132801413642682,0.23981888740210483,0.23983019255547727,0.8146034466558709,m2
0.16436415161176055,ridge,"[0,10)",offset_original,2320,support,recording_causal_fixed_window,0.6923416061568904,session_iteration_b_m2_wide,0.5300090362302445,/home/xinyuan/Work_host/SSM/results/cross_session_iteration_b/official_20261003/adapt/wide/m2,2,trial_position,0.19247196357262925,0.11168795095673863,0.12216793955578938,0.41495369524823955,m2
0.24654622741764082,ridge,"[10,25)",offset_original,3480,support,recording_causal_fixed_window,0.6247206193957894,session_iteration_b_m2_wide,0.5067679665087015,/home/xinyuan/Work_host/SSM/results/cross_session_iteration_b/official_20261003/adapt/wide/m2,2,trial_position,1.3685359877570584,0.7941363378124663,0.824531006353259,2.800589002131704,m2
0.41091037902940136,ridge,"[25,50)",offset_original,5800,support,recording_causal_fixed_window,0.4189392403918919,session_iteration_b_m2_wide,0.14417640651502972,/home/xinyuan/Work_host/SSM/results/cross_session_iteration_b/official_20261003/adapt/wide/m2,2,trial_position,0.10329813679665086,0.05994201452677171,0.03658386286855986,0.12426017119517169,m2
0.1756996103436061,ridge,"[50,128)",offset_original,2480,support,recording_causal_fixed_window,0.542113304062114,session_iteration_b_m2_wide,-0.056495110370406554,/home/xinyuan/Work_host/SSM/results/cross_session_iteration_b/official_20261003/adapt/wide/m2,2,trial_position,0.05839495933179201,0.033885524067555184,0.016525892796189084,0.056131586633851475,m2
0.002479631597591215,ridge,"[128,1000000000)",offset_original,35,support,recording_causal_fixed_window,0.9006091820685269,session_iteration_b_m2_wide,0.0587458687369945,/home/xinyuan/Work_host/SSM/results/cross_session_iteration_b/official_20261003/adapt/wide/m2,2,trial_position,0.0006000062713049471,0.00034817263646793435,0.00019129842620273287,0.0006497612150669602,m2
