bin_fraction_mean,bin_fraction_population_sd,calibration,group,method,n_seeds,prediction_truth_variance_ratio_mean,prediction_truth_variance_ratio_population_sd,profile,r2_mean,r2_population_sd,split,sse_fraction_mean,sse_fraction_population_sd,sst_fraction_mean,sst_fraction_population_sd,task
0.25000494159040143,0.0,zero,Q1,none,1,0.8783913980220894,0.0,session_iteration_b_m1_old,0.6988555023186862,0.0,query_quartile,0.22466003977787952,0.0,0.245835786123224,0.0,m1
0.25000494159040143,0.0,zero,Q2,none,1,0.7995638872630323,0.0,session_iteration_b_m1_old,0.6378961711423194,0.0,query_quartile,0.27491920240896023,0.0,0.2501516857135609,0.0,m1
0.25000494159040143,0.0,zero,Q3,none,1,0.7670947862091629,0.0,session_iteration_b_m1_old,0.6682891840555532,0.0,query_quartile,0.25266855061288884,0.0,0.2508980605037958,0.0,m1
0.24998517522879563,0.0,zero,Q4,none,1,0.7975552840665797,0.0,session_iteration_b_m1_old,0.6771354858917147,0.0,query_quartile,0.24775220720027172,0.0,0.2531144676594194,0.0,m1
0.07511217410211303,0.0,zero,"[0,10)",none,1,0.3806319478622439,0.0,session_iteration_b_m1_old,-0.22809707207808527,0.0,trial_position,0.01854350724332451,0.0,0.0236832442910817,0.0,m1
0.11266826115316954,0.0,zero,"[10,25)",none,1,0.3623978506117712,0.0,session_iteration_b_m1_old,-0.1762885113190582,0.0,trial_position,0.025030557187752343,0.0,0.036536049092856585,0.0,m1
0.18778043525528257,0.0,zero,"[25,50)",none,1,0.34377195520527,0.0,session_iteration_b_m1_old,0.004018938437139408,0.0,trial_position,0.03895247884190649,0.0,0.06181024434827429,0.0,m1
0.5796090213674369,0.0,zero,"[50,128)",none,1,0.8239807389865809,0.0,session_iteration_b_m1_old,0.6320442126503679,0.0,trial_position,0.8737860511963289,0.0,0.8420067422274752,0.0,m1
0.04483010812199798,0.0,zero,"[128,1000000000)",none,1,0.5180188507093161,0.0,session_iteration_b_m1_old,0.5270917065887094,0.0,trial_position,0.04368740553068797,0.0,0.03596372004031278,0.0,m1
0.25000494159040143,0.0,ridge,Q1,none,1,0.7013227534966844,0.0,session_iteration_b_m1_old,0.7033545974566646,0.0,query_quartile,0.2146972875113134,0.0,0.245835786123224,0.0,m1
0.25000494159040143,0.0,ridge,Q2,none,1,0.6448178327324294,0.0,session_iteration_b_m1_old,0.6253418879588103,0.0,query_quartile,0.2759593638715486,0.0,0.2501516857135609,0.0,m1
0.25000494159040143,0.0,ridge,Q3,none,1,0.620457829071553,0.0,session_iteration_b_m1_old,0.6539194474917553,0.0,query_quartile,0.255744786160256,0.0,0.2508980605037958,0.0,m1
0.24998517522879563,0.0,ridge,Q4,none,1,0.6563569927556401,0.0,session_iteration_b_m1_old,0.6593475372346684,0.0,query_quartile,0.25359856245688184,0.0,0.2531144676594194,0.0,m1
0.07511217410211303,0.0,ridge,"[0,10)",none,1,0.3736916087911841,0.0,session_iteration_b_m1_old,-0.1755732061406765,0.0,trial_position,0.0172205452349693,0.0,0.0236832442910817,0.0,m1
0.11266826115316954,0.0,ridge,"[10,25)",none,1,0.3509584530981733,0.0,session_iteration_b_m1_old,-0.14522255846196885,0.0,trial_position,0.023642020666726445,0.0,0.036536049092856585,0.0,m1
0.18778043525528257,0.0,ridge,"[25,50)",none,1,0.34566198046296176,0.0,session_iteration_b_m1_old,-0.018419380727686452,0.0,trial_position,0.0386410315709977,0.0,0.06181024434827429,0.0,m1
0.5796090213674369,0.0,ridge,"[50,128)",none,1,0.6510596797318039,0.0,session_iteration_b_m1_old,0.6185770307094358,0.0,trial_position,0.8787277646458902,0.0,0.8420067422274752,0.0,m1
0.04483010812199798,0.0,ridge,"[128,1000000000)",none,1,0.657378715774104,0.0,session_iteration_b_m1_old,0.5339495276921316,0.0,trial_position,0.04176863788141629,0.0,0.03596372004031278,0.0,m1
0.25000494159040143,0.0,zero,Q1,io,3,0.7665560069657538,0.007527486843298481,session_iteration_b_m1_old,0.7065380869984823,0.004713616558690988,query_quartile,0.20165350418675065,0.0010780992735445216,0.245835786123224,0.0,m1
0.25000494159040143,0.0,zero,Q2,io,3,0.6770063506983712,0.0008277380437064942,session_iteration_b_m1_old,0.5972732685712598,0.008133294570125585,query_quartile,0.2816090053562485,0.00012449948159465042,0.2501516857135609,0.0,m1
0.25000494159040143,0.0,zero,Q3,io,3,0.6383289587165694,0.0003583004148259134,session_iteration_b_m1_old,0.6362077341940556,0.00709812435680814,query_quartile,0.255220268575915,0.00018684108321043708,0.2508980605037958,0.0,m1
0.24998517522879563,0.0,zero,Q4,io,3,0.6668568465983506,0.002163763659005938,session_iteration_b_m1_old,0.6299363538412128,0.009057059652456343,query_quartile,0.26151722188108567,0.0011918169105316451,0.2531144676594194,0.0,m1
0.07511217410211303,0.0,zero,"[0,10)",io,3,0.44529783393259836,0.03357477487159005,session_iteration_b_m1_old,-0.32074837723350536,0.05673435034338222,trial_position,0.0183723052431304,0.0008110659775458499,0.023683244291081696,3.469446951953614e-18,m1
0.11266826115316954,0.0,zero,"[10,25)",io,3,0.4254844274777317,0.032750904898242145,session_iteration_b_m1_old,-0.28305010475755954,0.06291333769855627,trial_position,0.025154259328659983,0.001288136957983091,0.036536049092856585,0.0,m1
0.18778043525528257,0.0,zero,"[25,50)",io,3,0.43842558007784804,0.04096494516827288,session_iteration_b_m1_old,-0.13884399240839676,0.05137819418433065,trial_position,0.041025889270114364,0.0017337418837943045,0.06181024434827429,0.0,m1
0.5796090213674369,0.0,zero,"[50,128)",io,3,0.6990710815000338,0.00047886488084803087,session_iteration_b_m1_old,0.6006824747077305,0.008781298727070114,trial_position,0.8733355055061383,0.004606189836070822,0.8420067422274752,0.0,m1
0.04483010812199798,0.0,zero,"[128,1000000000)",io,3,0.5697789171245015,0.013894870800279124,session_iteration_b_m1_old,0.5050832982369635,0.012468419996253933,trial_position,0.042112040651956874,0.000793551426099942,0.03596372004031278,0.0,m1
0.25000494159040143,0.0,ridge,Q1,io,3,0.7408708248499994,0.00881113253268908,session_iteration_b_m1_old,0.7091084228097649,0.002521442373450467,query_quartile,0.20242352098124664,0.0010979603876623888,0.245835786123224,0.0,m1
0.25000494159040143,0.0,ridge,Q2,io,3,0.6474772375706487,0.003298406207295715,session_iteration_b_m1_old,0.6062369649487592,0.005021222234260189,query_quartile,0.2788434736634197,0.00018750968407924544,0.2501516857135609,0.0,m1
0.25000494159040143,0.0,ridge,Q3,io,3,0.6159798592080113,0.004228375387694455,session_iteration_b_m1_old,0.636810790958636,0.004311610379098124,query_quartile,0.25803806062353235,0.0005603961885604682,0.2508980605037958,0.0,m1
0.24998517522879563,0.0,ridge,Q4,io,3,0.6405305977934405,0.002128992276459616,session_iteration_b_m1_old,0.635732513104917,0.0071615990093267905,query_quartile,0.26069494473180116,0.001823672986272939,0.2531144676594194,0.0,m1
0.07511217410211303,0.0,ridge,"[0,10)",io,3,0.43675588394990483,0.022710209887557342,session_iteration_b_m1_old,-0.21659194408923996,0.015161745849882488,trial_position,0.017136169502271727,0.00027030303617380446,0.023683244291081696,3.469446951953614e-18,m1
0.11266826115316954,0.0,ridge,"[10,25)",io,3,0.41826388746068566,0.022554201403809856,session_iteration_b_m1_old,-0.17674389488467135,0.012841971423383376,trial_position,0.023360203727056505,0.00043202710032731766,0.036536049092856585,0.0,m1
0.18778043525528257,0.0,ridge,"[25,50)",io,3,0.43439302816130293,0.028250659203981756,session_iteration_b_m1_old,-0.056566192828795714,0.01010417952798207,trial_position,0.038545779325205004,0.0004296833775991023,0.06181024434827429,0.0,m1
0.5796090213674369,0.0,ridge,"[50,128)",io,3,0.6672871611529829,0.004161386861821349,session_iteration_b_m1_old,0.6033520156101646,0.005976217372733398,trial_position,0.8785271252015711,0.0018150612379043243,0.8420067422274752,0.0,m1
0.04483010812199798,0.0,ridge,"[128,1000000000)",io,3,0.5713844314353463,0.008714511841347056,session_iteration_b_m1_old,0.507660086468403,0.003826372225151169,trial_position,0.04243072224389568,0.0007045096334745288,0.03596372004031278,0.0,m1
0.25000494159040143,0.0,zero,Q1,lora,3,0.7674708568202856,0.0003009789971493478,session_iteration_b_m1_old,0.7019428792907828,0.002688353052246078,query_quartile,0.20125189238558217,0.0009739151361305179,0.245835786123224,0.0,m1
0.25000494159040143,0.0,zero,Q2,lora,3,0.6741138160650086,0.002116763264744519,session_iteration_b_m1_old,0.5856010826814876,0.004065056034367541,query_quartile,0.28475571369467856,0.00047621800997490695,0.2501516857135609,0.0,m1
0.25000494159040143,0.0,zero,Q3,lora,3,0.638902823551849,0.0023481066521172174,session_iteration_b_m1_old,0.627166446518247,0.0048683318084407085,query_quartile,0.25702410558144956,0.0008153215019329782,0.2508980605037958,0.0,m1
0.24998517522879563,0.0,zero,Q4,lora,3,0.6702318637128525,0.005848963736849922,session_iteration_b_m1_old,0.6300042441449264,0.0036481268718908605,query_quartile,0.25696828833828983,0.0011938837604691067,0.2531144676594194,0.0,m1
0.07511217410211303,0.0,zero,"[0,10)",lora,3,0.39190344234865987,0.01163893855039835,session_iteration_b_m1_old,-0.32078723679027926,0.01587453118790539,trial_position,0.018051292885469184,0.0002612851618415446,0.023683244291081696,3.469446951953614e-18,m1
0.11266826115316954,0.0,zero,"[10,25)",lora,3,0.3771024745036029,0.008492375511083484,session_iteration_b_m1_old,-0.31189034192271237,0.018135904785102065,trial_position,0.025267993190153038,0.00040554867727015845,0.036536049092856585,0.0,m1
0.18778043525528257,0.0,zero,"[25,50)",lora,3,0.37621164062635204,0.008629352043101151,session_iteration_b_m1_old,-0.16372657758257603,0.01129247728299639,trial_position,0.041195028555388015,0.0004694690074511756,0.06181024434827429,0.0,m1
0.5796090213674369,0.0,zero,"[50,128)",lora,3,0.7055900613704886,0.0035997402676141194,session_iteration_b_m1_old,0.5931956389514143,0.004319964787045056,trial_position,0.8743248982481653,0.0006375466065883311,0.8420067422274752,0.0,m1
0.04483010812199798,0.0,zero,"[128,1000000000)",lora,3,0.6259284130108447,0.013369501895274584,session_iteration_b_m1_old,0.5076998183570409,0.009793050654616274,trial_position,0.041160787120824834,0.0006721998660947988,0.03596372004031278,0.0,m1
0.25000494159040143,0.0,ridge,Q1,lora,3,0.7348453349237863,0.0029642483416171574,session_iteration_b_m1_old,0.7060921610162431,0.001371700636906,query_quartile,0.20254065738437288,0.00075606196574897,0.245835786123224,0.0,m1
0.25000494159040143,0.0,ridge,Q2,lora,3,0.6394772396094007,0.00359732723608513,session_iteration_b_m1_old,0.5979847802263973,0.0014424621033772287,query_quartile,0.2819452725481885,0.0006932714555483105,0.2501516857135609,0.0,m1
0.25000494159040143,0.0,ridge,Q3,lora,3,0.6096270659479149,0.003902846420138586,session_iteration_b_m1_old,0.6317050410321877,0.0027124905366565748,query_quartile,0.2591369815709247,0.0007885832197504418,0.2508980605037958,0.0,m1
0.24998517522879563,0.0,ridge,Q4,lora,3,0.6361993959058817,0.007119343248952716,session_iteration_b_m1_old,0.6383125720182456,0.002118048296268879,query_quartile,0.256377088496514,0.001128150144402965,0.2531144676594194,0.0,m1
0.07511217410211303,0.0,ridge,"[0,10)",lora,3,0.38174508835851023,0.00877569058169572,session_iteration_b_m1_old,-0.18668126224581272,0.018634712351406593,trial_position,0.016551932839374884,0.0002683205422080958,0.023683244291081696,3.469446951953614e-18,m1
0.11266826115316954,0.0,ridge,"[10,25)",lora,3,0.3682774138769582,0.007019178941119015,session_iteration_b_m1_old,-0.16566858865000963,0.02072367129269943,trial_position,0.022913250733391094,0.0004162287839277237,0.036536049092856585,0.0,m1
0.18778043525528257,0.0,ridge,"[25,50)",lora,3,0.3772441624531502,0.0065050781140403545,session_iteration_b_m1_old,-0.04537097546188592,0.013936499138364734,trial_position,0.037766637786395975,0.0005162414738282883,0.06181024434827429,0.0,m1
0.5796090213674369,0.0,ridge,"[50,128)",lora,3,0.6662447771734429,0.005544731180356686,session_iteration_b_m1_old,0.5983606692306153,0.00198034817117935,trial_position,0.8810335268712596,0.0007645808284397053,0.8420067422274752,0.0,m1
0.04483010812199798,0.0,ridge,"[128,1000000000)",lora,3,0.6083008090076015,0.0030861346952532794,session_iteration_b_m1_old,0.5109405377077896,0.006491742538667041,trial_position,0.04173465176957841,0.0005824333024257388,0.03596372004031278,0.0,m1
0.25000494159040143,0.0,zero,Q1,affine_lora,3,0.7643773416087147,0.0006482755935823431,session_iteration_b_m1_old,0.7005529144880809,0.0028334119058506836,query_quartile,0.20099255073352063,0.001057976293070302,0.245835786123224,0.0,m1
0.25000494159040143,0.0,zero,Q2,affine_lora,3,0.6688343649739262,0.0028253634333380174,session_iteration_b_m1_old,0.5830713245166356,0.004548397739238661,query_quartile,0.284793953049937,0.0004272970441364709,0.2501516857135609,0.0,m1
0.25000494159040143,0.0,zero,Q3,affine_lora,3,0.633105156076958,0.0030906944078860545,session_iteration_b_m1_old,0.6245595662791945,0.005637580404579478,query_quartile,0.2572817650139361,0.0009598985308266699,0.2508980605037958,0.0,m1
0.24998517522879563,0.0,zero,Q4,affine_lora,3,0.665516260651693,0.006672059818996666,session_iteration_b_m1_old,0.6278463131673319,0.004226879640689142,query_quartile,0.2569317312026065,0.0011057624404045203,0.2531144676594194,0.0,m1
0.07511217410211303,0.0,zero,"[0,10)",affine_lora,3,0.3903542313494957,0.011044077548739486,session_iteration_b_m1_old,-0.3060001793975737,0.013564071604603465,trial_position,0.017743524604382326,0.000236045724366215,0.023683244291081696,3.469446951953614e-18,m1
0.11266826115316954,0.0,zero,"[10,25)",affine_lora,3,0.3744307444169266,0.008049061812892314,session_iteration_b_m1_old,-0.29609380310885897,0.015455189453684303,trial_position,0.02481599088662621,0.00036473790405686606,0.036536049092856585,0.0,m1
0.18778043525528257,0.0,zero,"[25,50)",affine_lora,3,0.37552824711101224,0.009448995783236616,session_iteration_b_m1_old,-0.15129937917069247,0.008927046454433082,trial_position,0.04051408562858123,0.00042948304486914056,0.06181024434827429,0.0,m1
0.5796090213674369,0.0,zero,"[50,128)",affine_lora,3,0.7007273362682018,0.004119724748191347,session_iteration_b_m1_old,0.5902291896619383,0.004973828346746608,trial_position,0.8754694492037433,0.000699568131076202,0.8420067422274752,0.0,m1
0.04483010812199798,0.0,zero,"[128,1000000000)",affine_lora,3,0.6202417124357531,0.01308123224335133,session_iteration_b_m1_old,0.5012027449734625,0.01007993817760505,trial_position,0.04145694967666747,0.000688360692948214,0.03596372004031278,0.0,m1
0.25000494159040143,0.0,ridge,Q1,affine_lora,3,0.7321787165317591,0.003021984372323407,session_iteration_b_m1_old,0.7046106804091407,0.0014604472778008205,query_quartile,0.20213579105240406,0.0008193856001857204,0.245835786123224,0.0,m1
0.25000494159040143,0.0,ridge,Q2,affine_lora,3,0.6340073571263293,0.003921061904352238,session_iteration_b_m1_old,0.5948983590686314,0.0018673819567941396,query_quartile,0.2821186921990449,0.0006766003543464807,0.2501516857135609,0.0,m1
0.25000494159040143,0.0,ridge,Q3,affine_lora,3,0.6034110556068125,0.00398856246210541,session_iteration_b_m1_old,0.6285770234404189,0.0035464243804709337,query_quartile,0.25950317011155166,0.0009509295459354511,0.2508980605037958,0.0,m1
0.24998517522879563,0.0,ridge,Q4,affine_lora,3,0.631357534159084,0.007451085306401583,session_iteration_b_m1_old,0.6359493070821574,0.002589561971703125,query_quartile,0.2562423466369996,0.0010418893799580158,0.2531144676594194,0.0,m1
0.07511217410211303,0.0,ridge,"[0,10)",affine_lora,3,0.3799874217326156,0.007895084294740251,session_iteration_b_m1_old,-0.17414348927063505,0.01721413720053313,trial_position,0.016262305740188807,0.0002443719207269713,0.023683244291081696,3.469446951953614e-18,m1
0.11266826115316954,0.0,ridge,"[10,25)",affine_lora,3,0.3653773116300008,0.006335887303770663,session_iteration_b_m1_old,-0.15279982009849347,0.019186001628581206,trial_position,0.022501520983893516,0.000380303165058533,0.036536049092856585,0.0,m1
0.18778043525528257,0.0,ridge,"[25,50)",affine_lora,3,0.37541301610825095,0.006863547679853202,session_iteration_b_m1_old,-0.035160054497019276,0.012607553587019685,trial_position,0.03713581809740695,0.0004668651741739888,0.06181024434827429,0.0,m1
0.5796090213674369,0.0,ridge,"[50,128)",affine_lora,3,0.6618262070894424,0.005792847808999508,session_iteration_b_m1_old,0.5950217554469343,0.0026441696629834316,trial_position,0.8821273957776627,0.0007204315284088545,0.8420067422274752,0.0,m1
0.04483010812199798,0.0,ridge,"[128,1000000000)",affine_lora,3,0.6030314261567451,0.002618356533939812,session_iteration_b_m1_old,0.504681677035793,0.006555844803633094,trial_position,0.0419729594008482,0.0006021770595572156,0.03596372004031278,0.0,m1
0.25000494159040143,0.0,zero,Q1,offset_original,3,0.7357615002226328,0.0015461401636786636,session_iteration_b_m1_old,0.7112940659399828,0.0024647931192375953,query_quartile,0.1907726142627698,0.0010098128233299332,0.245835786123224,0.0,m1
0.25000494159040143,0.0,zero,Q2,offset_original,3,0.6420327526357535,0.005065900827275572,session_iteration_b_m1_old,0.5748343337273266,0.005913973326407331,query_quartile,0.2858954200979415,0.00021838496773635108,0.2501516857135609,0.0,m1
0.25000494159040143,0.0,zero,Q3,offset_original,3,0.5861051722761372,0.0055928885064388065,session_iteration_b_m1_old,0.6129795800360933,0.005758361095084308,query_quartile,0.2610941522546168,0.0005313372054030549,0.2508980605037958,0.0,m1
0.24998517522879563,0.0,zero,Q4,offset_original,3,0.6210294685226758,0.006108377075270347,session_iteration_b_m1_old,0.6141461982168931,0.0055666706697718,query_quartile,0.2622378133846718,0.0007011668538564604,0.2531144676594194,0.0,m1
0.07511217410211303,0.0,zero,"[0,10)",offset_original,3,0.37889284903823395,0.005998094067705885,session_iteration_b_m1_old,-0.26847759676866084,0.004591193841298976,trial_position,0.01696604470387925,0.00017209931327156957,0.023683244291081696,3.469446951953614e-18,m1
0.11266826115316954,0.0,zero,"[10,25)",offset_original,3,0.36166447395248696,0.005317686776790999,session_iteration_b_m1_old,-0.2565866553288028,0.006268890666683849,trial_position,0.0236852952023411,0.0002029629163754309,0.036536049092856585,0.0,m1
0.18778043525528257,0.0,zero,"[25,50)",offset_original,3,0.36061964589083856,0.004581614515622193,session_iteration_b_m1_old,-0.10851938243662795,0.007309174571923513,trial_position,0.038401366522310576,0.0002559326554038285,0.06181024434827429,0.0,m1
0.5796090213674369,0.0,zero,"[50,128)",offset_original,3,0.6580641608772082,0.004581478137090529,session_iteration_b_m1_old,0.5833291635391397,0.00562300505433627,trial_position,0.87635897253794,0.00038964146168755123,0.8420067422274752,0.0,m1
0.04483010812199798,0.0,zero,"[128,1000000000)",offset_original,3,0.48452630600678476,0.006924377736260109,session_iteration_b_m1_old,0.4549918630796282,0.01177904920580948,trial_position,0.04458832103352902,0.0004463931197177483,0.03596372004031278,0.0,m1
0.25000494159040143,0.0,ridge,Q1,offset_original,3,0.7007799127577794,0.002744846802721476,session_iteration_b_m1_old,0.7073503505193299,0.0015281006973310836,query_quartile,0.1970791293732558,0.0011477596700476438,0.245835786123224,0.0,m1
0.25000494159040143,0.0,ridge,Q2,offset_original,3,0.6034187080497032,0.006359530689674703,session_iteration_b_m1_old,0.5874813682359722,0.004819713808535374,query_quartile,0.28270028030092553,0.00023318188703357997,0.2501516857135609,0.0,m1
0.25000494159040143,0.0,ridge,Q3,offset_original,3,0.5548126674516961,0.0068692111159596465,session_iteration_b_m1_old,0.6193577132910003,0.004655596500603265,query_quartile,0.2617078548392204,0.0003924417327842921,0.2508980605037958,0.0,m1
0.24998517522879563,0.0,ridge,Q4,offset_original,3,0.5865035388568821,0.007768611928868802,session_iteration_b_m1_old,0.6267667402987295,0.004879237089871511,query_quartile,0.2585127354865981,0.0006290083551391692,0.2531144676594194,0.0,m1
0.07511217410211303,0.0,ridge,"[0,10)",offset_original,3,0.3691125149576198,0.0037941052595470244,session_iteration_b_m1_old,-0.14558627823351497,0.0021458671231324227,trial_position,0.01561521867565055,0.00015586871235753326,0.023683244291081696,3.469446951953614e-18,m1
0.11266826115316954,0.0,ridge,"[10,25)",offset_original,3,0.3497863006696909,0.0029235569742725735,session_iteration_b_m1_old,-0.12655065400594986,0.002670580140852851,trial_position,0.02164043576629973,0.00020567743039931393,0.036536049092856585,0.0,m1
0.18778043525528257,0.0,ridge,"[25,50)",offset_original,3,0.35345651271610623,0.0017801913526461707,session_iteration_b_m1_old,-0.007789021729296482,0.002240685816638156,trial_position,0.035580463390455314,0.00033107655036154624,0.06181024434827429,0.0,m1
0.5796090213674369,0.0,ridge,"[50,128)",offset_original,3,0.6170103523723051,0.005736962580970748,session_iteration_b_m1_old,0.5872222309653975,0.004722592411212639,trial_position,0.8847847477429309,0.0005090627091404904,0.8420067422274752,0.0,m1
0.04483010812199798,0.0,ridge,"[128,1000000000)",offset_original,3,0.5466272474856115,0.008630159429066262,session_iteration_b_m1_old,0.49174843013627473,0.008126965625844671,trial_position,0.0423791344246632,0.00028297257093413573,0.03596372004031278,0.0,m1
0.2500177116542685,0.0,zero,Q1,none,1,0.12436618964844459,0.0,session_iteration_b_m2_old,0.247450876559121,0.0,query_quartile,0.2827401011053019,0.0,0.2943648227929093,0.0,m2
0.2500177116542685,0.0,zero,Q2,none,1,0.1308196086632492,0.0,session_iteration_b_m2_old,0.225922968963587,0.0,query_quartile,0.2499041322014172,0.0,0.2530956259225901,0.0,m2
0.2500177116542685,0.0,zero,Q3,none,1,0.1573178227163788,0.0,session_iteration_b_m2_old,0.2259614534469866,0.0,query_quartile,0.21013644054989786,0.0,0.21270935872902333,0.0,m2
0.2499468650371945,0.0,zero,Q4,none,1,0.08475501919664304,0.0,session_iteration_b_m2_old,0.15942832650296934,0.0,query_quartile,0.257219326143383,0.0,0.23983019255547727,0.0,m2
0.16436415161176055,0.0,zero,"[0,10)",none,1,0.06724825918172246,0.0,session_iteration_b_m2_old,0.15399851213495352,0.0,trial_position,0.13019098367645127,0.0,0.12216793955578938,0.0,m2
0.24654622741764082,0.0,zero,"[10,25)",none,1,0.1254882396918681,0.0,session_iteration_b_m2_old,0.22634153644970467,0.0,trial_position,0.806651677696876,0.0,0.824531006353259,0.0,m2
0.41091037902940136,0.0,zero,"[25,50)",none,1,0.2669907258175407,0.0,session_iteration_b_m2_old,0.08250463498216165,0.0,trial_position,0.04161442754836449,0.0,0.03658386286855986,0.0,m2
0.1756996103436061,0.0,zero,"[50,128)",none,1,0.09695265521074645,0.0,session_iteration_b_m2_old,-0.021217825111681243,0.0,trial_position,0.021210849785468385,0.0,0.016525892796189084,0.0,m2
0.002479631597591215,0.0,zero,"[128,1000000000)",none,1,0.0825639551437814,0.0,session_iteration_b_m2_old,-0.3862371948066785,0.0,trial_position,0.00033206129283986524,0.0,0.00019129842620273287,0.0,m2
0.2500177116542685,0.0,ridge,Q1,none,1,0.18082177986536724,0.0,session_iteration_b_m2_old,0.2635746134463941,0.0,query_quartile,0.28669940234623514,0.0,0.2943648227929093,0.0,m2
0.2500177116542685,0.0,ridge,Q2,none,1,0.20621797104396405,0.0,session_iteration_b_m2_old,0.2597161491183504,0.0,query_quartile,0.24764696692907018,0.0,0.2530956259225901,0.0,m2
0.2500177116542685,0.0,ridge,Q3,none,1,0.23501507917901718,0.0,session_iteration_b_m2_old,0.2669267258079865,0.0,query_quartile,0.20622041235500022,0.0,0.21270935872902333,0.0,m2
0.2499468650371945,0.0,ridge,Q4,none,1,0.13097761867855573,0.0,session_iteration_b_m2_old,0.1818154841226819,0.0,query_quartile,0.2594332183696943,0.0,0.23983019255547727,0.0,m2
0.16436415161176055,0.0,ridge,"[0,10)",none,1,0.09927991990358538,0.0,session_iteration_b_m2_old,0.180355647423031,0.0,trial_position,0.13070154277755983,0.0,0.12216793955578938,0.0,m2
0.24654622741764082,0.0,ridge,"[10,25)",none,1,0.19165370085568495,0.0,session_iteration_b_m2_old,0.2574149500620263,0.0,trial_position,0.8022845771126212,0.0,0.824531006353259,0.0,m2
0.41091037902940136,0.0,ridge,"[25,50)",none,1,0.40636813332904165,0.0,session_iteration_b_m2_old,0.05142771299144999,0.0,trial_position,0.044581631699007584,0.0,0.03658386286855986,0.0,m2
0.1756996103436061,0.0,ridge,"[50,128)",none,1,0.11984228303143471,0.0,session_iteration_b_m2_old,-0.024683108535380027,0.0,trial_position,0.022053358641328853,0.0,0.016525892796189084,0.0,m2
0.002479631597591215,0.0,ridge,"[128,1000000000)",none,1,0.1193675286859112,0.0,session_iteration_b_m2_old,-0.5264644359151036,0.0,trial_position,0.00037888976948212373,0.0,0.00019129842620273287,0.0,m2
0.2500177116542685,0.0,zero,Q1,io,3,0.3550842115828586,0.001385907205982763,session_iteration_b_m2_old,0.33409447348059046,0.0007097465596408885,query_quartile,0.27859214885388633,0.00039165596758618183,0.2943648227929093,0.0,m2
0.2500177116542685,0.0,zero,Q2,io,3,0.41917549316485103,0.0013043116741480796,session_iteration_b_m2_old,0.311155457123882,0.0013275598764991407,query_quartile,0.24763597282284175,0.0003918564824872932,0.2530956259225901,0.0,m2
0.2500177116542685,0.0,zero,Q3,io,3,0.4901758050706868,0.0016504515381955116,session_iteration_b_m2_old,0.28665237638749513,0.0012820480622460877,query_quartile,0.21564695053873317,0.000328755630256875,0.21270935872902333,0.0,m2
0.24994686503719446,2.7755575615628914e-17,zero,Q4,io,3,0.2895502410486339,0.0014068473611880204,session_iteration_b_m2_old,0.24247408238964108,0.0006846973012641887,query_quartile,0.2581249277845387,0.00028609007595236047,0.23983019255547725,2.7755575615628914e-17,m2
0.16436415161176055,0.0,zero,"[0,10)",io,3,0.31842109939228874,0.0008064164203760463,session_iteration_b_m2_old,0.27915306042456217,0.001160772198069478,trial_position,0.12352548737623836,0.00023447290212148437,0.12216793955578938,0.0,m2
0.2465462274176408,2.7755575615628914e-17,zero,"[10,25)",io,3,0.38069843333528325,0.0012829990281007406,session_iteration_b_m2_old,0.31337915047509385,0.0003775665504984104,trial_position,0.7971815045960833,0.00021578056525175791,0.824531006353259,0.0,m2
0.41091037902940136,0.0,zero,"[25,50)",io,3,0.7606402058750438,0.003583545314515778,session_iteration_b_m2_old,-0.05501104076212434,0.0032401591313716087,trial_position,0.05328442665403707,0.00015246159607241574,0.03658386286855986,0.0,m2
0.17569961034360607,2.7755575615628914e-17,zero,"[50,128)",io,3,0.2970480853206772,0.0018834578192374093,session_iteration_b_m2_old,-0.10650439172447457,0.0036057698851757617,trial_position,0.02559152201646893,7.92546873260467e-05,0.016525892796189084,0.0,m2
0.002479631597591215,0.0,zero,"[128,1000000000)",io,3,0.2551170461450864,0.006773239640623311,session_iteration_b_m2_old,-0.5635636934363785,0.024260366870112023,trial_position,0.00041705935717231295,6.351898095002332e-06,0.00019129842620273287,0.0,m2
0.2500177116542685,0.0,ridge,Q1,io,3,0.3464567299983388,0.0008892733642091721,session_iteration_b_m2_old,0.3352058864178424,0.0010196784624075916,query_quartile,0.2789572173988452,0.0003041852164623509,0.2943648227929093,0.0,m2
0.2500177116542685,0.0,ridge,Q2,io,3,0.40668211376316427,0.0008326882925315417,session_iteration_b_m2_old,0.3129321524747802,0.0007824483591247245,query_quartile,0.2477349578892678,0.0003974828321468037,0.2530956259225901,0.0,m2
0.2500177116542685,0.0,ridge,Q3,io,3,0.47620601251627176,0.0012563507920885207,session_iteration_b_m2_old,0.2908889534798691,0.0013727663539766007,query_quartile,0.21500619607187388,0.0003633875274005904,0.21270935872902333,0.0,m2
0.24994686503719446,2.7755575615628914e-17,ridge,Q4,io,3,0.28268012003133375,0.0013953677383403403,session_iteration_b_m2_old,0.2442116747599574,0.0007367547968860111,query_quartile,0.25830162864001305,0.00024238046574574467,0.23983019255547725,2.7755575615628914e-17,m2
0.16436415161176055,0.0,ridge,"[0,10)",io,3,0.309953828848345,0.0006284059311929432,session_iteration_b_m2_old,0.2747508985150858,0.0015546601916232436,trial_position,0.12465086088822812,0.0002885377573402468,0.12216793955578938,0.0,m2
0.2465462274176408,2.7755575615628914e-17,ridge,"[10,25)",io,3,0.37036552575319465,0.0008756903396874633,session_iteration_b_m2_old,0.3162838714127438,0.0005573677384137212,trial_position,0.7961788070250941,0.0003290096199977487,0.824531006353259,0.0,m2
0.41091037902940136,0.0,ridge,"[25,50)",io,3,0.7400943062572255,0.0029259984150881613,session_iteration_b_m2_old,-0.04380782002161543,0.0018981235339574113,trial_position,0.05287606679621335,0.00012081317778451329,0.03658386286855986,0.0,m2
0.17569961034360607,2.7755575615628914e-17,ridge,"[50,128)",io,3,0.296273626935726,0.0016704545873657732,session_iteration_b_m2_old,-0.11560713373101723,0.001467969685112411,trial_position,0.025879085687287598,2.5145420469913438e-05,0.016525892796189084,0.0,m2
0.002479631597591215,0.0,ridge,"[128,1000000000)",io,3,0.24888280629368445,0.0063561222437905004,session_iteration_b_m2_old,-0.5518781078549516,0.01616707011080744,trial_position,0.00041517960317693847,4.2840232777825945e-06,0.00019129842620273287,0.0,m2
0.2500177116542685,0.0,zero,Q1,lora,3,0.3425354757977927,0.026854582533443905,session_iteration_b_m2_old,0.36356186774748994,0.004123395136866338,query_quartile,0.28127510653050963,0.0045914595585189975,0.2943648227929093,0.0,m2
0.2500177116542685,0.0,zero,Q2,lora,3,0.4214445384338628,0.03158972994285006,session_iteration_b_m2_old,0.36179397694610654,0.02025008881789844,query_quartile,0.242268835990514,0.004992681960053875,0.2530956259225901,0.0,m2
0.2500177116542685,0.0,zero,Q3,lora,3,0.48835481356648275,0.047957882191886785,session_iteration_b_m2_old,0.2777541840190712,0.013342151229620245,query_quartile,0.23059816554294765,0.0027882876150326997,0.21270935872902333,0.0,m2
0.24994686503719446,2.7755575615628914e-17,zero,Q4,lora,3,0.28433672536988785,0.018099251569714453,session_iteration_b_m2_old,0.3168272840999932,0.016092147186174497,query_quartile,0.2458578919360288,0.0044534549642820925,0.23983019255547725,2.7755575615628914e-17,m2
0.16436415161176055,0.0,zero,"[0,10)",lora,3,0.3454104544010288,0.024949915464404743,session_iteration_b_m2_old,0.3592180999787929,0.014570184098769009,trial_position,0.11597645185825783,0.002317154110220722,0.12216793955578938,0.0,m2
0.2465462274176408,2.7755575615628914e-17,zero,"[10,25)",lora,3,0.37723543477313887,0.03062384208620879,session_iteration_b_m2_old,0.3388169492959048,0.006847674991066915,trial_position,0.8107971748423889,0.0032029537293601852,0.824531006353259,0.0,m2
0.41091037902940136,0.0,zero,"[25,50)",lora,3,0.5907054209480024,0.0491428502431615,session_iteration_b_m2_old,0.11703796446932753,0.04849374724135341,trial_position,0.047077979824014383,0.002083556786760238,0.03658386286855986,0.0,m2
0.17569961034360607,2.7755575615628914e-17,zero,"[50,128)",lora,3,0.20875513776585478,0.026418871726752637,session_iteration_b_m2_old,-0.054091956959081165,0.07583944558124832,trial_position,0.025731432870792603,0.001559282390813316,0.016525892796189084,0.0,m2
0.002479631597591215,0.0,zero,"[128,1000000000)",lora,3,0.20675639605606752,0.09553294916599393,session_iteration_b_m2_old,-0.4791688027529309,0.05966183475330994,trial_position,0.00041696060454640417,2.145847279647049e-05,0.00019129842620273287,0.0,m2
0.2500177116542685,0.0,ridge,Q1,lora,3,0.33662665574499756,0.03067459430452041,session_iteration_b_m2_old,0.3674237852440809,0.0034898735405695363,query_quartile,0.2820992402402924,0.004163200823109763,0.2943648227929093,0.0,m2
0.2500177116542685,0.0,ridge,Q2,lora,3,0.4117042529271362,0.036895555086195145,session_iteration_b_m2_old,0.3680712243258393,0.018211249145396926,query_quartile,0.24207679547949254,0.004641244623908421,0.2530956259225901,0.0,m2
0.2500177116542685,0.0,ridge,Q3,lora,3,0.47807355596452217,0.052048387816221044,session_iteration_b_m2_old,0.28636080940145964,0.011874582563695281,query_quartile,0.2299221489017663,0.0025719938733116876,0.21270935872902333,0.0,m2
0.24994686503719446,2.7755575615628914e-17,ridge,Q4,lora,3,0.2753327320018242,0.019503953574572387,session_iteration_b_m2_old,0.32287705008995365,0.014039619719169158,query_quartile,0.24590181537844877,0.004185869941043059,0.23983019255547725,2.7755575615628914e-17,m2
0.16436415161176055,0.0,ridge,"[0,10)",lora,3,0.333671354898959,0.030139571454132603,session_iteration_b_m2_old,0.3575109147258793,0.015263159669200131,trial_position,0.11733439904689387,0.0021836645998905163,0.12216793955578938,0.0,m2
0.2465462274176408,2.7755575615628914e-17,ridge,"[10,25)",lora,3,0.36968230065644575,0.034022966892433164,session_iteration_b_m2_old,0.34607504609994066,0.005037367012335419,trial_position,0.8091916884161674,0.003438511260097425,0.824531006353259,0.0,m2
0.41091037902940136,0.0,ridge,"[25,50)",lora,3,0.5721924201592965,0.04803984419901566,session_iteration_b_m2_old,0.12434535999757461,0.04152153268894356,trial_position,0.04711969252468962,0.0018311765749595588,0.03658386286855986,0.0,m2
0.17569961034360607,2.7755575615628914e-17,ridge,"[50,128)",lora,3,0.20233007865297872,0.023025320428817213,session_iteration_b_m2_old,-0.05310461711108209,0.07100992829377586,trial_position,0.02594345589487414,0.0014817345580842615,0.016525892796189084,0.0,m2
0.002479631597591215,0.0,ridge,"[128,1000000000)",lora,3,0.19509343861749218,0.08576038963525637,session_iteration_b_m2_old,-0.44386388596129844,0.07990566021194975,trial_position,0.00041076411737482913,2.727403614131536e-05,0.00019129842620273287,0.0,m2
0.2500177116542685,0.0,zero,Q1,affine_lora,3,0.39750121054709026,0.04911269809476048,session_iteration_b_m2_old,0.3542271127609986,0.02124539899807238,query_quartile,0.27751262201645216,0.005589184034332732,0.2943648227929093,0.0,m2
0.2500177116542685,0.0,zero,Q2,affine_lora,3,0.4895594628036916,0.05671080306604776,session_iteration_b_m2_old,0.34176162978106445,0.039831678355438764,query_quartile,0.2427593188201934,0.00562587473261624,0.2530956259225901,0.0,m2
0.2500177116542685,0.0,zero,Q3,affine_lora,3,0.5548172241606553,0.09274287764549179,session_iteration_b_m2_old,0.2399572615113262,0.03944160225458332,query_quartile,0.23577390902639717,0.0023416193081199285,0.21270935872902333,0.0,m2
0.24994686503719446,2.7755575615628914e-17,zero,Q4,affine_lora,3,0.3224855116247873,0.045659669211775375,session_iteration_b_m2_old,0.302910097562744,0.022516863450511963,query_quartile,0.24395415013695732,0.0025202902514178806,0.23983019255547725,2.7755575615628914e-17,m2
0.16436415161176055,0.0,zero,"[0,10)",affine_lora,3,0.3771459430107172,0.03759001578209251,session_iteration_b_m2_old,0.35698004090819885,0.034074345894260116,trial_position,0.11306615903394741,0.001253800280304837,0.12216793955578938,0.0,m2
0.2465462274176408,2.7755575615628914e-17,zero,"[10,25)",affine_lora,3,0.43801003474487965,0.061606138735662994,session_iteration_b_m2_old,0.31955397448726497,0.02498306760334644,trial_position,0.811217847190469,0.004740463698777956,0.824531006353259,0.0,m2
0.41091037902940136,0.0,zero,"[25,50)",affine_lora,3,0.6481460905046114,0.10221170701447956,session_iteration_b_m2_old,0.04558269181906682,0.08395933492184997,trial_position,0.049393984232860476,0.002459869238490761,0.03658386286855986,0.0,m2
0.17569961034360607,2.7755575615628914e-17,zero,"[50,128)",affine_lora,3,0.2128237203176465,0.02570031804631992,session_iteration_b_m2_old,-0.09488104040530891,0.09634961493815125,trial_position,0.025944983290411044,0.0012372729125730228,0.016525892796189084,0.0,m2
0.002479631597591215,0.0,zero,"[128,1000000000)",affine_lora,3,0.08818577731796813,0.023592646770744997,session_iteration_b_m2_old,-0.38423947819288284,0.22759212870449888,trial_position,0.0003770262523120586,4.7805641963491555e-05,0.00019129842620273287,0.0,m2
0.2500177116542685,0.0,ridge,Q1,affine_lora,3,0.38776694557048047,0.04765187101490141,session_iteration_b_m2_old,0.35816053979513374,0.019666893761977885,query_quartile,0.2784904436656848,0.005364890386260739,0.2943648227929093,0.0,m2
0.2500177116542685,0.0,ridge,Q2,affine_lora,3,0.47591322847238127,0.05499812736264103,session_iteration_b_m2_old,0.3495835030650814,0.03645105006568213,query_quartile,0.242243500465009,0.005420933431967919,0.2530956259225901,0.0,m2
0.2500177116542685,0.0,ridge,Q3,affine_lora,3,0.5412320519100464,0.09132578536159154,session_iteration_b_m2_old,0.24942596380546844,0.035989645277638704,query_quartile,0.235123744640207,0.0022857762934695596,0.21270935872902333,0.0,m2
0.24994686503719446,2.7755575615628914e-17,ridge,Q4,affine_lora,3,0.30992341437076965,0.04307993281776688,session_iteration_b_m2_old,0.3091069615706563,0.01951282614753128,query_quartile,0.2441423112290991,0.0025848776532399155,0.23983019255547725,2.7755575615628914e-17,m2
0.16436415161176055,0.0,ridge,"[0,10)",affine_lora,3,0.3628344782161916,0.036308399246202265,session_iteration_b_m2_old,0.35471339733052054,0.03660694661294185,trial_position,0.1145452262916332,0.0021609959284003993,0.12216793955578938,0.0,m2
0.2465462274176408,2.7755575615628914e-17,ridge,"[10,25)",affine_lora,3,0.42657992016281937,0.05970257476139428,session_iteration_b_m2_old,0.3272371561699718,0.021714743962859884,trial_position,0.8099026888278217,0.00524611211638969,0.824531006353259,0.0,m2
0.41091037902940136,0.0,ridge,"[25,50)",affine_lora,3,0.62683102345267,0.09717259038091365,session_iteration_b_m2_old,0.05996503890496977,0.07432452926206297,trial_position,0.04914572720545102,0.0022286739762567764,0.03658386286855986,0.0,m2
0.17569961034360607,2.7755575615628914e-17,ridge,"[50,128)",affine_lora,3,0.2056163941774668,0.025057055673216762,session_iteration_b_m2_old,-0.08791339623650052,0.09070415169111096,trial_position,0.026037592765653334,0.0012130212862894137,0.016525892796189084,0.0,m2
0.002479631597591215,0.0,ridge,"[128,1000000000)",affine_lora,3,0.08433841455224901,0.02202989200960175,session_iteration_b_m2_old,-0.33907940267329856,0.18871657884366566,trial_position,0.0003687649094406952,3.9058463559589766e-05,0.00019129842620273287,0.0,m2
0.2500177116542685,0.0,zero,Q1,offset_original,3,0.45552981870546727,0.03505861474573811,session_iteration_b_m2_old,0.3129248260577346,0.007243888568511479,query_quartile,0.27557298981051054,0.0011950010087447551,0.2943648227929093,0.0,m2
0.2500177116542685,0.0,zero,Q2,offset_original,3,0.5158237288001338,0.03583280380782179,session_iteration_b_m2_old,0.268270042520859,0.024540074905494744,query_quartile,0.2520996115748585,0.0048276987840423675,0.2530956259225901,0.0,m2
0.2500177116542685,0.0,zero,Q3,offset_original,3,0.6336310298241555,0.033812096033635795,session_iteration_b_m2_old,0.22048735554382692,0.007460980674393082,query_quartile,0.2259477059761408,0.0039343783177338346,0.21270935872902333,0.0,m2
0.24994686503719446,2.7755575615628914e-17,zero,Q4,offset_original,3,0.39692330509145407,0.01614754520004232,session_iteration_b_m2_old,0.245748563111123,0.010770261667727002,query_quartile,0.2463796926384901,0.0011069336487208581,0.23983019255547725,2.7755575615628914e-17,m2
0.16436415161176055,0.0,zero,"[0,10)",offset_original,3,0.5120644243871403,0.048320999769205605,session_iteration_b_m2_old,0.2984388961128766,0.011226514901123181,trial_position,0.11524565581275753,0.0005625139256302062,0.12216793955578938,0.0,m2
0.2465462274176408,2.7755575615628914e-17,zero,"[10,25)",offset_original,3,0.47729016839153476,0.02728389377520842,session_iteration_b_m2_old,0.2771472146796367,0.010599940630563468,trial_position,0.8045274149643017,0.0018716417515434848,0.824531006353259,0.0,m2
0.41091037902940136,0.0,zero,"[25,50)",offset_original,3,0.7967279825825272,0.034886824450847134,session_iteration_b_m2_old,-0.11617091079872803,0.028716780979837642,trial_position,0.054036084049202786,0.00087550888458686,0.03658386286855986,0.0,m2
0.17569961034360607,2.7755575615628914e-17,zero,"[50,128)",offset_original,3,0.29286905467198104,0.025110681922382295,session_iteration_b_m2_old,-0.15523821017559233,0.022713049429138557,trial_position,0.02561610498431302,0.0005049096058676103,0.016525892796189084,0.0,m2
0.002479631597591215,0.0,zero,"[128,1000000000)",offset_original,3,0.28249242117558127,0.051550821282935165,session_iteration_b_m2_old,-1.2480149229027087,0.12055207450858951,trial_position,0.0005747401894249425,2.7811493877930358e-05,0.00019129842620273287,0.0,m2
0.2500177116542685,0.0,ridge,Q1,offset_original,3,0.46587048030190564,0.009479436217908302,session_iteration_b_m2_old,0.3153874240117976,0.0023533692228107244,query_quartile,0.2755666712890568,7.18961055712499e-05,0.2943648227929093,0.0,m2
0.2500177116542685,0.0,ridge,Q2,offset_original,3,0.528238861511927,0.005935268074469193,session_iteration_b_m2_old,0.27183586224985407,0.015417394600671036,query_quartile,0.2518393732114409,0.004549609000042885,0.2530956259225901,0.0,m2
0.2500177116542685,0.0,ridge,Q3,offset_original,3,0.649407082102963,0.007786529283572191,session_iteration_b_m2_old,0.22249915477981755,0.017029795396548288,query_quartile,0.22615399733100508,0.005685411322772157,0.21270935872902333,0.0,m2
0.24994686503719446,2.7755575615628914e-17,ridge,Q4,offset_original,3,0.4008632433276825,0.009991159674817066,session_iteration_b_m2_old,0.2482728217369884,0.006343201109484229,query_quartile,0.24643995816849726,0.001258853917493106,0.23983019255547725,2.7755575615628914e-17,m2
0.16436415161176055,0.0,ridge,"[0,10)",offset_original,3,0.5206985322854895,0.021696154160844774,session_iteration_b_m2_old,0.2955926170377203,0.0074248698749616385,trial_position,0.11613220300185538,0.0008369745666941478,0.12216793955578938,0.0,m2
0.2465462274176408,2.7755575615628914e-17,ridge,"[10,25)",offset_original,3,0.48747407858251074,0.00387691071766346,session_iteration_b_m2_old,0.28075493642935356,0.002394881294228626,trial_position,0.8034232203785959,0.0019865107376253414,0.824531006353259,0.0,m2
0.41091037902940136,0.0,ridge,"[25,50)",offset_original,3,0.8130636545445604,0.01856199909871404,session_iteration_b_m2_old,-0.109308528136343,0.024552506511658863,trial_position,0.05390458218593084,0.0012017237229519568,0.03658386286855986,0.0,m2
0.17569961034360607,2.7755575615628914e-17,ridge,"[50,128)",offset_original,3,0.2977670561078189,0.04630122077277333,session_iteration_b_m2_old,-0.16722637059705062,0.024776118401892918,trial_position,0.025972964826189552,0.0005365248483604523,0.016525892796189084,0.0,m2
0.002479631597591215,0.0,ridge,"[128,1000000000)",offset_original,3,0.2697968694208354,0.036589449316690406,session_iteration_b_m2_old,-1.2096211327018582,0.10562773871748951,trial_position,0.000567029607428269,2.638700279035205e-05,0.00019129842620273287,0.0,m2
0.25000494159040143,0.0,zero,Q1,none,1,1.0859741054953227,0.0,session_iteration_b_m1_small,0.6937863113626319,0.0,query_quartile,0.24445761150635417,0.0,0.245835786123224,0.0,m1
0.25000494159040143,0.0,zero,Q2,none,1,1.043098489496468,0.0,session_iteration_b_m1_small,0.67321150350536,0.0,query_quartile,0.26550137988414374,0.0,0.2501516857135609,0.0,m1
0.25000494159040143,0.0,zero,Q3,none,1,0.998050652730216,0.0,session_iteration_b_m1_small,0.6952622249893579,0.0,query_quartile,0.2483967520859803,0.0,0.2508980605037958,0.0,m1
0.24998517522879563,0.0,zero,Q4,none,1,1.0651839451032172,0.0,session_iteration_b_m1_small,0.705726472447745,0.0,query_quartile,0.24164425652352187,0.0,0.2531144676594194,0.0,m1
0.07511217410211303,0.0,zero,"[0,10)",none,1,0.29583821800711296,0.0,session_iteration_b_m1_small,0.1355519289172794,0.0,trial_position,0.013967740438380808,0.0,0.0236832442910817,0.0,m1
0.11266826115316954,0.0,zero,"[10,25)",none,1,0.295286116095228,0.0,session_iteration_b_m1_small,0.17786027623001155,0.0,trial_position,0.018721056706669063,0.0,0.036536049092856585,0.0,m1
0.18778043525528257,0.0,zero,"[25,50)",none,1,0.31391718079402303,0.0,session_iteration_b_m1_small,0.21366507799690537,0.0,trial_position,0.03290937599557959,0.0,0.06181024434827429,0.0,m1
0.5796090213674369,0.0,zero,"[50,128)",none,1,1.049866718631404,0.0,session_iteration_b_m1_small,0.6497914155850362,0.0,trial_position,0.88994736390535,0.0,0.8420067422274752,0.0,m1
0.04483010812199798,0.0,zero,"[128,1000000000)",none,1,0.7542234531562978,0.0,session_iteration_b_m1_small,0.550315435880613,0.0,trial_position,0.04445446295402071,0.0,0.03596372004031278,0.0,m1
0.25000494159040143,0.0,ridge,Q1,none,1,0.7719602582503097,0.0,session_iteration_b_m1_small,0.7344162744179793,0.0,query_quartile,0.23505433785412602,0.0,0.245835786123224,0.0,m1
0.25000494159040143,0.0,ridge,Q2,none,1,0.740724004324288,0.0,session_iteration_b_m1_small,0.7078370003145127,0.0,query_quartile,0.2631558843477538,0.0,0.2501516857135609,0.0,m1
0.25000494159040143,0.0,ridge,Q3,none,1,0.7206028527410473,0.0,session_iteration_b_m1_small,0.7171368904703717,0.0,query_quartile,0.255613496078232,0.0,0.2508980605037958,0.0,m1
0.24998517522879563,0.0,ridge,Q4,none,1,0.7712437992577206,0.0,session_iteration_b_m1_small,0.7295835684273684,0.0,query_quartile,0.24617628171988767,0.0,0.2531144676594194,0.0,m1
0.07511217410211303,0.0,ridge,"[0,10)",none,1,0.36771763655157036,0.0,session_iteration_b_m1_small,0.06622410151511149,0.0,trial_position,0.016726988374103587,0.0,0.0236832442910817,0.0,m1
0.11266826115316954,0.0,ridge,"[10,25)",none,1,0.3599897608531493,0.0,session_iteration_b_m1_small,0.058643596200913195,0.0,trial_position,0.023764389164820102,0.0,0.036536049092856585,0.0,m1
0.18778043525528257,0.0,ridge,"[25,50)",none,1,0.37070600220858874,0.0,session_iteration_b_m1_small,0.051266403054672005,0.0,trial_position,0.044019409526619986,0.0,0.06181024434827429,0.0,m1
0.5796090213674369,0.0,ridge,"[50,128)",none,1,0.7464421453893283,0.0,session_iteration_b_m1_small,0.6913721419218222,0.0,trial_position,0.8694818219296939,0.0,0.8420067422274752,0.0,m1
0.04483010812199798,0.0,ridge,"[128,1000000000)",none,1,0.7251956031298812,0.0,session_iteration_b_m1_small,0.5802097284763672,0.0,trial_position,0.046007391004761665,0.0,0.03596372004031278,0.0,m1
0.25000494159040143,0.0,zero,Q1,io,3,0.8994682914754634,0.005067088529944683,session_iteration_b_m1_small,0.7417614509004604,0.0006918289852910925,query_quartile,0.22713706778367526,0.0001912114362990948,0.245835786123224,0.0,m1
0.25000494159040143,0.0,zero,Q2,io,3,0.8704955397098545,0.004999601506638887,session_iteration_b_m1_small,0.6998270987022917,0.0011062115177683338,query_quartile,0.26869406778110516,0.00021226271314073349,0.2501516857135609,0.0,m1
0.25000494159040143,0.0,zero,Q3,io,3,0.8271581966219301,0.005262816917424209,session_iteration_b_m1_small,0.7185754170999147,0.001395133305388498,query_quartile,0.25273545085576016,0.0003662836021175462,0.2508980605037958,0.0,m1
0.24998517522879563,0.0,zero,Q4,io,3,0.8917730461321419,0.00525111072973609,session_iteration_b_m1_small,0.7220864123607688,0.0007702540172142951,query_quartile,0.2514334135794596,0.00024973660338683206,0.2531144676594194,0.0,m1
0.07511217410211303,0.0,zero,"[0,10)",io,3,0.3725093600097882,0.004363312729927997,session_iteration_b_m1_small,0.07414121094595032,0.007753032221421785,trial_position,0.01648234731408924,0.00012739238429564158,0.023683244291081696,3.469446951953614e-18,m1
0.11266826115316954,0.0,zero,"[10,25)",io,3,0.3704685963935283,0.004460177865008403,session_iteration_b_m1_small,0.07596712852612568,0.008981163539637928,trial_position,0.02318234164831723,0.00020128375920747485,0.036536049092856585,0.0,m1
0.18778043525528257,0.0,zero,"[25,50)",io,3,0.38674900757911956,0.004107703582879141,session_iteration_b_m1_small,0.07103079255121052,0.010756281701179492,trial_position,0.042834777883228314,0.0004404543203006981,0.06181024434827429,0.0,m1
0.5796090213674369,0.0,zero,"[50,128)",io,3,0.882018804237097,0.00418309151881406,session_iteration_b_m1_small,0.6890556437469858,0.0011361664973665263,trial_position,0.8705762883034103,0.0006858569277861803,0.8420067422274752,0.0,m1
0.04483010812199798,0.0,zero,"[128,1000000000)",io,3,0.7803861929984631,0.008640270857687888,session_iteration_b_m1_small,0.5691782863584617,0.0006628789124225106,trial_position,0.046924244850955504,0.00018710788071275383,0.03596372004031278,0.0,m1
0.25000494159040143,0.0,ridge,Q1,io,3,0.801913930203679,0.0006852160331690129,session_iteration_b_m1_small,0.7475072799688484,0.0004188567730533048,query_quartile,0.2271408457239947,0.00031475327409259354,0.245835786123224,0.0,m1
0.25000494159040143,0.0,ridge,Q2,io,3,0.770932625962315,0.0008612296608044616,session_iteration_b_m1_small,0.7117428090158168,0.0011157593250825872,query_quartile,0.263903302463344,0.0003140155077866107,0.2501516857135609,0.0,m1
0.25000494159040143,0.0,ridge,Q3,io,3,0.7420495298082536,0.0016835821805793667,session_iteration_b_m1_small,0.7190092357772527,0.0010934312519432737,query_quartile,0.2580931260574932,0.00037518666922705274,0.2508980605037958,0.0,m1
0.24998517522879563,0.0,ridge,Q4,io,3,0.7959537505962687,0.0016168070814819768,session_iteration_b_m1_small,0.7288913627169459,0.00038903835453652245,query_quartile,0.2508627257551684,0.00031967889522236715,0.2531144676594194,0.0,m1
0.07511217410211303,0.0,ridge,"[0,10)",io,3,0.4079204057507595,0.003321077755836038,session_iteration_b_m1_small,0.08432032615889444,0.002009384894463222,trial_position,0.01667240008963601,3.10915063865613e-05,0.023683244291081696,3.469446951953614e-18,m1
0.11266826115316954,0.0,ridge,"[10,25)",io,3,0.4016708336769665,0.0036771003963755313,session_iteration_b_m1_small,0.08876228483233554,0.0016696055036061433,trial_position,0.023382115733255493,3.644807853520059e-05,0.036536049092856585,0.0,m1
0.18778043525528257,0.0,ridge,"[25,50)",io,3,0.4102981975012925,0.0038152480030571342,session_iteration_b_m1_small,0.08622180513131694,0.002578620834587178,trial_position,0.0430943002131354,9.680694250201767e-05,0.06181024434827429,0.0,m1
0.5796090213674369,0.0,ridge,"[50,128)",io,3,0.7751270040132056,0.0009666194693252725,session_iteration_b_m1_small,0.696302294837999,0.000883381445465543,trial_position,0.8696506372336358,0.00023491114369908272,0.8420067422274752,0.0,m1
0.04483010812199798,0.0,ridge,"[128,1000000000)",io,3,0.7413127918677466,0.0009260486866505884,session_iteration_b_m1_small,0.576287768754363,0.00019382801121233675,trial_position,0.04720054673033775,0.00010574660227919832,0.03596372004031278,0.0,m1
0.25000494159040143,0.0,zero,Q1,lora,3,0.8818090093862603,0.001675985095794628,session_iteration_b_m1_small,0.7492446813248185,0.00113931861545625,query_quartile,0.2222982291573999,0.0008710019920405931,0.245835786123224,0.0,m1
0.25000494159040143,0.0,zero,Q2,lora,3,0.8638933861760371,0.002861813635213978,session_iteration_b_m1_small,0.7004582777999087,0.001542165064234413,query_quartile,0.2702465690973004,0.00043981124885077914,0.2501516857135609,0.0,m1
0.25000494159040143,0.0,zero,Q3,lora,3,0.8170535961954322,0.0038813010126729497,session_iteration_b_m1_small,0.7181626547401159,0.0020175555415380855,query_quartile,0.2551027668678898,0.0001999674826015779,0.2508980605037958,0.0,m1
0.24998517522879563,0.0,zero,Q4,lora,3,0.8839755920496555,0.006981125740127046,session_iteration_b_m1_small,0.7232474938066503,0.0027822596143479822,query_quartile,0.2523524348774098,0.0011714649216663642,0.2531144676594194,0.0,m1
0.07511217410211303,0.0,zero,"[0,10)",lora,3,0.3402681170678569,0.006676665638090487,session_iteration_b_m1_small,0.08251986920341066,0.003340205347274882,trial_position,0.016462324592335705,5.118504254977819e-05,0.023683244291081696,3.469446951953614e-18,m1
0.11266826115316954,0.0,zero,"[10,25)",lora,3,0.33996424853181056,0.006177227534647749,session_iteration_b_m1_small,0.08498607726832112,0.004938493736390687,trial_position,0.023137391356206197,2.5766022383605854e-05,0.036536049092856585,0.0,m1
0.18778043525528257,0.0,zero,"[25,50)",lora,3,0.3615989715639733,0.007129658568580455,session_iteration_b_m1_small,0.08646297139502619,0.004670302849694419,trial_position,0.042456371122510606,0.00013721578049184189,0.06181024434827429,0.0,m1
0.5796090213674369,0.0,zero,"[50,128)",lora,3,0.867719540466004,0.004115266969538822,session_iteration_b_m1_small,0.6914439240730746,0.002217569811387868,trial_position,0.8707000553511756,0.0007170891891702877,0.8420067422274752,0.0,m1
0.04483010812199798,0.0,zero,"[128,1000000000)",lora,3,0.7454437117068696,0.007568554793414796,session_iteration_b_m1_small,0.5696651373672633,0.0033523524666900103,trial_position,0.04724385757777205,0.0006124022628204345,0.03596372004031278,0.0,m1
0.25000494159040143,0.0,ridge,Q1,lora,3,0.7891931656201879,0.0014998308002247907,session_iteration_b_m1_small,0.7443245281718008,0.0007286604774050722,query_quartile,0.22589440206623565,0.0007081218034580356,0.245835786123224,0.0,m1
0.25000494159040143,0.0,ridge,Q2,lora,3,0.7682994194733367,0.002917714507122032,session_iteration_b_m1_small,0.7050359924860258,0.0014259245432766713,query_quartile,0.2652168731236517,0.00018520780534159805,0.2501516857135609,0.0,m1
0.25000494159040143,0.0,ridge,Q3,lora,3,0.7377048504304544,0.0038929167315001996,session_iteration_b_m1_small,0.7137762419716417,0.001501101883902893,query_quartile,0.258200178579919,0.0002032339028910253,0.2508980605037958,0.0,m1
0.24998517522879563,0.0,ridge,Q4,lora,3,0.7908176108421627,0.005917028492389556,session_iteration_b_m1_small,0.7241409194483021,0.0025714520098432266,query_quartile,0.25068854623019393,0.00104424632493731,0.2531144676594194,0.0,m1
0.07511217410211303,0.0,ridge,"[0,10)",lora,3,0.4096398431516601,0.004771439019280771,session_iteration_b_m1_small,0.08608623513533853,0.001875785079509909,trial_position,0.016342983591587774,5.787448424018148e-05,0.023683244291081696,3.469446951953614e-18,m1
0.11266826115316954,0.0,ridge,"[10,25)",lora,3,0.403080942084635,0.0031519808628261516,session_iteration_b_m1_small,0.0899339668382471,0.003242703412614405,trial_position,0.02293468404350355,4.447356261449912e-05,0.036536049092856585,0.0,m1
0.18778043525528257,0.0,ridge,"[25,50)",lora,3,0.4184356732645685,0.005320471895676513,session_iteration_b_m1_small,0.08991054878225158,0.003604712772142405,trial_position,0.042153455773513815,0.00016572494425358384,0.06181024434827429,0.0,m1
0.5796090213674369,0.0,ridge,"[50,128)",lora,3,0.7699861437250264,0.004108239654833308,session_iteration_b_m1_small,0.6897449529421987,0.001843270474202463,trial_position,0.8725409950555897,0.00040964958377029127,0.8420067422274752,0.0,m1
0.04483010812199798,0.0,ridge,"[128,1000000000)",lora,3,0.7392744766859773,0.003217246121231098,session_iteration_b_m1_small,0.5792987965059696,0.0006723613561790666,trial_position,0.04602788153580567,0.00018019320600316067,0.03596372004031278,0.0,m1
0.25000494159040143,0.0,zero,Q1,affine_lora,3,0.8798669465450019,0.0015468264614826365,session_iteration_b_m1_small,0.7498615724067402,0.0011226556667677328,query_quartile,0.2213984548939155,0.0008127863096871559,0.245835786123224,0.0,m1
0.25000494159040143,0.0,zero,Q2,affine_lora,3,0.8619498452527626,0.002950609342756532,session_iteration_b_m1_small,0.6996711022476374,0.0016362655128694524,query_quartile,0.27052528860436104,0.00042128633990861747,0.2501516857135609,0.0,m1
0.25000494159040143,0.0,zero,Q3,affine_lora,3,0.8140474966786367,0.0039936920590951525,session_iteration_b_m1_small,0.7172068372053451,0.00204922487630875,query_quartile,0.25556054916077203,0.00014154607869463595,0.2508980605037958,0.0,m1
0.24998517522879563,0.0,zero,Q4,affine_lora,3,0.8824741322244022,0.007044928164265097,session_iteration_b_m1_small,0.7226257702727605,0.0029144708854338293,query_quartile,0.2525157073409511,0.0011431190473909834,0.2531144676594194,0.0,m1
0.07511217410211303,0.0,zero,"[0,10)",affine_lora,3,0.342777937245834,0.00690691478227633,session_iteration_b_m1_small,0.08047038896576582,0.0041616207649259355,trial_position,0.016472785754504764,4.84930487384295e-05,0.023683244291081696,3.469446951953614e-18,m1
0.11266826115316954,0.0,zero,"[10,25)",affine_lora,3,0.3427571366365563,0.006282479954579253,session_iteration_b_m1_small,0.08335588324964727,0.005886847397275301,trial_position,0.02314160416385057,2.6901054486321585e-05,0.036536049092856585,0.0,m1
0.18778043525528257,0.0,zero,"[25,50)",affine_lora,3,0.36464781353770276,0.0074309541566668375,session_iteration_b_m1_small,0.08503125732037072,0.005567727001363736,trial_position,0.04245507021974546,0.00014669746644982762,0.06181024434827429,0.0,m1
0.5796090213674369,0.0,zero,"[50,128)",affine_lora,3,0.8652366537902587,0.004229466820484488,session_iteration_b_m1_small,0.6909668364884195,0.0023119428275251187,trial_position,0.870657250589251,0.0006825047506687167,0.8420067422274752,0.0,m1
0.04483010812199798,0.0,zero,"[128,1000000000)",affine_lora,3,0.7470814887648545,0.007834927287373434,session_iteration_b_m1_small,0.568712514258651,0.003364235467516545,trial_position,0.04727328927264793,0.000625836299713281,0.03596372004031278,0.0,m1
0.25000494159040143,0.0,ridge,Q1,affine_lora,3,0.7873375776960744,0.0012967489620692766,session_iteration_b_m1_small,0.7448500417365294,0.0007787922244098034,query_quartile,0.22509366134034048,0.0007043037333474609,0.245835786123224,0.0,m1
0.25000494159040143,0.0,ridge,Q2,affine_lora,3,0.7662104442036881,0.0029533895849322206,session_iteration_b_m1_small,0.7042821260422243,0.0015845044176489855,query_quartile,0.2654973158919759,0.00015368921152057288,0.2501516857135609,0.0,m1
0.25000494159040143,0.0,ridge,Q3,affine_lora,3,0.7346982363744722,0.003916331561212406,session_iteration_b_m1_small,0.7128396374867227,0.0015959224453416473,query_quartile,0.25865820557352287,0.00021485139382875314,0.2508980605037958,0.0,m1
0.24998517522879563,0.0,ridge,Q4,affine_lora,3,0.7888573899485566,0.005812413797247916,session_iteration_b_m1_small,0.7236589472382188,0.0026914623262885478,query_quartile,0.2507508171941608,0.00102301623669874,0.2531144676594194,0.0,m1
0.07511217410211303,0.0,ridge,"[0,10)",affine_lora,3,0.41023149566761896,0.005022640051045991,session_iteration_b_m1_small,0.08607537825696461,0.0024580535086588494,trial_position,0.016318756222559752,5.314744679438104e-05,0.023683244291081696,3.469446951953614e-18,m1
0.11266826115316954,0.0,ridge,"[10,25)",affine_lora,3,0.4040385150983297,0.0032886557713803165,session_iteration_b_m1_small,0.09088973214230549,0.0040050152730631665,trial_position,0.02287632745571448,3.575169314784582e-05,0.036536049092856585,0.0,m1
0.18778043525528257,0.0,ridge,"[25,50)",affine_lora,3,0.4196387953181297,0.0053803405187110845,session_iteration_b_m1_small,0.09195186219119851,0.00412749664632612,trial_position,0.041996044778548576,0.00016163574551997099,0.06181024434827429,0.0,m1
0.5796090213674369,0.0,ridge,"[50,128)",affine_lora,3,0.7676678154369002,0.004126550278160928,session_iteration_b_m1_small,0.6891972552826188,0.0019768896261569196,trial_position,0.8727750800442955,0.00041309990946662164,0.8420067422274752,0.0,m1
0.04483010812199798,0.0,ridge,"[128,1000000000)",affine_lora,3,0.7384577504437865,0.002661328352148451,session_iteration_b_m1_small,0.5786171558244012,0.0006230365683096683,trial_position,0.046033791498881906,0.00020448022167319227,0.03596372004031278,0.0,m1
0.25000494159040143,0.0,zero,Q1,offset_original,3,0.8595752777979588,0.0027144671877323227,session_iteration_b_m1_small,0.7425322939767592,0.0001851144819169203,query_quartile,0.2236261394072491,0.0006733020841897547,0.245835786123224,0.0,m1
0.25000494159040143,0.0,zero,Q2,offset_original,3,0.8299165969129079,0.002848576321312099,session_iteration_b_m1_small,0.6887677503007548,0.0010339068348594964,query_quartile,0.27510676524690064,0.0001569845996853068,0.2501516857135609,0.0,m1
0.25000494159040143,0.0,zero,Q3,offset_original,3,0.7890047070138845,0.003927884636899122,session_iteration_b_m1_small,0.711978797277855,0.0014771141628800505,query_quartile,0.25542181376763556,0.0004386423866703858,0.2508980605037958,0.0,m1
0.24998517522879563,0.0,zero,Q4,offset_original,3,0.8643731463271527,0.003459140271453869,session_iteration_b_m1_small,0.7248165002899869,0.001344417231611619,query_quartile,0.24584528157821475,0.00033949337067257495,0.2531144676594194,0.0,m1
0.07511217410211303,0.0,zero,"[0,10)",offset_original,3,0.363440806397128,0.00663180318816009,session_iteration_b_m1_small,0.08994014616187045,0.0007696152874096359,trial_position,0.01599844143401084,4.403312782200687e-05,0.023683244291081696,3.469446951953614e-18,m1
0.11266826115316954,0.0,zero,"[10,25)",offset_original,3,0.3541133316559027,0.006367195832670736,session_iteration_b_m1_small,0.10727187979603177,0.004210817124610556,trial_position,0.022116616693011976,3.678135887079797e-05,0.036536049092856585,0.0,m1
0.18778043525528257,0.0,zero,"[25,50)",offset_original,3,0.37216456865032876,0.009483178941896672,session_iteration_b_m1_small,0.11904404770325201,0.0043774650714552225,trial_position,0.040112582345339466,7.332241455140136e-05,0.06181024434827429,0.0,m1
0.5796090213674369,0.0,zero,"[50,128)",offset_original,3,0.842774873450229,0.0023626020591858187,session_iteration_b_m1_small,0.6845048481492473,0.001106405263631919,trial_position,0.8722611598579183,4.126053272370868e-05,0.8420067422274752,0.0,m1
0.04483010812199798,0.0,zero,"[128,1000000000)",offset_original,3,0.7750993484335894,0.003823869883209129,session_iteration_b_m1_small,0.5396593754527077,0.001545563362467442,trial_position,0.04951119966971951,5.0371492850970345e-05,0.03596372004031278,0.0,m1
0.25000494159040143,0.0,ridge,Q1,offset_original,3,0.7709009550401423,0.0014320431450294262,session_iteration_b_m1_small,0.7420936371119563,0.00036901085766768293,query_quartile,0.22465215000545902,0.00039650934763302113,0.245835786123224,0.0,m1
0.25000494159040143,0.0,ridge,Q2,offset_original,3,0.7444807054688211,0.0018150633189735407,session_iteration_b_m1_small,0.6954766003449032,0.0008013802310258115,query_quartile,0.2699533446938185,0.00025812167233488535,0.2501516857135609,0.0,m1
0.25000494159040143,0.0,ridge,Q3,offset_original,3,0.7128886374954373,0.0022210251837888,session_iteration_b_m1_small,0.7107639327159928,0.0009779119555042783,query_quartile,0.25724027137752953,0.0001209082817784143,0.2508980605037958,0.0,m1
0.24998517522879563,0.0,ridge,Q4,offset_original,3,0.7784376377706052,0.002284983670511503,session_iteration_b_m1_small,0.7230311706321659,0.0012353544904770992,query_quartile,0.24815423392319302,0.0003805812800428483,0.2531144676594194,0.0,m1
0.07511217410211303,0.0,ridge,"[0,10)",offset_original,3,0.395285967830342,0.00510023027372708,session_iteration_b_m1_small,0.11290345549687512,0.0027035012157603506,trial_position,0.01563964232370201,3.9243541669291855e-05,0.023683244291081696,3.469446951953614e-18,m1
0.11266826115316954,0.0,ridge,"[10,25)",offset_original,3,0.3873161517779575,0.004525841111993096,session_iteration_b_m1_small,0.13384056164208835,0.005280950299364931,trial_position,0.0215202279650361,8.049632222200522e-05,0.036536049092856585,0.0,m1
0.18778043525528257,0.0,ridge,"[25,50)",offset_original,3,0.40776261338543834,0.004269280664353754,session_iteration_b_m1_small,0.14686644236882881,0.005477706831635646,trial_position,0.03895765754467784,0.00015297819052741355,0.06181024434827429,0.0,m1
0.5796090213674369,0.0,ridge,"[50,128)",offset_original,3,0.7545884380800945,0.0015075980148094204,session_iteration_b_m1_small,0.6838699148776892,0.0009270540692801189,trial_position,0.8765381540497107,0.00013250107640224652,0.8420067422274752,0.0,m1
0.04483010812199798,0.0,ridge,"[128,1000000000)",offset_original,3,0.7418693626864976,0.002256112069429938,session_iteration_b_m1_small,0.5610762165503576,0.000621591422389488,trial_position,0.04734431811687336,0.0001596881565004083,0.03596372004031278,0.0,m1
0.2500177116542685,0.0,zero,Q1,none,1,0.41642506302387283,0.0,session_iteration_b_m2_small,0.4126518463192016,0.0,query_quartile,0.274275307804921,0.0,0.2943648227929093,0.0,m2
0.2500177116542685,0.0,zero,Q2,none,1,0.424123957533263,0.0,session_iteration_b_m2_small,0.3502450224922977,0.0,query_quartile,0.2607218445328582,0.0,0.2530956259225901,0.0,m2
0.2500177116542685,0.0,zero,Q3,none,1,0.5750175023014018,0.0,session_iteration_b_m2_small,0.3594418523300049,0.0,query_quartile,0.21614037017087842,0.0,0.21270935872902333,0.0,m2
0.2499468650371945,0.0,zero,Q4,none,1,0.4114003276152692,0.0,session_iteration_b_m2_small,0.3456772412053335,0.0,query_quartile,0.24886247749134255,0.0,0.23983019255547727,0.0,m2
0.16436415161176055,0.0,zero,"[0,10)",none,1,0.4406351967888732,0.0,session_iteration_b_m2_small,0.47623992381419133,0.0,trial_position,0.10017992936064972,0.0,0.12216793955578938,0.0,m2
0.24654622741764082,0.0,zero,"[10,25)",none,1,0.46466119208563483,0.0,session_iteration_b_m2_small,0.36861467170636464,0.0,trial_position,0.8182194421494215,0.0,0.824531006353259,0.0,m2
0.41091037902940136,0.0,zero,"[25,50)",none,1,0.2884120158564336,0.0,session_iteration_b_m2_small,0.12460193892516813,0.0,trial_position,0.04934966111268417,0.0,0.03658386286855986,0.0,m2
0.1756996103436061,0.0,zero,"[50,128)",none,1,0.3379091562738571,0.0,session_iteration_b_m2_small,-0.2351065762670701,0.0,trial_position,0.031884724160983785,0.0,0.016525892796189084,0.0,m2
0.002479631597591215,0.0,zero,"[128,1000000000)",none,1,0.07725706567881513,0.0,session_iteration_b_m2_small,-0.2301280843085538,0.0,trial_position,0.00036624321626084835,0.0,0.00019129842620273287,0.0,m2
0.2500177116542685,0.0,ridge,Q1,none,1,0.3632383904656693,0.0,session_iteration_b_m2_small,0.39698392241729363,0.0,query_quartile,0.2871052978282665,0.0,0.2943648227929093,0.0,m2
0.2500177116542685,0.0,ridge,Q2,none,1,0.37291037673024363,0.0,session_iteration_b_m2_small,0.3888500027069195,0.0,query_quartile,0.2500327115717631,0.0,0.2530956259225901,0.0,m2
0.2500177116542685,0.0,ridge,Q3,none,1,0.4970017898253464,0.0,session_iteration_b_m2_small,0.39235970115008023,0.0,query_quartile,0.2090475642720577,0.0,0.21270935872902333,0.0,m2
0.2499468650371945,0.0,ridge,Q4,none,1,0.33383322095127077,0.0,session_iteration_b_m2_small,0.3454728029929597,0.0,query_quartile,0.2538144263279127,0.0,0.23983019255547727,0.0,m2
0.16436415161176055,0.0,ridge,"[0,10)",none,1,0.41911706687138156,0.0,session_iteration_b_m2_small,0.4693507404074301,0.0,trial_position,0.10348492860966838,0.0,0.12216793955578938,0.0,m2
0.24654622741764082,0.0,ridge,"[10,25)",none,1,0.39325695121831256,0.0,session_iteration_b_m2_small,0.3829118031318569,0.0,trial_position,0.8153494083624377,0.0,0.824531006353259,0.0,m2
0.41091037902940136,0.0,ridge,"[25,50)",none,1,0.24027168158090143,0.0,session_iteration_b_m2_small,0.1315248106558513,0.0,trial_position,0.04991800521756073,0.0,0.03658386286855986,0.0,m2
0.1756996103436061,0.0,ridge,"[50,128)",none,1,0.25645596882915356,0.0,session_iteration_b_m2_small,-0.1735277486719793,0.0,trial_position,0.03088821453505786,0.0,0.016525892796189084,0.0,m2
0.002479631597591215,0.0,ridge,"[128,1000000000)",none,1,0.0663930173316488,0.0,session_iteration_b_m2_small,-0.18410412943791932,0.0,trial_position,0.0003594432752753096,0.0,0.00019129842620273287,0.0,m2
0.2500177116542685,0.0,zero,Q1,io,3,0.603563924850044,0.020532073963179416,session_iteration_b_m2_small,0.41988109984805205,0.003020649806454331,query_quartile,0.26943749859345734,0.000656008873557778,0.2943648227929093,0.0,m2
0.2500177116542685,0.0,zero,Q2,io,3,0.663283778533274,0.0208719151220129,session_iteration_b_m2_small,0.3410877291270917,0.0051328084988651775,query_quartile,0.26296432742797976,0.00018788601889295186,0.2530956259225901,0.0,m2
0.2500177116542685,0.0,zero,Q3,io,3,0.8692769740969651,0.02525445344258835,session_iteration_b_m2_small,0.2998074341140115,0.005916140261761304,query_quartile,0.2349824782987313,0.0006395348350518235,0.21270935872902333,0.0,m2
0.24994686503719446,2.7755575615628914e-17,zero,Q4,io,3,0.5272058580267477,0.01912875164882202,session_iteration_b_m2_small,0.38506410294408533,0.0047725462711617145,query_quartile,0.23261569567983167,0.00030190925559060483,0.23983019255547725,2.7755575615628914e-17,m2
0.16436415161176055,0.0,zero,"[0,10)",io,3,0.7197314675997392,0.0426014684630335,session_iteration_b_m2_small,0.4766797497748881,0.008436184151242471,trial_position,0.09954783337474259,0.0009064050374093333,0.12216793955578938,0.0,m2
0.2465462274176408,2.7755575615628914e-17,zero,"[10,25)",io,3,0.669480503638161,0.01908575197419629,session_iteration_b_m2_small,0.36123556053030254,0.0038905827703230264,trial_position,0.8233089296053401,0.0010125444200941877,0.824531006353259,0.0,m2
0.41091037902940136,0.0,zero,"[25,50)",io,3,0.4176783085840421,0.004838946371268242,session_iteration_b_m2_small,0.1078706223882705,0.0029706791653632005,trial_position,0.050024153447637304,0.0004952244194211514,0.03658386286855986,0.0,m2
0.17569961034360607,2.7755575615628914e-17,zero,"[50,128)",io,3,0.3621177894233563,0.018298199324963703,session_iteration_b_m2_small,-0.04460501676572474,0.027008427131726517,trial_position,0.026817879146204926,0.0005285388712676072,0.016525892796189084,0.0,m2
0.002479631597591215,0.0,zero,"[128,1000000000)",io,3,0.07873471436812444,0.0007689459999382864,session_iteration_b_m2_small,-0.01726772989140653,0.019354486302576558,trial_position,0.0003012044260750945,3.6158441741620744e-06,0.00019129842620273287,0.0,m2
0.2500177116542685,0.0,ridge,Q1,io,3,0.5029505054790874,0.014296491602674231,session_iteration_b_m2_small,0.4381566155215208,0.0015095877867570804,query_quartile,0.27293838587185115,0.00035672259677487427,0.2943648227929093,0.0,m2
0.2500177116542685,0.0,ridge,Q2,io,3,0.5449107029328716,0.01454472112092236,session_iteration_b_m2_small,0.3732255555143223,0.0026981762610813627,query_quartile,0.26163427746608475,0.00021457395499892886,0.2530956259225901,0.0,m2
0.2500177116542685,0.0,ridge,Q3,io,3,0.7225755906757354,0.016661225678957545,session_iteration_b_m2_small,0.3507956775881116,0.0020373356431413157,query_quartile,0.22788553928480834,0.00041729813058647076,0.21270935872902333,0.0,m2
0.24994686503719446,2.7755575615628914e-17,ridge,Q4,io,3,0.43601345967347876,0.013538629620425818,session_iteration_b_m2_small,0.3996322697595264,0.002698769979869922,query_quartile,0.23754179737725578,0.0002591347157508739,0.23983019255547725,2.7755575615628914e-17,m2
0.16436415161176055,0.0,ridge,"[0,10)",io,3,0.5799462811105208,0.031981567251122674,session_iteration_b_m2_small,0.496242682128279,0.0044204143014538975,trial_position,0.10023512625440566,0.0005902305682888254,0.12216793955578938,0.0,m2
0.2465462274176408,2.7755575615628914e-17,ridge,"[10,25)",io,3,0.5573224201647832,0.01286288381112377,session_iteration_b_m2_small,0.39022585752925737,0.0019164166376881185,trial_position,0.8220567490176033,0.0007722432949449372,0.824531006353259,0.0,m2
0.41091037902940136,0.0,ridge,"[25,50)",io,3,0.34459612015230806,0.002283784805486158,session_iteration_b_m2_small,0.13780421398693435,0.003092323973310238,trial_position,0.0505652206614026,0.00035650254230211936,0.03658386286855986,0.0,m2
0.17569961034360607,2.7755575615628914e-17,ridge,"[50,128)",io,3,0.3021863304797163,0.013024458148013632,session_iteration_b_m2_small,0.0006343052361056367,0.018555900307790918,trial_position,0.02683755066605462,0.0004293266448264179,0.016525892796189084,0.0,m2
0.002479631597591215,0.0,ridge,"[128,1000000000)",io,3,0.06169415243041013,0.00017791583651876372,session_iteration_b_m2_small,0.014082901751718927,0.01260386432520251,trial_position,0.00030535340053394977,2.8776698454448263e-06,0.00019129842620273287,0.0,m2
0.2500177116542685,0.0,zero,Q1,lora,3,0.5540680533242863,0.06622056054400359,session_iteration_b_m2_small,0.4542701938425182,0.024972110906164708,query_quartile,0.2618121624510095,0.0076203347675893015,0.2943648227929093,0.0,m2
0.2500177116542685,0.0,zero,Q2,lora,3,0.6089633193783844,0.04453447930129372,session_iteration_b_m2_small,0.4100567559109078,0.012788897706668126,query_quartile,0.243290475289519,0.0010657180878241466,0.2530956259225901,0.0,m2
0.2500177116542685,0.0,zero,Q3,lora,3,0.8114118985669215,0.08380042109226161,session_iteration_b_m2_small,0.30459120520545463,0.01042111815477986,query_quartile,0.24130529660583855,0.0075186727269286255,0.21270935872902333,0.0,m2
0.24994686503719446,2.7755575615628914e-17,zero,Q4,lora,3,0.5036228510061989,0.07778660871857515,session_iteration_b_m2_small,0.35103614330489236,0.025165904652505032,query_quartile,0.253592065653633,0.005263562414057998,0.23983019255547725,2.7755575615628914e-17,m2
0.16436415161176055,0.0,zero,"[0,10)",lora,3,0.6577213330097208,0.07438291493160264,session_iteration_b_m2_small,0.4321456345934041,0.022815124580827798,trial_position,0.11172043316128692,0.005894282031639837,0.12216793955578938,0.0,m2
0.2465462274176408,2.7755575615628914e-17,zero,"[10,25)",lora,3,0.6104362475247284,0.0719827132786832,session_iteration_b_m2_small,0.3906514534728207,0.017026534203287435,trial_position,0.81145263134034,0.004293183405633418,0.824531006353259,0.0,m2
0.41091037902940136,0.0,zero,"[25,50)",lora,3,0.4083476576705845,0.03796524850156935,session_iteration_b_m2_small,0.12130864814763871,0.06129868618902441,trial_position,0.05086528795144485,0.002576270486228472,0.03658386286855986,0.0,m2
0.17569961034360607,2.7755575615628914e-17,zero,"[50,128)",lora,3,0.46652778814381973,0.021395554618818834,session_iteration_b_m2_small,0.03155105969360572,0.051142300320270714,trial_position,0.025731011486414327,0.0018601417721292289,0.016525892796189084,0.0,m2
0.002479631597591215,0.0,zero,"[128,1000000000)",lora,3,0.14629804107787053,0.044323282918951365,session_iteration_b_m2_small,0.25016726910030307,0.16134051640851343,trial_position,0.0002306360605140429,5.434987101966143e-05,0.00019129842620273287,0.0,m2
0.2500177116542685,0.0,ridge,Q1,lora,3,0.46843524892837185,0.04947073606132472,session_iteration_b_m2_small,0.4686011185286718,0.023423920625071926,query_quartile,0.2649368180942986,0.007023992152880278,0.2943648227929093,0.0,m2
0.2500177116542685,0.0,ridge,Q2,lora,3,0.5107200066558161,0.030598160875574067,session_iteration_b_m2_small,0.4314001934028651,0.012545916638161384,query_quartile,0.24368228151235258,0.0008785573849711499,0.2530956259225901,0.0,m2
0.2500177116542685,0.0,ridge,Q3,lora,3,0.6839617459844086,0.05966838699007744,session_iteration_b_m2_small,0.3480622935722681,0.008545766305212376,query_quartile,0.2350624100799836,0.006041168793543956,0.21270935872902333,0.0,m2
0.24994686503719446,2.7755575615628914e-17,ridge,Q4,lora,3,0.42677414029113336,0.0599920305283942,session_iteration_b_m2_small,0.3687440090815959,0.025725392285690842,query_quartile,0.2563184903133653,0.004909375407797169,0.23983019255547725,2.7755575615628914e-17,m2
0.16436415161176055,0.0,ridge,"[0,10)",lora,3,0.539566714348151,0.05381793759886854,session_iteration_b_m2_small,0.4464215546920549,0.012748190790165162,trial_position,0.11317602707263885,0.004500313193089053,0.12216793955578938,0.0,m2
0.2465462274176408,2.7755575615628914e-17,ridge,"[10,25)",lora,3,0.5178972270494397,0.05363651326030056,session_iteration_b_m2_small,0.4145486637421983,0.018004587967273902,trial_position,0.8101388135647619,0.004139288662630521,0.824531006353259,0.0,m2
0.41091037902940136,0.0,ridge,"[25,50)",lora,3,0.34285039451073746,0.040736250693714844,session_iteration_b_m2_small,0.15682583493183666,0.050144386564778896,trial_position,0.0507282515184617,0.0019257781494861179,0.03658386286855986,0.0,m2
0.17569961034360607,2.7755575615628914e-17,ridge,"[50,128)",lora,3,0.3864052621063365,0.011704126127537079,session_iteration_b_m2_small,0.0685102679769225,0.04123805977991761,trial_position,0.025721590835043977,0.0017330533187696383,0.016525892796189084,0.0,m2
0.002479631597591215,0.0,ridge,"[128,1000000000)",lora,3,0.11668927751572218,0.03619677576903498,session_iteration_b_m2_small,0.2637083582835503,0.13064546457749193,trial_position,0.00023531700909365928,4.733882690249144e-05,0.00019129842620273287,0.0,m2
0.2500177116542685,0.0,zero,Q1,affine_lora,3,0.673239225810479,0.02111317437862011,session_iteration_b_m2_small,0.4743757684276238,0.009234826223207605,query_quartile,0.25744177425941717,0.0069867234591523475,0.2943648227929093,0.0,m2
0.2500177116542685,0.0,zero,Q2,affine_lora,3,0.7351815351087145,0.03586044216641629,session_iteration_b_m2_small,0.41985654293135344,0.016677949072848426,query_quartile,0.24401996808427898,0.002592289946129692,0.2530956259225901,0.0,m2
0.2500177116542685,0.0,zero,Q3,affine_lora,3,0.9703910809605917,0.027021072099374037,session_iteration_b_m2_small,0.2825241747785556,0.01712008707876634,query_quartile,0.2538361726142433,0.00469258373963831,0.21270935872902333,0.0,m2
0.24994686503719446,2.7755575615628914e-17,zero,Q4,affine_lora,3,0.6694775061436742,0.035418437087739375,session_iteration_b_m2_small,0.3861575395337864,0.021343352161728706,query_quartile,0.24470208504206062,0.003952168664821832,0.23983019255547725,2.7755575615628914e-17,m2
0.16436415161176055,0.0,zero,"[0,10)",affine_lora,3,0.8597731916253109,0.05151893558227419,session_iteration_b_m2_small,0.42498487463540674,0.011715309042306232,trial_position,0.11530704809654568,0.00019809307905988387,0.12216793955578938,0.0,m2
0.2465462274176408,2.7755575615628914e-17,zero,"[10,25)",affine_lora,3,0.757883550913082,0.028459745620853908,session_iteration_b_m2_small,0.40734022153011495,0.013028487940417522,trial_position,0.8051857566532789,0.0026832049318715086,0.824531006353259,0.0,m2
0.41091037902940136,0.0,zero,"[25,50)",affine_lora,3,0.33931157682154073,0.01959387972003668,session_iteration_b_m2_small,0.1283230115812285,0.011787841211094224,trial_position,0.05154902764329713,0.001588703287785693,0.03658386286855986,0.0,m2
0.17569961034360607,2.7755575615628914e-17,zero,"[50,128)",affine_lora,3,0.48321734146521456,0.02174876952286161,session_iteration_b_m2_small,-0.02193830192409511,0.028939446973704687,trial_position,0.027682712463382112,0.0012689882950814948,0.016525892796189084,0.0,m2
0.002479631597591215,0.0,zero,"[128,1000000000)",affine_lora,3,0.1384711959072449,0.017567477535493366,session_iteration_b_m2_small,0.11879041315065324,0.07063110697790985,trial_position,0.0002754551434963183,2.565184854737569e-05,0.00019129842620273287,0.0,m2
0.2500177116542685,0.0,ridge,Q1,affine_lora,3,0.5702685046091448,0.03446975833794307,session_iteration_b_m2_small,0.49120241577323503,0.007955325593287977,query_quartile,0.2625482920864872,0.006557836183935275,0.2943648227929093,0.0,m2
0.2500177116542685,0.0,ridge,Q2,affine_lora,3,0.614412499278446,0.048386827150279,session_iteration_b_m2_small,0.4503063308261314,0.01707288883083445,query_quartile,0.24359190943810535,0.0030959903943296938,0.2530956259225901,0.0,m2
0.2500177116542685,0.0,ridge,Q3,affine_lora,3,0.8158094817048386,0.046777701243829926,session_iteration_b_m2_small,0.3400808365411108,0.01150697782386345,query_quartile,0.24600653173211698,0.003937759730759622,0.21270935872902333,0.0,m2
0.24994686503719446,2.7755575615628914e-17,ridge,Q4,affine_lora,3,0.5639964350738214,0.03742591407081046,session_iteration_b_m2_small,0.40987616292119394,0.02073641077374566,query_quartile,0.24785326674329045,0.004182918948200249,0.23983019255547725,2.7755575615628914e-17,m2
0.16436415161176055,0.0,ridge,"[0,10)",affine_lora,3,0.7001751836079707,0.05514226730780534,session_iteration_b_m2_small,0.4591658199217769,0.012702576447056548,trial_position,0.1142585921300988,0.0006381873210427158,0.12216793955578938,0.0,m2
0.2465462274176408,2.7755575615628914e-17,ridge,"[10,25)",affine_lora,3,0.6421628017059678,0.04271325075918738,session_iteration_b_m2_small,0.43712853138993074,0.011948259698011731,trial_position,0.8057077131417022,0.002302485934830663,0.824531006353259,0.0,m2
0.41091037902940136,0.0,ridge,"[25,50)",affine_lora,3,0.282096681633169,0.009380945784600142,session_iteration_b_m2_small,0.16403667562117694,0.014806514782997915,trial_position,0.05208790869562794,0.0017571650318766844,0.03658386286855986,0.0,m2
0.17569961034360607,2.7755575615628914e-17,ridge,"[50,128)",affine_lora,3,0.39868609240370234,0.017492508634686786,session_iteration_b_m2_small,0.03049529106142986,0.023712377899913224,trial_position,0.0276669501719789,0.0011411175515989812,0.016525892796189084,0.0,m2
0.002479631597591215,0.0,ridge,"[128,1000000000)",affine_lora,3,0.10434738870090406,0.013709172245556166,session_iteration_b_m2_small,0.15333475194336144,0.0680761353641627,trial_position,0.0002788358605921108,2.598789520245004e-05,0.00019129842620273287,0.0,m2
0.2500177116542685,0.0,zero,Q1,offset_original,3,0.7007593176764092,0.004127607906184656,session_iteration_b_m2_small,0.4506391304277935,0.0015929239136691998,query_quartile,0.2650511393794224,0.0010494985180008758,0.2943648227929093,0.0,m2
0.2500177116542685,0.0,zero,Q2,offset_original,3,0.8018794459750395,0.006543517927178051,session_iteration_b_m2_small,0.4740918314704825,0.003461712649806111,query_quartile,0.21802821712670728,0.0010603040627777092,0.2530956259225901,0.0,m2
0.2500177116542685,0.0,zero,Q3,offset_original,3,0.9856404777398214,0.007988363604633904,session_iteration_b_m2_small,0.2235408361474893,0.0005536288859179901,query_quartile,0.2706920292781317,0.0003449789512104399,0.21270935872902333,0.0,m2
0.24994686503719446,2.7755575615628914e-17,zero,Q4,offset_original,3,0.7230626165429377,0.008659076255306326,session_iteration_b_m2_small,0.3733958393328886,0.0016971366128644622,query_quartile,0.2462286142157387,0.0002197792184628572,0.23983019255547725,2.7755575615628914e-17,m2
0.16436415161176055,0.0,zero,"[0,10)",offset_original,3,0.9895507461405963,0.013771651816598509,session_iteration_b_m2_small,0.3478420168620682,0.005450703813566867,trial_position,0.12887882492037442,0.0011165671930043882,0.12216793955578938,0.0,m2
0.2465462274176408,2.7755575615628914e-17,zero,"[10,25)",offset_original,3,0.7924787884095155,0.004881702994861787,session_iteration_b_m2_small,0.4110631613530365,0.0006764563070887296,trial_position,0.7885390699617402,0.0007543488333773477,0.824531006353259,0.0,m2
0.41091037902940136,0.0,zero,"[25,50)",offset_original,3,0.39091573094052673,0.013486190779048267,session_iteration_b_m2_small,0.1217141768544302,0.009999188395974265,trial_position,0.05115483147054811,0.0005045190740790607,0.03658386286855986,0.0,m2
0.17569961034360607,2.7755575615628914e-17,zero,"[50,128)",offset_original,3,0.483213478076429,0.03183116538119616,session_iteration_b_m2_small,-0.16846026202061562,0.028784924383166342,trial_position,0.031164119678720043,0.000718784633018795,0.016525892796189084,0.0,m2
0.002479631597591215,0.0,zero,"[128,1000000000)",offset_original,3,0.11634864715538758,0.010967062621288074,session_iteration_b_m2_small,0.14450149261082565,0.009826887337366917,trial_position,0.0002631539686171075,2.5789988404771246e-06,0.00019129842620273287,0.0,m2
0.2500177116542685,0.0,ridge,Q1,offset_original,3,0.6332791965321064,0.0017917286566973259,session_iteration_b_m2_small,0.4673666418783591,0.0017239939073780005,query_quartile,0.2668644392520269,0.0008304702436131358,0.2943648227929093,0.0,m2
0.2500177116542685,0.0,ridge,Q2,offset_original,3,0.7205140379090079,0.0021522352752760283,session_iteration_b_m2_small,0.49500222720182946,0.002789423605103961,query_quartile,0.21741476725868114,0.001232507936408905,0.2530956259225901,0.0,m2
0.2500177116542685,0.0,ridge,Q3,offset_original,3,0.8936845676579418,0.0016222166756685759,session_iteration_b_m2_small,0.25960747474031104,0.0022796196939084408,query_quartile,0.26804652549169844,0.000697979155109247,0.21270935872902333,0.0,m2
0.24994686503719446,2.7755575615628914e-17,ridge,Q4,offset_original,3,0.6513072298245207,0.0042847640168602475,session_iteration_b_m2_small,0.39306495680041015,0.0007928668223076069,query_quartile,0.24767426799759365,0.0002608016432610521,0.23983019255547725,2.7755575615628914e-17,m2
0.16436415161176055,0.0,ridge,"[0,10)",offset_original,3,0.8799244134487032,0.00607641474418609,session_iteration_b_m2_small,0.3729722280539491,0.0058771510746466245,trial_position,0.12867875404278134,0.001215848656056437,0.12216793955578938,0.0,m2
0.2465462274176408,2.7755575615628914e-17,ridge,"[10,25)",offset_original,3,0.7173865074538671,0.000530952020926747,session_iteration_b_m2_small,0.4334910153002813,0.0008572369228298148,trial_position,0.7876859939339469,0.0005333742867871149,0.824531006353259,0.0,m2
0.41091037902940136,0.0,ridge,"[25,50)",offset_original,3,0.3509577612461823,0.011529135224339859,session_iteration_b_m2_small,0.13740849793507134,0.007608249620638261,trial_position,0.052174254544688624,0.00047432378271403006,0.03658386286855986,0.0,m2
0.17569961034360607,2.7755575615628914e-17,ridge,"[50,128)",offset_original,3,0.43423665686589286,0.02732625379822644,session_iteration_b_m2_small,-0.1261401635694027,0.02363012554618193,trial_position,0.031192055235320492,0.0006606116850694533,0.016525892796189084,0.0,m2
0.002479631597591215,0.0,ridge,"[128,1000000000)",offset_original,3,0.09954744012653492,0.00987897974155315,session_iteration_b_m2_small,0.1580852114506137,0.013893574625872413,trial_position,0.00026894224326275774,4.443784022590279e-06,0.00019129842620273287,0.0,m2
0.25000494159040143,0.0,zero,Q1,none,1,0.9643286220774635,0.0,session_iteration_b_m1_wide,0.7009023609080912,0.0,query_quartile,0.23791669685222275,0.0,0.245835786123224,0.0,m1
0.25000494159040143,0.0,zero,Q2,none,1,0.9208852849352412,0.0,session_iteration_b_m1_wide,0.657299313511695,0.0,query_quartile,0.2774265175093792,0.0,0.2501516857135609,0.0,m1
0.25000494159040143,0.0,zero,Q3,none,1,0.9191059428757042,0.0,session_iteration_b_m1_wide,0.6879788946514578,0.0,query_quartile,0.2534174783918739,0.0,0.2508980605037958,0.0,m1
0.24998517522879563,0.0,zero,Q4,none,1,0.9386498912097226,0.0,session_iteration_b_m1_wide,0.7173796666867294,0.0,query_quartile,0.2312393072465242,0.0,0.2531144676594194,0.0,m1
0.07511217410211303,0.0,zero,"[0,10)",none,1,0.38576445552796695,0.0,session_iteration_b_m1_wide,0.134514638449591,0.0,trial_position,0.013934132847293366,0.0,0.0236832442910817,0.0,m1
0.11266826115316954,0.0,zero,"[10,25)",none,1,0.37758892853036374,0.0,session_iteration_b_m1_wide,0.14802133652613803,0.0,trial_position,0.01933064824758634,0.0,0.036536049092856585,0.0,m1
0.18778043525528257,0.0,zero,"[25,50)",none,1,0.4248749615438641,0.0,session_iteration_b_m1_wide,0.18755391814754407,0.0,trial_position,0.03387970390426741,0.0,0.06181024434827429,0.0,m1
0.5796090213674369,0.0,zero,"[50,128)",none,1,0.9404149031287744,0.0,session_iteration_b_m1_wide,0.6500094988223772,0.0,trial_position,0.8861898361938344,0.0,0.8420067422274752,0.0,m1
0.04483010812199798,0.0,zero,"[128,1000000000)",none,1,0.5139797991577222,0.0,session_iteration_b_m1_wide,0.5262412695764946,0.0,trial_position,0.04666567880701822,0.0,0.03596372004031278,0.0,m1
0.25000494159040143,0.0,ridge,Q1,none,1,0.6977401164966279,0.0,session_iteration_b_m1_wide,0.7274629668674083,0.0,query_quartile,0.23104945155946752,0.0,0.245835786123224,0.0,m1
0.25000494159040143,0.0,ridge,Q2,none,1,0.6667079468562606,0.0,session_iteration_b_m1_wide,0.6827018532177349,0.0,query_quartile,0.2737587523546679,0.0,0.2501516857135609,0.0,m1
0.25000494159040143,0.0,ridge,Q3,none,1,0.6680368630415291,0.0,session_iteration_b_m1_wide,0.7048356411739432,0.0,query_quartile,0.25549593263984977,0.0,0.2508980605037958,0.0,m1
0.24998517522879563,0.0,ridge,Q4,none,1,0.7052001095765167,0.0,session_iteration_b_m1_wide,0.7251252784674432,0.0,query_quartile,0.23969586344601515,0.0,0.2531144676594194,0.0,m1
0.07511217410211303,0.0,ridge,"[0,10)",none,1,0.3282071359096787,0.0,session_iteration_b_m1_wide,0.054357805150222815,0.0,trial_position,0.016226114780007923,0.0,0.0236832442910817,0.0,m1
0.11266826115316954,0.0,ridge,"[10,25)",none,1,0.3253601933631078,0.0,session_iteration_b_m1_wide,0.047501417504133836,0.0,trial_position,0.023032947573155153,0.0,0.036536049092856585,0.0,m1
0.18778043525528257,0.0,ridge,"[25,50)",none,1,0.36899846136632714,0.0,session_iteration_b_m1_wide,0.07515267253757085,0.0,trial_position,0.04110385784347428,0.0,0.06181024434827429,0.0,m1
0.5796090213674369,0.0,ridge,"[50,128)",none,1,0.6783178356841733,0.0,session_iteration_b_m1_wide,0.6761592213788039,0.0,trial_position,0.873915663810233,0.0,0.8420067422274752,0.0,m1
0.04483010812199798,0.0,ridge,"[128,1000000000)",none,1,0.6747860033259948,0.0,session_iteration_b_m1_wide,0.5644762637358863,0.0,trial_position,0.045721415993130066,0.0,0.03596372004031278,0.0,m1
0.25000494159040143,0.0,zero,Q1,io,3,0.8457151104696448,0.001794076241576903,session_iteration_b_m1_wide,0.7471440056213434,0.00043063905679169767,query_quartile,0.22496364464446958,0.0007420790603334207,0.245835786123224,0.0,m1
0.25000494159040143,0.0,zero,Q2,io,3,0.8211565648240359,0.0009857547777051895,session_iteration_b_m1_wide,0.6935580055431031,0.0010634145673915976,query_quartile,0.27746280767860515,0.0004989844924139906,0.2501516857135609,0.0,m1
0.25000494159040143,0.0,zero,Q3,io,3,0.8062104926939456,7.497337709981095e-05,session_iteration_b_m1_wide,0.7238266404290004,0.0017480515442155975,query_quartile,0.2508716943354245,0.00040131800113151346,0.2508980605037958,0.0,m1
0.24998517522879563,0.0,zero,Q4,io,3,0.8500032701756449,0.0015310180812860739,session_iteration_b_m1_wide,0.7304112635846005,0.0022926282363227198,query_quartile,0.24670185334150105,0.000868543280195233,0.2531144676594194,0.0,m1
0.07511217410211303,0.0,zero,"[0,10)",io,3,0.4056903288527522,0.003267742112807173,session_iteration_b_m1_wide,-0.014506897407846867,0.03323051542938157,trial_position,0.018265674341530033,0.0005084419187239678,0.023683244291081696,3.469446951953614e-18,m1
0.11266826115316954,0.0,zero,"[10,25)",io,3,0.39254605689002936,0.0032926018499457575,session_iteration_b_m1_wide,-0.04380923129647396,0.0374970522775579,trial_position,0.026484534799381884,0.0008206812147446643,0.036536049092856585,0.0,m1
0.18778043525528257,0.0,zero,"[25,50)",io,3,0.4300773605196008,0.003461994392577045,session_iteration_b_m1_wide,-0.010865463589281902,0.03690296210021043,trial_position,0.047140109494635145,0.0014877615880629685,0.06181024434827429,0.0,m1
0.5796090213674369,0.0,zero,"[50,128)",io,3,0.8409655414219247,0.0010571311329264919,session_iteration_b_m1_wide,0.6953634783960186,0.0005844587482036648,trial_position,0.8627387254933806,0.002747657048787241,0.8420067422274752,0.0,m1
0.04483010812199798,0.0,zero,"[128,1000000000)",io,3,0.7730392159717837,0.0030639873556688913,session_iteration_b_m1_wide,0.5881743842276472,0.0016730990875795694,trial_position,0.04537095587107256,0.00015040536297576503,0.03596372004031278,0.0,m1
0.25000494159040143,0.0,ridge,Q1,io,3,0.7620519288955494,0.0014463833405131891,session_iteration_b_m1_wide,0.7465665793309365,0.00022604496291752068,query_quartile,0.22725065997367158,0.0002234856587912054,0.245835786123224,0.0,m1
0.25000494159040143,0.0,ridge,Q2,io,3,0.7351004500542154,0.0009060023167234515,session_iteration_b_m1_wide,0.700497505157232,0.00013939740162943867,query_quartile,0.27331453164450265,0.00011117591199662261,0.2501516857135609,0.0,m1
0.25000494159040143,0.0,ridge,Q3,io,3,0.7292128361829159,0.0014337545431721184,session_iteration_b_m1_wide,0.7200225935215375,0.0002950800829189078,query_quartile,0.25633313362322846,0.00018558739676323836,0.2508980605037958,0.0,m1
0.24998517522879563,0.0,ridge,Q4,io,3,0.7667803491446263,0.000829089542842157,session_iteration_b_m1_wide,0.7364273222632732,7.075493678029124e-05,query_quartile,0.24310167475859712,8.802131088297869e-05,0.2531144676594194,0.0,m1
0.07511217410211303,0.0,ridge,"[0,10)",io,3,0.3865735377731548,0.002123887046576365,session_iteration_b_m1_wide,0.06491382161299342,0.00174489147027271,trial_position,0.01697076080756318,3.487961982625809e-05,0.023683244291081696,3.469446951953614e-18,m1
0.11266826115316954,0.0,ridge,"[10,25)",io,3,0.37507542268827954,0.002219322224106142,session_iteration_b_m1_wide,0.048976578900620384,0.0014814392346581137,trial_position,0.02432418579475282,4.153313241826111e-05,0.036536049092856585,0.0,m1
0.18778043525528257,0.0,ridge,"[25,50)",io,3,0.4117402262829173,0.0028177218858922203,session_iteration_b_m1_wide,0.08458902549052331,0.001281283288022362,trial_position,0.04303189014877897,5.70611732581302e-05,0.06181024434827429,0.0,m1
0.5796090213674369,0.0,ridge,"[50,128)",io,3,0.754482707629188,0.0011301385283107286,session_iteration_b_m1_wide,0.6954703662576017,0.0001479368273467517,trial_position,0.8692192154656045,0.00017418380322139213,0.8420067422274752,0.0,m1
0.04483010812199798,0.0,ridge,"[128,1000000000)",io,3,0.7359789843732384,0.001520449630315617,session_iteration_b_m1_wide,0.5816374805973469,0.0005337280840618451,trial_position,0.04645394778330026,7.435063441797663e-05,0.03596372004031278,0.0,m1
0.25000494159040143,0.0,zero,Q1,lora,3,0.8384333835749609,0.0035301782371304543,session_iteration_b_m1_wide,0.7561403274643083,0.001020669745035661,query_quartile,0.22449232179551734,0.0006802800552974869,0.245835786123224,0.0,m1
0.25000494159040143,0.0,zero,Q2,lora,3,0.8190237287507318,0.006031257462082904,session_iteration_b_m1_wide,0.7073721803288174,0.00147496894962244,query_quartile,0.2741577494924063,0.0014497496686281957,0.2501516857135609,0.0,m1
0.25000494159040143,0.0,zero,Q3,lora,3,0.7936272300889815,0.001923903645970708,session_iteration_b_m1_wide,0.7303600994662401,0.0016019258376038048,query_quartile,0.25344508174709285,0.001001265170401508,0.2508980605037958,0.0,m1
0.24998517522879563,0.0,zero,Q4,lora,3,0.8369102423017676,0.006377714888316952,session_iteration_b_m1_wide,0.7381951637428061,0.0008816641805601995,query_quartile,0.24790484696498336,0.00022601421600615648,0.2531144676594194,0.0,m1
0.07511217410211303,0.0,zero,"[0,10)",lora,3,0.3780132295437039,0.005233663820795228,session_iteration_b_m1_wide,0.021225247267555664,0.00466813514409296,trial_position,0.018236874670180998,3.90183119431454e-05,0.023683244291081696,3.469446951953614e-18,m1
0.11266826115316954,0.0,zero,"[10,25)",lora,3,0.3622633820408465,0.006032646710386466,session_iteration_b_m1_wide,-0.002138343860782969,0.0052860557680456935,trial_position,0.026314317842296986,6.647461659481504e-05,0.036536049092856585,0.0,m1
0.18778043525528257,0.0,zero,"[25,50)",lora,3,0.3988252030355543,0.005108957881177323,session_iteration_b_m1_wide,0.027766604753028612,0.006187685368152133,trial_position,0.046920496469199935,0.00021150264623716515,0.06181024434827429,0.0,m1
0.5796090213674369,0.0,zero,"[50,128)",lora,3,0.8209033850535188,0.0047714431876422795,session_iteration_b_m1_wide,0.7056194920192501,0.000854703771369809,trial_position,0.8626390627921183,0.00020732962572879538,0.8420067422274752,0.0,m1
0.04483010812199798,0.0,zero,"[128,1000000000)",lora,3,0.7709075018390895,0.014958836853449797,session_iteration_b_m1_wide,0.5974518230769416,0.00017805741035657442,trial_position,0.04588924822620342,0.00011566055519461644,0.03596372004031278,0.0,m1
0.25000494159040143,0.0,ridge,Q1,lora,3,0.7473288968190294,0.0011916270995500282,session_iteration_b_m1_wide,0.7501450010170169,0.00016840547651718487,query_quartile,0.22718577742602686,0.00035748292692434707,0.245835786123224,0.0,m1
0.25000494159040143,0.0,ridge,Q2,lora,3,0.7284997984227827,0.004956658298201358,session_iteration_b_m1_wide,0.7071921519330718,0.0012995231374774898,query_quartile,0.27095368799247416,0.0009918820519763754,0.2501516857135609,0.0,m1
0.25000494159040143,0.0,ridge,Q3,lora,3,0.7101836735264381,0.0022924092994415905,session_iteration_b_m1_wide,0.7254017255917349,0.0004239418265634853,query_quartile,0.2549363392093333,0.0005849217450581932,0.2508980605037958,0.0,m1
0.24998517522879563,0.0,ridge,Q4,lora,3,0.7534992619402546,0.0047996699806155995,session_iteration_b_m1_wide,0.7359870993659786,0.0005162320349841285,query_quartile,0.24692419537216573,0.00031502687142895324,0.2531144676594194,0.0,m1
0.07511217410211303,0.0,ridge,"[0,10)",lora,3,0.3636862996752721,0.004206346482243193,session_iteration_b_m1_wide,0.06010997452571935,0.00400617559771002,trial_position,0.01729722743366699,5.8266775533245534e-05,0.023683244291081696,3.469446951953614e-18,m1
0.11266826115316954,0.0,ridge,"[10,25)",lora,3,0.35438872224216933,0.0038390624574511506,session_iteration_b_m1_wide,0.05521209609438371,0.002804834762861459,trial_position,0.024503729532627107,6.133593213459482e-05,0.036536049092856585,0.0,m1
0.18778043525528257,0.0,ridge,"[25,50)",lora,3,0.4032769359912423,0.0037937113950274252,session_iteration_b_m1_wide,0.07617291876269221,0.003206581408466572,trial_position,0.04403695717630967,0.0001754615611290566,0.06181024434827429,0.0,m1
0.5796090213674369,0.0,ridge,"[50,128)",lora,3,0.7350161958206135,0.0031448649929023166,session_iteration_b_m1_wide,0.7001871629587374,0.0003071168085102721,trial_position,0.867763246398399,0.00031047323008150134,0.8420067422274752,0.0,m1
0.04483010812199798,0.0,ridge,"[128,1000000000)",lora,3,0.7496816443851956,0.002430957255822914,session_iteration_b_m1_wide,0.5879146749577612,0.0014094073246021354,trial_position,0.046398839458997365,0.00011906523938870287,0.03596372004031278,0.0,m1
0.25000494159040143,0.0,zero,Q1,affine_lora,3,0.8401531962671992,0.003044709812840475,session_iteration_b_m1_wide,0.7563492056899573,0.0010346443175347929,query_quartile,0.22411511987570631,0.0006263884114214027,0.245835786123224,0.0,m1
0.25000494159040143,0.0,zero,Q2,affine_lora,3,0.8199073498737489,0.0059164542236850364,session_iteration_b_m1_wide,0.7070268039331703,0.0012730990138068439,query_quartile,0.27425595447074724,0.00140313296112772,0.2501516857135609,0.0,m1
0.25000494159040143,0.0,zero,Q3,affine_lora,3,0.7928050599200781,0.0016990535063049876,session_iteration_b_m1_wide,0.7299879746972445,0.001748861190928105,query_quartile,0.25358536142498433,0.0010841907909810119,0.2508980605037958,0.0,m1
0.24998517522879563,0.0,zero,Q4,affine_lora,3,0.8369513657916667,0.0064889013669049735,session_iteration_b_m1_wide,0.7378328375450288,0.0008988199245257718,query_quartile,0.24804356422856247,0.00031751352450102487,0.2531144676594194,0.0,m1
0.07511217410211303,0.0,zero,"[0,10)",affine_lora,3,0.3821285491579403,0.005405883314984095,session_iteration_b_m1_wide,0.023338978376629127,0.00372334019372908,trial_position,0.018182582767798286,3.991544455498218e-05,0.023683244291081696,3.469446951953614e-18,m1
0.11266826115316954,0.0,zero,"[10,25)",affine_lora,3,0.36562978525637907,0.006090280796268746,session_iteration_b_m1_wide,0.0007440435970433498,0.004042338399960756,trial_position,0.026217110812035066,3.190681126926956e-05,0.036536049092856585,0.0,m1
0.18778043525528257,0.0,zero,"[25,50)",affine_lora,3,0.40343523127501174,0.005190726489555776,session_iteration_b_m1_wide,0.028907093481314667,0.005235701643182952,trial_position,0.046826944051403786,0.00016443044487166484,0.06181024434827429,0.0,m1
0.5796090213674369,0.0,zero,"[50,128)",affine_lora,3,0.8209323635428577,0.004745351677536166,session_iteration_b_m1_wide,0.7052513135613032,0.0008867937814884564,trial_position,0.8630064456825441,0.0001562199644214127,0.8420067422274752,0.0,m1
0.04483010812199798,0.0,zero,"[128,1000000000)",affine_lora,3,0.7738242067543646,0.0134627759238836,session_iteration_b_m1_wide,0.5981942109109397,0.0002447607285724411,trial_position,0.04576691668621891,0.00012319349726714232,0.03596372004031278,0.0,m1
0.25000494159040143,0.0,ridge,Q1,affine_lora,3,0.7473234735613185,0.0012070830884102083,session_iteration_b_m1_wide,0.750567350425996,0.00024281648450145588,query_quartile,0.22678298200866953,0.00032270155858535245,0.245835786123224,0.0,m1
0.25000494159040143,0.0,ridge,Q2,affine_lora,3,0.7277535448036949,0.004935260607543446,session_iteration_b_m1_wide,0.7072401333627166,0.0011127091971619612,query_quartile,0.2708875673414713,0.0009517373059016807,0.2501516857135609,0.0,m1
0.25000494159040143,0.0,ridge,Q3,affine_lora,3,0.7081042037350987,0.002105910906702505,session_iteration_b_m1_wide,0.7250077686366102,0.0006044669133934803,query_quartile,0.25528090114316654,0.0006394554170093144,0.2508980605037958,0.0,m1
0.24998517522879563,0.0,ridge,Q4,affine_lora,3,0.7524335439974549,0.004723401979544445,session_iteration_b_m1_wide,0.7358325013084114,0.0004682425277761046,query_quartile,0.2470485495066926,0.0003183297485420358,0.2531144676594194,0.0,m1
0.07511217410211303,0.0,ridge,"[0,10)",affine_lora,3,0.36507073026858206,0.004527071378433837,session_iteration_b_m1_wide,0.06170114463997215,0.0035441772379319176,trial_position,0.01726654922118484,5.5626829136703325e-05,0.023683244291081696,3.469446951953614e-18,m1
0.11266826115316954,0.0,ridge,"[10,25)",affine_lora,3,0.35523189594877697,0.004000808772048276,session_iteration_b_m1_wide,0.056996076097371486,0.002333670237921677,trial_position,0.024455459987803962,5.1838304957709375e-05,0.036536049092856585,0.0,m1
0.18778043525528257,0.0,ridge,"[25,50)",affine_lora,3,0.4054864375394623,0.0039698333394051115,session_iteration_b_m1_wide,0.07582786948814994,0.0032201992306779685,trial_position,0.04404972832934026,0.00016242229956144985,0.06181024434827429,0.0,m1
0.5796090213674369,0.0,ridge,"[50,128)",affine_lora,3,0.7337465873757214,0.003150307114532734,session_iteration_b_m1_wide,0.7001144838056933,0.00015925197085215093,trial_position,0.8679025175677436,0.00026645637143035385,0.8420067422274752,0.0,m1
0.04483010812199798,0.0,ridge,"[128,1000000000)",affine_lora,3,0.7497877975772106,0.0023119783575849496,session_iteration_b_m1_wide,0.5885305519573732,0.00109123484870711,trial_position,0.046325744893926914,9.907328055156076e-05,0.03596372004031278,0.0,m1
0.25000494159040143,0.0,zero,Q1,offset_original,3,0.8080969459895414,0.007492723135943318,session_iteration_b_m1_wide,0.7438466516134835,0.0021570735071578186,query_quartile,0.21965059313680083,0.0004515706567876087,0.245835786123224,0.0,m1
0.25000494159040143,0.0,zero,Q2,offset_original,3,0.786481114026896,0.007073297124667331,session_iteration_b_m1_wide,0.682731082304281,0.003991409907922782,query_quartile,0.27686145030999015,0.0006794685282282903,0.2501516857135609,0.0,m1
0.25000494159040143,0.0,zero,Q3,offset_original,3,0.7494597498423192,0.007235133536289684,session_iteration_b_m1_wide,0.7062595135177258,0.0033627777746501196,query_quartile,0.25717179161394493,0.0003517421987440404,0.2508980605037958,0.0,m1
0.24998517522879563,0.0,zero,Q4,offset_original,3,0.7953723536643958,0.006308368251035568,session_iteration_b_m1_wide,0.7207387219153581,0.0021527386905028137,query_quartile,0.24631616493926403,0.0007435707040889973,0.2531144676594194,0.0,m1
0.07511217410211303,0.0,zero,"[0,10)",offset_original,3,0.39611208884395316,0.009142213898033998,session_iteration_b_m1_wide,0.008583684869755174,0.005551147106215017,trial_position,0.0172073767142495,0.00011896911643897542,0.023683244291081696,3.469446951953614e-18,m1
0.11266826115316954,0.0,zero,"[10,25)",offset_original,3,0.3837758093756407,0.009407972416388771,session_iteration_b_m1_wide,-0.004013667003685735,0.006330062858427209,trial_position,0.024557873586887376,0.00014184604510122996,0.036536049092856585,0.0,m1
0.18778043525528257,0.0,zero,"[25,50)",offset_original,3,0.4275100458961428,0.011221349954784219,session_iteration_b_m1_wide,0.03216529603688075,0.005192316669557002,trial_position,0.04350917429736856,0.0002286424472052894,0.06181024434827429,0.0,m1
0.5796090213674369,0.0,zero,"[50,128)",offset_original,3,0.7871995422274836,0.005202753569940207,session_iteration_b_m1_wide,0.6817651894269835,0.003212954387745108,trial_position,0.8686223383594492,0.00015209629373242364,0.8420067422274752,0.0,m1
0.04483010812199798,0.0,zero,"[128,1000000000)",offset_original,3,0.6042927931516271,0.009834987004612477,session_iteration_b_m1_wide,0.5657683260098211,0.008708523703466114,trial_position,0.04610323704204541,0.00045769646083391156,0.03596372004031278,0.0,m1
0.25000494159040143,0.0,ridge,Q1,offset_original,3,0.7383329851177871,0.0018189920034764656,session_iteration_b_m1_wide,0.7383496730657514,0.0016599186785028128,query_quartile,0.2226670701109135,0.00021677165208049994,0.245835786123224,0.0,m1
0.25000494159040143,0.0,ridge,Q2,offset_original,3,0.7157835183435942,0.0027933871303497957,session_iteration_b_m1_wide,0.6863773625572988,0.0027637221914871605,query_quartile,0.27161608971190543,0.00045419742359908,0.2501516857135609,0.0,m1
0.25000494159040143,0.0,ridge,Q3,offset_original,3,0.689713556846996,0.002192991350048918,session_iteration_b_m1_wide,0.7015174563967103,0.002195715788994556,query_quartile,0.2593529538067594,0.00017064261650166055,0.2508980605037958,0.0,m1
0.24998517522879563,0.0,ridge,Q4,offset_original,3,0.7402544120310214,0.0026326413204984956,session_iteration_b_m1_wide,0.7185539418797978,0.0017630733278348539,query_quartile,0.24636388637042161,0.00048767151006727895,0.2531144676594194,0.0,m1
0.07511217410211303,0.0,ridge,"[0,10)",offset_original,3,0.37911249479822734,0.004039932643671009,session_iteration_b_m1_wide,0.03312224485360497,0.002852599905891341,trial_position,0.016654934420982214,0.00016628256793743828,0.023683244291081696,3.469446951953614e-18,m1
0.11266826115316954,0.0,ridge,"[10,25)",offset_original,3,0.3717739035476928,0.004373188036855452,session_iteration_b_m1_wide,0.028317368230704815,0.002839319533598194,trial_position,0.023588075667075315,0.0002311110624043436,0.036536049092856585,0.0,m1
0.18778043525528257,0.0,ridge,"[25,50)",offset_original,3,0.42592406255302545,0.005390903532960066,session_iteration_b_m1_wide,0.04976985508775289,0.004175955007984004,trial_position,0.04239602343538853,0.00044623990944021126,0.06181024434827429,0.0,m1
0.5796090213674369,0.0,ridge,"[50,128)",offset_original,3,0.7219986300870683,0.00127010444402604,session_iteration_b_m1_wide,0.6780369399399501,0.0025968146890435868,trial_position,0.8721555213171768,0.0007806261010707723,0.8420067422274752,0.0,m1
0.04483010812199798,0.0,ridge,"[128,1000000000)",offset_original,3,0.7190823618516841,0.004723766758686338,session_iteration_b_m1_wide,0.5710225371682147,0.003660989280240773,trial_position,0.04520544515937722,6.049592439662827e-05,0.03596372004031278,0.0,m1
0.2500177116542685,0.0,zero,Q1,none,1,0.3462872761727116,0.0,session_iteration_b_m2_wide,0.44154013383975377,0.0,query_quartile,0.2918481291951796,0.0,0.2943648227929093,0.0,m2
0.2500177116542685,0.0,zero,Q2,none,1,0.3602319385395026,0.0,session_iteration_b_m2_wide,0.4394137000233882,0.0,query_quartile,0.25173530458621507,0.0,0.2530956259225901,0.0,m2
0.2500177116542685,0.0,zero,Q3,none,1,0.4788340044391613,0.0,session_iteration_b_m2_wide,0.4565782578139189,0.0,query_quartile,0.2052051161528116,0.0,0.21270935872902333,0.0,m2
0.2499468650371945,0.0,zero,Q4,none,1,0.34451216705557247,0.0,session_iteration_b_m2_wide,0.4098013745044088,0.0,query_quartile,0.25121145006579376,0.0,0.23983019255547727,0.0,m2
0.16436415161176055,0.0,zero,"[0,10)",none,1,0.34713455181231817,0.0,session_iteration_b_m2_wide,0.5114245306892519,0.0,trial_position,0.10458125050972837,0.0,0.12216793955578938,0.0,m2
0.24654622741764082,0.0,zero,"[10,25)",none,1,0.3909186014816369,0.0,session_iteration_b_m2_wide,0.44097766970926533,0.0,trial_position,0.8107338530222278,0.0,0.824531006353259,0.0,m2
0.41091037902940136,0.0,zero,"[25,50)",none,1,0.29739191672950704,0.0,session_iteration_b_m2_wide,0.1422324709397348,0.0,trial_position,0.05411554528167585,0.0,0.03658386286855986,0.0,m2
0.1756996103436061,0.0,zero,"[50,128)",none,1,0.2294477476913704,0.0,session_iteration_b_m2_wide,-0.04474722215330562,0.0,trial_position,0.03018306213717876,0.0,0.016525892796189084,0.0,m2
0.002479631597591215,0.0,zero,"[128,1000000000)",none,1,0.08679248067067072,0.0,session_iteration_b_m2_wide,-0.15936263257094274,0.0,trial_position,0.000386289049189215,0.0,0.00019129842620273287,0.0,m2
0.2500177116542685,0.0,ridge,Q1,none,1,0.46083014951582146,0.0,session_iteration_b_m2_wide,0.44843897648225817,0.0,query_quartile,0.2940621082227696,0.0,0.2943648227929093,0.0,m2
0.2500177116542685,0.0,ridge,Q2,none,1,0.47591428420298054,0.0,session_iteration_b_m2_wide,0.46542191040651926,0.0,query_quartile,0.24490257637035381,0.0,0.2530956259225901,0.0,m2
0.2500177116542685,0.0,ridge,Q3,none,1,0.6371840562287088,0.0,session_iteration_b_m2_wide,0.46464019788738886,0.0,query_quartile,0.20624217711018036,0.0,0.21270935872902333,0.0,m2
0.2499468650371945,0.0,ridge,Q4,none,1,0.451903646937814,0.0,session_iteration_b_m2_wide,0.4132326506008662,0.0,query_quartile,0.2547931382966962,0.0,0.23983019255547727,0.0,m2
0.16436415161176055,0.0,ridge,"[0,10)",none,1,0.4557757371593504,0.0,session_iteration_b_m2_wide,0.5274712056224587,0.0,trial_position,0.10318842949311963,0.0,0.12216793955578938,0.0,m2
0.24654622741764082,0.0,ridge,"[10,25)",none,1,0.5181716040149403,0.0,session_iteration_b_m2_wide,0.454915557171247,0.0,trial_position,0.8064797933839175,0.0,0.824531006353259,0.0,m2
0.41091037902940136,0.0,ridge,"[25,50)",none,1,0.3949171305734325,0.0,session_iteration_b_m2_wide,0.09971941048988564,0.0,trial_position,0.05794432064133912,0.0,0.03658386286855986,0.0,m2
0.1756996103436061,0.0,ridge,"[50,128)",none,1,0.3025820417165653,0.0,session_iteration_b_m2_wide,-0.08535292843943876,0.0,trial_position,0.03198921677360087,0.0,0.016525892796189084,0.0,m2
0.002479631597591215,0.0,ridge,"[128,1000000000)",none,1,0.10873411246723243,0.0,session_iteration_b_m2_wide,-0.17157719894692436,0.0,trial_position,0.0003982397080229174,0.0,0.00019129842620273287,0.0,m2
0.2500177116542685,0.0,zero,Q1,io,3,0.5984775599334332,0.0004357254715945483,session_iteration_b_m2_wide,0.47818450323478134,0.0026153089212786035,query_quartile,0.2845387340692721,0.0002997784512490029,0.2943648227929093,0.0,m2
0.2500177116542685,0.0,zero,Q2,io,3,0.6433402731206618,0.0005587133427777923,session_iteration_b_m2_wide,0.4598276681114893,0.00228940499262933,query_quartile,0.25310159730623494,0.00018215552529084167,0.2530956259225901,0.0,m2
0.2500177116542685,0.0,zero,Q3,io,3,0.8088126783802633,0.0013729221791424547,session_iteration_b_m2_wide,0.40110822226534326,0.002203360489298256,query_quartile,0.2359727356098779,0.00037929177024760086,0.21270935872902333,0.0,m2
0.24994686503719446,2.7755575615628914e-17,zero,Q4,io,3,0.5984835680229408,0.0019831304862803294,session_iteration_b_m2_wide,0.49026179417519816,0.0015841604827647898,query_quartile,0.22638693301461502,0.0002844631966696254,0.23983019255547725,2.7755575615628914e-17,m2
0.16436415161176055,0.0,zero,"[0,10)",io,3,0.7116518264490149,0.005823855347590607,session_iteration_b_m2_wide,0.5375773822060925,0.0008885883310784584,trial_position,0.10328338870519915,0.0005132704432155947,0.12216793955578938,0.0,m2
0.2465462274176408,2.7755575615628914e-17,zero,"[10,25)",io,3,0.6643569893462254,0.0008974979877669903,session_iteration_b_m2_wide,0.46846299484737014,0.0021871784278507216,trial_position,0.8043474463738357,0.0002483036261904059,0.824531006353259,0.0,m2
0.41091037902940136,0.0,zero,"[25,50)",io,3,0.49285032645144583,0.00557552376783723,session_iteration_b_m2_wide,0.09279156079191597,0.005549334640969299,trial_position,0.05971963766787746,0.0001326077590930056,0.03658386286855986,0.0,m2
0.17569961034360607,2.7755575615628914e-17,zero,"[50,128)",io,3,0.4033004544386393,0.004505633448401754,session_iteration_b_m2_wide,-0.06783180075537192,0.011997391930063023,trial_position,0.03218872125526975,0.0002341594591890367,0.016525892796189084,0.0,m2
0.002479631597591215,0.0,zero,"[128,1000000000)",io,3,0.3082436658796686,0.0030927259648641566,session_iteration_b_m2_wide,-0.32542188350546825,0.006529009850453674,trial_position,0.0004608059978180031,3.355334629627031e-06,0.00019129842620273287,0.0,m2
0.2500177116542685,0.0,ridge,Q1,io,3,0.5585177067190287,0.002874981120358602,session_iteration_b_m2_wide,0.4875713256247394,0.001625955949389464,query_quartile,0.2865251072239185,0.00042752323166294075,0.2943648227929093,0.0,m2
0.2500177116542685,0.0,ridge,Q2,io,3,0.5930793501869094,0.0026523683820217398,session_iteration_b_m2_wide,0.47162641704176694,0.0009178906968219906,query_quartile,0.253868146109757,0.0001777045146190864,0.2530956259225901,0.0,m2
0.2500177116542685,0.0,ridge,Q3,io,3,0.7521841014780494,0.00405654284658682,session_iteration_b_m2_wide,0.4241519415963328,0.0008531876676589749,query_quartile,0.23266168921897834,0.0002530350630637941,0.21270935872902333,0.0,m2
0.24994686503719446,2.7755575615628914e-17,ridge,Q4,io,3,0.5522027512330413,0.0015431086733212896,session_iteration_b_m2_wide,0.5016743977270427,0.0002938595105801584,query_quartile,0.22694505744734617,0.0002885849083927468,0.23983019255547725,2.7755575615628914e-17,m2
0.16436415161176055,0.0,ridge,"[0,10)",io,3,0.6442004005816035,0.007178375585604289,session_iteration_b_m2_wide,0.5445933098271739,0.0012169502585464291,trial_position,0.10430081697132139,0.0002889626203466194,0.12216793955578938,0.0,m2
0.2465462274176408,2.7755575615628914e-17,ridge,"[10,25)",io,3,0.6189757975958864,0.002427799654762231,session_iteration_b_m2_wide,0.4820328062151685,0.0009037987691426947,trial_position,0.8037422101542836,0.0002192960582099623,0.824531006353259,0.0,m2
0.41091037902940136,0.0,ridge,"[25,50)",io,3,0.44731946746789647,0.004226651295781411,session_iteration_b_m2_wide,0.11861274645897187,0.0007286389470256401,trial_position,0.059495653248710666,5.215548465179662e-05,0.03658386286855986,0.0,m2
0.17569961034360607,2.7755575615628914e-17,ridge,"[50,128)",io,3,0.37148635163230076,0.004483990663102954,session_iteration_b_m2_wide,-0.03607732149633843,0.006153309799016443,trial_position,0.03202629118099145,0.00013838462579054278,0.016525892796189084,0.0,m2
0.002479631597591215,0.0,ridge,"[128,1000000000)",io,3,0.2801512181785873,0.0023167141195180236,session_iteration_b_m2_wide,-0.2202431861442955,0.019318020736737978,trial_position,0.00043502844469280586,7.613485091868483e-06,0.00019129842620273287,0.0,m2
0.2500177116542685,0.0,zero,Q1,lora,3,0.4349024408021373,0.022239196872309228,session_iteration_b_m2_wide,0.48394372871547064,0.023580595750977828,query_quartile,0.29562406327881047,0.007391230390753361,0.2943648227929093,0.0,m2
0.2500177116542685,0.0,zero,Q2,lora,3,0.4936810276553653,0.02909526820848,session_iteration_b_m2_wide,0.5104745596339691,0.0018346259731659023,query_quartile,0.2412071746190111,0.005749682757663838,0.2530956259225901,0.0,m2
0.2500177116542685,0.0,zero,Q3,lora,3,0.5695446277350618,0.016379765083140582,session_iteration_b_m2_wide,0.4685202686057637,0.004410314557334394,query_quartile,0.22022389020050182,0.005783349289224012,0.21270935872902333,0.0,m2
0.24994686503719446,2.7755575615628914e-17,zero,Q4,lora,3,0.4004325255211465,0.013001983656002813,session_iteration_b_m2_wide,0.4793894435554058,0.019326798609555832,query_quartile,0.24294487190167666,0.003987802625708052,0.23983019255547725,2.7755575615628914e-17,m2
0.16436415161176055,0.0,zero,"[0,10)",lora,3,0.46479121741882673,0.026477928705490084,session_iteration_b_m2_wide,0.5488764508410815,0.009284587595924649,trial_position,0.10592824450344569,0.0022189285662952657,0.12216793955578938,0.0,m2
0.2465462274176408,2.7755575615628914e-17,zero,"[10,25)",lora,3,0.4763869742598563,0.01920105888400189,session_iteration_b_m2_wide,0.4944487253395637,0.011145816069580412,trial_position,0.8040852524884995,0.001371443529306463,0.824531006353259,0.0,m2
0.41091037902940136,0.0,zero,"[25,50)",lora,3,0.42726999924667286,0.015086147561884866,session_iteration_b_m2_wide,0.18030992674008003,0.015414298557085206,trial_position,0.056725377438137874,0.0009473490088600733,0.03658386286855986,0.0,m2
0.17569961034360607,2.7755575615628914e-17,zero,"[50,128)",lora,3,0.3999927427768002,0.01585216944307401,session_iteration_b_m2_wide,-0.03495688836754396,0.036469256120614836,trial_position,0.03278337821262516,0.0005133787021475738,0.016525892796189084,0.0,m2
0.002479631597591215,0.0,zero,"[128,1000000000)",lora,3,0.1930050742110938,0.041713803634619066,session_iteration_b_m2_wide,-0.30994143770756083,0.16537614893316382,trial_position,0.00047774735729181397,5.0745969969269844e-05,0.00019129842620273287,0.0,m2
0.2500177116542685,0.0,ridge,Q1,lora,3,0.40499209350038984,0.021314580501314746,session_iteration_b_m2_wide,0.48869470915651725,0.02179974360567281,query_quartile,0.29639879822012877,0.00759602385044336,0.2943648227929093,0.0,m2
0.2500177116542685,0.0,ridge,Q2,lora,3,0.45518279989778976,0.026807258095332173,session_iteration_b_m2_wide,0.5156558910464931,0.003783934085849563,query_quartile,0.24146590152620115,0.005946403485306548,0.2530956259225901,0.0,m2
0.2500177116542685,0.0,ridge,Q3,lora,3,0.5300068998637677,0.014524760446603169,session_iteration_b_m2_wide,0.47937930060098166,0.005705904534754017,query_quartile,0.2182641181272782,0.005828560271450213,0.21270935872902333,0.0,m2
0.24994686503719446,2.7755575615628914e-17,ridge,Q4,lora,3,0.36852287670177647,0.010413546882921799,session_iteration_b_m2_wide,0.4835538442378871,0.01753645880534845,query_quartile,0.24387118212639192,0.0041224346415053405,0.23983019255547725,2.7755575615628914e-17,m2
0.16436415161176055,0.0,ridge,"[0,10)",lora,3,0.42023236697685523,0.022873093092359718,session_iteration_b_m2_wide,0.5450857056976823,0.01010346029061741,trial_position,0.10806300007359321,0.0016883893803830176,0.12216793955578938,0.0,m2
0.2465462274176408,2.7755575615628914e-17,ridge,"[10,25)",lora,3,0.4436801008860298,0.01742480017647869,session_iteration_b_m2_wide,0.5012669888085145,0.008608317047956358,trial_position,0.8026643357207085,0.0006830299600070479,0.824531006353259,0.0,m2
0.41091037902940136,0.0,ridge,"[25,50)",lora,3,0.38704257233465017,0.016811822402517662,session_iteration_b_m2_wide,0.1961730517676874,0.012005389546848511,trial_position,0.05628779937683792,0.000993433543276096,0.03658386286855986,0.0,m2
0.17569961034360607,2.7755575615628914e-17,ridge,"[50,128)",lora,3,0.36038428686353324,0.0154211373647555,session_iteration_b_m2_wide,-0.014737938702630626,0.034196512772684394,trial_position,0.03252428853651354,0.0005603608183648224,0.016525892796189084,0.0,m2
0.002479631597591215,0.0,ridge,"[128,1000000000)",lora,3,0.17325573033972777,0.0415702732265334,session_iteration_b_m2_wide,-0.24749009939682573,0.1394706294082805,trial_position,0.0004605762923469159,4.372734473232697e-05,0.00019129842620273287,0.0,m2
0.2500177116542685,0.0,zero,Q1,affine_lora,3,0.4985868329958419,0.059224860213925555,session_iteration_b_m2_wide,0.4819279686169164,0.01201982887161704,query_quartile,0.29174043656932014,0.005446341456793633,0.2943648227929093,0.0,m2
0.2500177116542685,0.0,zero,Q2,affine_lora,3,0.5573454574934005,0.05674353244546304,session_iteration_b_m2_wide,0.4931268606489431,0.007907490195792488,query_quartile,0.2453180729813281,0.005226969403764988,0.2530956259225901,0.0,m2
0.2500177116542685,0.0,zero,Q3,affine_lora,3,0.6640991212505328,0.07759035184751259,session_iteration_b_m2_wide,0.4454155991275674,0.0062486127935340195,query_quartile,0.22571229697835885,0.004354168513674003,0.21270935872902333,0.0,m2
0.24994686503719446,2.7755575615628914e-17,zero,Q4,affine_lora,3,0.471658012171398,0.05533424661732665,session_iteration_b_m2_wide,0.48267144315990035,0.018225017066750927,query_quartile,0.237229193470993,0.006165306758120068,0.23983019255547725,2.7755575615628914e-17,m2
0.16436415161176055,0.0,zero,"[0,10)",affine_lora,3,0.579779500159236,0.10277993528083111,session_iteration_b_m2_wide,0.5347879611337492,0.011501898362150115,trial_position,0.10729450930147089,0.0016927277450616309,0.12216793955578938,0.0,m2
0.2465462274176408,2.7755575615628914e-17,zero,"[10,25)",affine_lora,3,0.5481131222040293,0.060395854737841356,session_iteration_b_m2_wide,0.4860999232234418,0.005288526983333228,trial_position,0.8031371525549394,0.0017948039988556618,0.824531006353259,0.0,m2
0.41091037902940136,0.0,zero,"[25,50)",affine_lora,3,0.37414247671810896,0.02220616709348628,session_iteration_b_m2_wide,0.17874961086543453,0.014219031828309917,trial_position,0.05584694779505094,0.0014834945572294595,0.03658386286855986,0.0,m2
0.17569961034360607,2.7755575615628914e-17,zero,"[50,128)",affine_lora,3,0.41732007846997893,0.04397766130978925,session_iteration_b_m2_wide,-0.07171449013310371,0.04740942005425297,trial_position,0.033372803586723156,0.0015974416573766425,0.016525892796189084,0.0,m2
0.002479631597591215,0.0,zero,"[128,1000000000)",affine_lora,3,0.2613142234025876,0.14375896517516884,session_iteration_b_m2_wide,0.028588036581374914,0.14369084579511435,trial_position,0.00034858676181564,4.9814217542079065e-05,0.00019129842620273287,0.0,m2
0.2500177116542685,0.0,ridge,Q1,affine_lora,3,0.4684085396505633,0.05156069920811509,session_iteration_b_m2_wide,0.48959199490395644,0.013598158487992049,query_quartile,0.29268952056607395,0.005153116121860655,0.2943648227929093,0.0,m2
0.2500177116542685,0.0,ridge,Q2,affine_lora,3,0.5184249493352823,0.0442681549235316,session_iteration_b_m2_wide,0.5013957759500415,0.006129469846173941,query_quartile,0.2457774910913181,0.005402772975834439,0.2530956259225901,0.0,m2
0.2500177116542685,0.0,ridge,Q3,affine_lora,3,0.6243173529962649,0.06938638001487815,session_iteration_b_m2_wide,0.4600859089846474,0.002624060353139851,query_quartile,0.22378695415035588,0.0034261666041516875,0.21270935872902333,0.0,m2
0.24994686503719446,2.7755575615628914e-17,ridge,Q4,affine_lora,3,0.4392161922051816,0.04675002020479144,session_iteration_b_m2_wide,0.49082049279593604,0.02047638180324785,query_quartile,0.23774603419225204,0.006023040617787478,0.23983019255547725,2.7755575615628914e-17,m2
0.16436415161176055,0.0,ridge,"[0,10)",affine_lora,3,0.5287328058757438,0.08910787364567316,session_iteration_b_m2_wide,0.5352950084108365,0.013399284532043663,trial_position,0.1091377151611951,0.0015265347687263668,0.12216793955578938,0.0,m2
0.2465462274176408,2.7755575615628914e-17,ridge,"[10,25)",affine_lora,3,0.5156757207244952,0.05111997505305142,session_iteration_b_m2_wide,0.4965245195615215,0.008114258233758498,trial_position,0.8012822628722924,0.0016531202156823454,0.824531006353259,0.0,m2
0.41091037902940136,0.0,ridge,"[25,50)",affine_lora,3,0.3424318724189357,0.02318103209299674,session_iteration_b_m2_wide,0.1927343652568038,0.011875793197841277,trial_position,0.05591416539412136,0.0016365889658634222,0.03658386286855986,0.0,m2
0.17569961034360607,2.7755575615628914e-17,ridge,"[50,128)",affine_lora,3,0.3817822217253401,0.044407419265269976,session_iteration_b_m2_wide,-0.05095247581842336,0.04928371228415577,trial_position,0.03333028494670776,0.0016918920990671169,0.016525892796189084,0.0,m2
0.002479631597591215,0.0,ridge,"[128,1000000000)",affine_lora,3,0.24525159670679272,0.14373466569705337,session_iteration_b_m2_wide,0.08133065428443391,0.1499886817405459,trial_position,0.00033557162568354616,5.197702710790846e-05,0.00019129842620273287,0.0,m2
0.2500177116542685,0.0,zero,Q1,offset_original,3,0.5309591728980573,0.004722928558202665,session_iteration_b_m2_wide,0.4929500476759099,0.00024213373719096242,query_quartile,0.2933446646599021,0.0011138752890990724,0.2943648227929093,0.0,m2
0.2500177116542685,0.0,zero,Q2,offset_original,3,0.6009110579221599,0.0031182891904977137,session_iteration_b_m2_wide,0.5187280690242927,0.004641884873906944,query_quartile,0.2392429806644203,0.0014302856158065807,0.2530956259225901,0.0,m2
0.2500177116542685,0.0,zero,Q3,offset_original,3,0.7157317159664555,0.007572957351549654,session_iteration_b_m2_wide,0.4578889579135734,0.001990951264204433,query_quartile,0.22661895228292292,0.0002674780088789819,0.21270935872902333,0.0,m2
0.24994686503719446,2.7755575615628914e-17,zero,Q4,offset_original,3,0.5465791207320748,0.006984811537396086,session_iteration_b_m2_wide,0.4889691124011108,0.00302595841246407,query_quartile,0.24079340239275474,0.0010843129394108718,0.23983019255547725,2.7755575615628914e-17,m2
0.16436415161176055,0.0,zero,"[0,10)",offset_original,3,0.6876319955109071,0.0035223012871654857,session_iteration_b_m2_wide,0.5207290175348639,0.0019039280804402322,trial_position,0.11356948822674647,0.00037497460963782506,0.12216793955578938,0.0,m2
0.2465462274176408,2.7755575615628914e-17,zero,"[10,25)",offset_original,3,0.5930299068322279,0.00584947025048199,session_iteration_b_m2_wide,0.5057136484917284,0.0020221925043238625,trial_position,0.7935669691090169,0.00026196297845144007,0.824531006353259,0.0,m2
0.41091037902940136,0.0,zero,"[25,50)",offset_original,3,0.4052395804920886,0.007059888602357036,session_iteration_b_m2_wide,0.14719372164017486,0.0009061103445076075,trial_position,0.059561742904869173,0.00029698997606717836,0.03658386286855986,0.0,m2
0.17569961034360607,2.7755575615628914e-17,zero,"[50,128)",offset_original,3,0.5016346255735438,0.011637061334710652,session_iteration_b_m2_wide,-0.031058730750524788,0.015854569330278442,trial_position,0.03297402931236366,0.0003773851195317276,0.016525892796189084,0.0,m2
0.002479631597591215,0.0,zero,"[128,1000000000)",offset_original,3,0.7951977022331554,0.03442489359517271,session_iteration_b_m2_wide,0.1113705196814118,0.003772025094811949,trial_position,0.000327770447003701,4.779358847807636e-07,0.00019129842620273287,0.0,m2
0.2500177116542685,0.0,ridge,Q1,offset_original,3,0.5553427085751262,0.004868359225164235,session_iteration_b_m2_wide,0.4963783835345141,0.0007401013036088828,query_quartile,0.29331821708635947,0.0010820351648943068,0.2943648227929093,0.0,m2
0.2500177116542685,0.0,ridge,Q2,offset_original,3,0.6216595440166572,0.0007228148830628857,session_iteration_b_m2_wide,0.5213683554991181,0.0038110308126693567,query_quartile,0.2395310224084337,0.0011736439099064337,0.2530956259225901,0.0,m2
0.2500177116542685,0.0,ridge,Q3,offset_original,3,0.7496189856171345,0.005794716070244779,session_iteration_b_m2_wide,0.46103357334801887,0.0012689825247148416,query_quartile,0.2268188208011196,0.00019364253680781212,0.21270935872902333,0.0,m2
0.24994686503719446,2.7755575615628914e-17,ridge,Q4,offset_original,3,0.5637371056309074,0.0037038791533374033,session_iteration_b_m2_wide,0.4933526196138773,0.0025585566969124752,query_quartile,0.24033193970408714,0.0008564032511488243,0.23983019255547725,2.7755575615628914e-17,m2
0.16436415161176055,0.0,ridge,"[0,10)",offset_original,3,0.6917742446596882,0.007479557026295111,session_iteration_b_m2_wide,0.5283163775819667,0.0022972036524072084,trial_position,0.11252328378282135,0.000653065237527151,0.12216793955578938,0.0,m2
0.2465462274176408,2.7755575615628914e-17,ridge,"[10,25)",offset_original,3,0.6209184214182244,0.0030874772155837452,session_iteration_b_m2_wide,0.5090801554162931,0.001752276230675335,trial_position,0.7934587167593153,0.0005728670579900721,0.824531006353259,0.0,m2
0.41091037902940136,0.0,ridge,"[25,50)",offset_original,3,0.4093055911644687,0.00687098483465184,session_iteration_b_m2_wide,0.14351559590395924,0.0010591977425057103,trial_position,0.0602202877845329,0.0002590868001239563,0.03658386286855986,0.0,m2
0.17569961034360607,2.7755575615628914e-17,ridge,"[50,128)",offset_original,3,0.5269518707596964,0.011243395793262879,session_iteration_b_m2_wide,-0.03893936502338158,0.014778152976482948,trial_position,0.03344968035281109,0.0003688911620666722,0.016525892796189084,0.0,m2
0.002479631597591215,0.0,ridge,"[128,1000000000)",offset_original,3,0.8540492976445021,0.03295016458632186,session_iteration_b_m2_wide,0.06273342207404164,0.005639939794538483,trial_position,0.00034803132051909776,1.2357021357363373e-06,0.00019129842620273287,0.0,m2
